id,sales
3000888,5.5
3000889,0.0
3000890,3.0
3000891,2340.0
3000892,0.0
3000893,405.30450439453125
3000894,12.0
3000895,793.5
3000896,785.0
3000897,143.00650024414062
3000898,147.0
3000899,155.82550048828125
3000900,2971.5
3000901,24.5
3000902,1.0
3000903,22.5
3000904,18.5
3000905,0.0
3000906,224.5
3000907,19.0
3000908,25.0
3000909,5.5
3000910,90.0
3000911,4.0
3000912,284.52349853515625
3000913,168.0
3000914,2.0
3000915,12.5
3000916,340.80650329589844
3000917,61.81649971008301
3000918,3827.80859375
3000919,0.0
3000920,23.15750026702881
3000921,0.5
3000922,0.0
3000923,2.0
3000924,1072.5
3000925,0.0
3000926,78.5
3000927,2.5
3000928,644.0
3000929,414.5
3000930,210.5
3000931,28.5
3000932,31.0
3000933,2279.0
3000934,2.0
3000935,0.5
3000936,6.0
3000937,6.0
3000938,0.0
3000939,144.5
3000940,2.0
3000941,0.0
3000942,2.5
3000943,6.5
3000944,0.5
3000945,179.1780014038086
3000946,151.0
3000947,0.0
3000948,2.5
3000949,144.47949981689453
3000950,21.5
3000951,226.06450653076172
3000952,0.0
3000953,1.5
3000954,4.0
3000955,0.0
3000956,4.0
3000957,3795.5
3000958,0.0
3000959,590.5
3000960,13.0
3000961,1769.0
3000962,614.0
3000963,432.25599670410156
3000964,197.5
3000965,74.2509994506836
3000966,6666.925537109375
3000967,38.0
3000968,0.5
3000969,22.5
3000970,17.0
3000971,0.0
3000972,498.5
3000973,9.0
3000974,0.5
3000975,10.5
3000976,29.5
3000977,2.0
3000978,699.9935302734375
3000979,369.0
3000980,1.5
3000981,14.0
3000982,414.5664978027344
3000983,111.25100326538086
3000984,1255.6275024414062
3000985,8.5
3000986,9.0
3000987,3.0
3000988,0.0
3000989,0.5
3000990,1429.0
3000991,0.0
3000992,178.5
3000993,3.5
3000994,750.5
3000995,467.0
3000996,195.0
3000997,49.5
3000998,37.5
3000999,2719.5
3001000,9.5
3001001,0.0
3001002,11.0
3001003,18.5
3001004,0.0
3001005,162.0
3001006,9.0
3001007,0.0
3001008,3.0
3001009,27.5
3001010,2.0
3001011,152.09099578857422
3001012,167.0
3001013,1.5
3001014,4.5
3001015,137.67449951171875
3001016,31.0
3001017,332.45849609375
3001018,0.0
3001019,3.5
3001020,4.0
3001021,0.0
3001022,3.0
3001023,1248.5
3001024,0.0
3001025,98.5
3001026,3.0
3001027,624.5
3001028,254.5
3001029,150.0
3001030,45.5
3001031,29.0
3001032,2204.0
3001033,17.5
3001034,0.0
3001035,6.0
3001036,8.0
3001037,0.0
3001038,126.0
3001039,0.5
3001040,0.0
3001041,2.0
3001042,44.5
3001043,0.0
3001044,133.92799758911133
3001045,173.5
3001046,0.0
3001047,5.0
3001048,61.642499923706055
3001049,20.5
3001050,170.8189926147461
3001051,0.0
3001052,1.5
3001053,3.5
3001054,0.0
3001055,2.0
3001056,1309.5
3001057,0.0
3001058,144.5
3001059,4.5
3001060,787.0
3001061,435.5
3001062,251.5
3001063,42.0
3001064,34.0
3001065,2307.5
3001066,10.0
3001067,0.0
3001068,15.5
3001069,14.5
3001070,0.0
3001071,175.0
3001072,1.5
3001073,0.0
3001074,2.0
3001075,22.5
3001076,2.0
3001077,134.3800048828125
3001078,242.0
3001079,0.5
3001080,3.0
3001081,92.33700180053711
3001082,79.5
3001083,318.9104919433594
3001084,0.5
3001085,4.0
3001086,2.5
3001087,1.5
3001088,2.5
3001089,1535.5
3001090,0.0
3001091,128.5
3001092,2.0
3001093,736.5
3001094,365.5
3001095,227.0
3001096,99.0
3001097,59.5
3001098,2670.0
3001099,8.5
3001100,0.5
3001101,14.0
3001102,19.5
3001103,0.0
3001104,194.5
3001105,10.0
3001106,0.0
3001107,5.0
3001108,20.0
3001109,1.5
3001110,129.0189971923828
3001111,172.0
3001112,1.5
3001113,5.0
3001114,99.25699996948242
3001115,47.0
3001116,576.7374877929688
3001117,0.0
3001118,5.0
3001119,2.5
3001120,0.0
3001121,2.0
3001122,1276.5
3001123,0.0
3001124,135.5
3001125,5.5
3001126,660.5
3001127,257.0
3001128,161.0
3001129,139.0
3001130,25.5
3001131,2320.5
3001132,8.0
3001133,0.5
3001134,13.0
3001135,7.5
3001136,0.0
3001137,149.0
3001138,0.0
3001139,0.0
3001140,2.5
3001141,21.0
3001142,0.5
3001143,58.605499267578125
3001144,122.0
3001145,0.5
3001146,2.5
3001147,72.93099975585938
3001148,31.5
3001149,467.8769989013672
3001150,0.0
3001151,1.5
3001152,5.5
3001153,0.0
3001154,3.0
3001155,2443.0
3001156,0.0
3001157,290.5
3001158,4.0
3001159,924.5
3001160,1106.0
3001161,414.0
3001162,142.5
3001163,82.5
3001164,4027.0
3001165,11.0
3001166,0.0
3001167,20.0
3001168,24.0
3001169,0.0
3001170,237.0
3001171,0.0
3001172,0.0
3001173,6.5
3001174,20.5
3001175,3.0
3001176,235.02099609375
3001177,223.5
3001178,4.0
3001179,5.0
3001180,280.96900939941406
3001181,47.5
3001182,1098.654541015625
3001183,0.0
3001184,8.5
3001185,3.0
3001186,0.0
3001187,2.0
3001188,1820.5
3001189,0.0
3001190,492.0
3001191,6.0
3001192,439.5
3001193,681.0
3001194,174.91350555419922
3001195,156.0
3001196,40.0
3001197,2166.0625
3001198,12.0
3001199,1.0
3001200,12.5
3001201,13.0
3001202,0.0
3001203,139.5
3001204,12.0
3001205,3.5
3001206,3.5
3001207,45.5
3001208,3.5
3001209,76.34349822998047
3001210,120.0
3001211,2.5
3001212,3.5
3001213,147.15999603271484
3001214,57.91200065612793
3001215,1181.3290405273438
3001216,8.5
3001217,11.004499912261963
3001218,7.5
3001219,1.0
3001220,2.0
3001221,2176.0
3001222,0.0
3001223,150.0
3001224,7.5
3001225,698.0
3001226,327.0
3001227,257.0
3001228,29.0
3001229,29.0
3001230,3013.0
3001231,26.5
3001232,1.0
3001233,12.0
3001234,14.0
3001235,0.0
3001236,138.0
3001237,4.0
3001238,0.0
3001239,4.0
3001240,22.0
3001241,2.5
3001242,118.25549697875977
3001243,126.0
3001244,0.0
3001245,2.5
3001246,74.40250015258789
3001247,21.0
3001248,353.26100158691406
3001249,0.0
3001250,2.0
3001251,6.0
3001252,0.0
3001253,9.5
3001254,2977.0
3001255,0.0
3001256,611.0
3001257,9.5
3001258,961.0
3001259,780.5
3001260,199.83150482177734
3001261,155.5
3001262,109.09700012207031
3001263,3787.0
3001264,43.5
3001265,0.0
3001266,20.5
3001267,30.5
3001268,0.0
3001269,255.5
3001270,17.0
3001271,17.0
3001272,5.5
3001273,52.0
3001274,7.5
3001275,397.2669982910156
3001276,243.0
3001277,8.5
3001278,6.0
3001279,456.3459930419922
3001280,117.91850280761719
3001281,3169.02197265625
3001282,0.0
3001283,33.32600021362305
3001284,7.5
3001285,0.0
3001286,4.5
3001287,2796.5
3001288,0.0
3001289,404.0
3001290,7.0
3001291,910.0
3001292,759.0
3001293,482.54249572753906
3001294,58.0
3001295,56.54050064086914
3001296,4062.6370849609375
3001297,9.5
3001298,0.5
3001299,19.5
3001300,6.5
3001301,0.0
3001302,250.5
3001303,2.0
3001304,5.5
3001305,4.0
3001306,44.5
3001307,0.0
3001308,263.6614990234375
3001309,295.0
3001310,2.5
3001311,4.0
3001312,199.37450408935547
3001313,52.48900032043457
3001314,798.4059753417969
3001315,11.0
3001316,14.495499610900879
3001317,8.0
3001318,0.5
3001319,4.0
3001320,2296.5
3001321,0.0
3001322,395.5
3001323,4.0
3001324,873.5
3001325,715.0
3001326,272.60499572753906
3001327,268.0
3001328,82.3395004272461
3001329,3314.85546875
3001330,20.0
3001331,0.0
3001332,37.5
3001333,27.5
3001334,0.0
3001335,237.0
3001336,1.5
3001337,2.5
3001338,8.0
3001339,93.5
3001340,0.5
3001341,121.0724983215332
3001342,198.0
3001343,2.0
3001344,2.5
3001345,147.31350708007812
3001346,127.9415054321289
3001347,1045.8385009765625
3001348,0.0
3001349,5.0
3001350,3.5
3001351,0.0
3001352,2.5
3001353,1487.0
3001354,0.0
3001355,130.5
3001356,7.5
3001357,735.5
3001358,304.5
3001359,157.5
3001360,39.5
3001361,39.0
3001362,2569.0
3001363,12.5
3001364,0.0
3001365,20.5
3001366,17.5
3001367,0.0
3001368,143.0
3001369,1.0
3001370,0.0
3001371,3.5
3001372,41.0
3001373,1.0
3001374,113.39899826049805
3001375,150.5
3001376,1.5
3001377,7.0
3001378,147.66600036621094
3001379,30.0
3001380,399.32798767089844
3001381,0.0
3001382,1.5
3001383,1.5
3001384,0.0
3001385,1.0
3001386,1513.0
3001387,0.0
3001388,299.3294982910156
3001389,10.0
3001390,564.5
3001391,484.0
3001392,133.00499725341797
3001393,46.0
3001394,54.5
3001395,2231.0
3001396,33.0
3001397,0.5
3001398,17.0
3001399,12.0
3001400,0.0
3001401,156.0
3001402,15.5
3001403,1.0
3001404,2.0
3001405,41.5
3001406,4.0
3001407,837.780517578125
3001408,149.5
3001409,4.0
3001410,8.0
3001411,314.4925079345703
3001412,36.535499572753906
3001413,1495.4110107421875
3001414,0.0
3001415,8.839499950408936
3001416,2.5
3001417,0.0
3001418,4.5
3001419,3524.0
3001420,0.0
3001421,726.6179809570312
3001422,11.5
3001423,1231.5
3001424,1323.5
3001425,296.53350830078125
3001426,242.0
3001427,171.3445053100586
3001428,4602.5
3001429,28.5
3001430,1.0
3001431,18.5
3001432,30.0
3001433,0.0
3001434,322.0
3001435,10.5
3001436,49.5
3001437,9.0
3001438,73.5
3001439,11.5
3001440,445.8005065917969
3001441,279.0
3001442,15.0
3001443,12.5
3001444,569.2784729003906
3001445,103.4474983215332
3001446,5960.45166015625
3001447,0.0
3001448,22.738500595092773
3001449,1.0
3001450,0.0
3001451,3.5
3001452,1823.5
3001453,0.0
3001454,364.68849182128906
3001455,6.0
3001456,407.5
3001457,517.5
3001458,159.72350311279297
3001459,108.5
3001460,74.28350067138672
3001461,1835.0
3001462,17.5
3001463,0.5
3001464,16.5
3001465,19.5
3001466,0.0
3001467,101.0
3001468,0.0
3001469,35.5
3001470,3.0
3001471,103.0
3001472,4.5
3001473,229.41600036621094
3001474,92.0
3001475,4.0
3001476,3.5
3001477,182.69700622558594
3001478,41.016000747680664
3001479,2812.6190185546875
3001480,1.0
3001481,2.5
3001482,6.0
3001483,0.0
3001484,0.0
3001485,912.5
3001486,0.0
3001487,204.5
3001488,7.5
3001489,349.5
3001490,231.0
3001491,80.09399795532227
3001492,28.5
3001493,20.0
3001494,1504.5
3001495,18.0
3001496,0.5
3001497,10.5
3001498,17.5
3001499,0.0
3001500,78.0
3001501,0.0
3001502,3.5
3001503,0.0
3001504,16.5
3001505,0.0
3001506,238.43599700927734
3001507,107.5
3001508,1.5
3001509,0.0
3001510,124.89099884033203
3001511,22.5
3001512,1012.6430053710938
3001513,0.0
3001514,1.0
3001515,5.0
3001516,0.0
3001517,2.5
3001518,2952.0
3001519,0.0
3001520,639.7510070800781
3001521,7.5
3001522,999.5
3001523,934.5
3001524,288.34149169921875
3001525,253.0
3001526,98.15999984741211
3001527,3618.5
3001528,23.0
3001529,3.0
3001530,23.0
3001531,15.5
3001532,0.0
3001533,261.5
3001534,2.0
3001535,28.5
3001536,6.0
3001537,75.5
3001538,4.0
3001539,278.2154998779297
3001540,213.0
3001541,9.5
3001542,11.0
3001543,356.0199890136719
3001544,77.55450057983398
3001545,4138.75146484375
3001546,0.5
3001547,18.776000022888184
3001548,6.0
3001549,0.0
3001550,3.5
3001551,2195.0
3001552,0.0
3001553,503.0
3001554,21.5
3001555,713.0
3001556,818.5
3001557,308.78749084472656
3001558,191.5
3001559,53.0
3001560,3165.1875
3001561,10.5
3001562,0.5
3001563,22.0
3001564,13.0
3001565,0.5
3001566,194.5
3001567,0.0
3001568,5.5
3001569,5.0
3001570,25.0
3001571,1.0
3001572,161.87749481201172
3001573,254.0
3001574,5.0
3001575,2.0
3001576,165.99500274658203
3001577,70.39249801635742
3001578,1144.197509765625
3001579,3.5
3001580,1.5
3001581,4.5
3001582,1.0
3001583,2.5
3001584,2539.0
3001585,0.0
3001586,504.0
3001587,7.5
3001588,708.5
3001589,718.5
3001590,208.6290054321289
3001591,146.5
3001592,55.0
3001593,3120.9764404296875
3001594,10.0
3001595,0.5
3001596,13.5
3001597,15.0
3001598,0.0
3001599,183.5
3001600,0.0
3001601,7.0
3001602,5.0
3001603,63.0
3001604,0.5
3001605,105.90349960327148
3001606,169.0
3001607,4.0
3001608,1.0
3001609,162.0155029296875
3001610,59.583499908447266
3001611,853.8374938964844
3001612,0.5
3001613,5.0
3001614,10.0
3001615,1.5
3001616,13.5
3001617,7855.0
3001618,0.0
3001619,1199.1384887695312
3001620,24.0
3001621,1877.5
3001622,1982.5
3001623,303.5090026855469
3001624,440.5
3001625,337.9290008544922
3001626,7770.5
3001627,97.0
3001628,3.0
3001629,63.5
3001630,44.0
3001631,0.0
3001632,547.5
3001633,38.0
3001634,80.5
3001635,15.5
3001636,176.5
3001637,22.5
3001638,659.5169982910156
3001639,491.5
3001640,13.5
3001641,20.5
3001642,1038.8994750976562
3001643,214.26649475097656
3001644,10298.00390625
3001645,2.0
3001646,74.50799942016602
3001647,1.5
3001648,0.0
3001649,1.0
3001650,1405.5
3001651,0.0
3001652,157.5
3001653,4.0
3001654,402.0
3001655,329.5
3001656,103.5
3001657,87.5
3001658,43.0
3001659,2230.5
3001660,2.0
3001661,0.0
3001662,11.0
3001663,11.0
3001664,0.0
3001665,139.5
3001666,0.0
3001667,0.0
3001668,4.0
3001669,15.5
3001670,0.5
3001671,54.736000061035156
3001672,81.0
3001673,2.0
3001674,3.0
3001675,98.17150115966797
3001676,18.0
3001677,461.9440002441406
3001678,0.0
3001679,3.0
3001680,6.5
3001681,0.0
3001682,2.5
3001683,2612.0
3001684,0.0
3001685,432.5
3001686,7.5
3001687,914.0
3001688,728.0
3001689,198.91200256347656
3001690,204.5
3001691,63.10200119018555
3001692,4257.698974609375
3001693,9.5
3001694,0.0
3001695,14.5
3001696,16.5
3001697,0.0
3001698,218.0
3001699,0.5
3001700,5.5
3001701,5.5
3001702,8.0
3001703,1.5
3001704,288.302490234375
3001705,203.5
3001706,4.5
3001707,5.5
3001708,97.8699951171875
3001709,74.4640007019043
3001710,991.8469848632812
3001711,1.5
3001712,5.0
3001713,0.5
3001714,0.0
3001715,1.0
3001716,687.0
3001717,0.0
3001718,104.0
3001719,1.5
3001720,529.5
3001721,170.5
3001722,89.5
3001723,167.0
3001724,12.0
3001725,1396.0
3001726,2.0
3001727,0.0
3001728,12.5
3001729,5.5
3001730,0.0
3001731,73.5
3001732,0.0
3001733,0.0
3001734,0.0
3001735,8.0
3001736,0.5
3001737,61.99600028991699
3001738,61.0
3001739,0.5
3001740,1.0
3001741,46.51199913024902
3001742,10.0
3001743,155.13150024414062
3001744,0.0
3001745,1.5
3001746,6.0
3001747,0.0
3001748,0.5
3001749,1829.5
3001750,0.0
3001751,182.0
3001752,6.5
3001753,751.5
3001754,506.0
3001755,142.0
3001756,101.5
3001757,42.5
3001758,2413.5
3001759,3.5
3001760,0.5
3001761,20.5
3001762,11.0
3001763,0.0
3001764,182.0
3001765,0.0
3001766,0.0
3001767,12.5
3001768,35.5
3001769,0.5
3001770,268.69500732421875
3001771,153.5
3001772,1.0
3001773,3.0
3001774,216.90850067138672
3001775,29.0
3001776,953.1684875488281
3001777,0.0
3001778,0.0
3001779,2.5
3001780,0.5
3001781,1.0
3001782,1854.0
3001783,0.0
3001784,575.0
3001785,8.0
3001786,700.5
3001787,683.5
3001788,194.84750366210938
3001789,97.0
3001790,60.378501892089844
3001791,3121.5859375
3001792,6.0
3001793,3.5
3001794,33.5
3001795,27.0
3001796,0.0
3001797,171.0
3001798,1.0
3001799,3.5
3001800,3.5
3001801,23.0
3001802,1.5
3001803,188.5094985961914
3001804,228.5
3001805,1.5
3001806,4.0
3001807,164.73799896240234
3001808,17.0
3001809,585.0110168457031
3001810,3.0
3001811,6.0
3001812,2.0
3001813,0.0
3001814,0.5
3001815,1154.0
3001816,0.0
3001817,86.0
3001818,2.0
3001819,449.0
3001820,202.5
3001821,78.5
3001822,106.5
3001823,41.0
3001824,1653.0
3001825,1.5
3001826,1.0
3001827,4.0
3001828,9.5
3001829,0.0
3001830,95.0
3001831,0.0
3001832,0.0
3001833,0.0
3001834,3.5
3001835,0.0
3001836,183.05250549316406
3001837,81.5
3001838,1.0
3001839,2.5
3001840,30.397998809814453
3001841,18.0
3001842,323.4909973144531
3001843,0.0
3001844,0.0
3001845,3.0
3001846,0.0
3001847,1.0
3001848,3353.5
3001849,0.0
3001850,373.0
3001851,5.5
3001852,731.5
3001853,570.5
3001854,208.06649780273438
3001855,87.0
3001856,68.92749786376953
3001857,3292.929443359375
3001858,3.0
3001859,0.0
3001860,16.0
3001861,10.0
3001862,0.0
3001863,168.5
3001864,0.0
3001865,25.0
3001866,2.5
3001867,46.0
3001868,0.0
3001869,203.5240020751953
3001870,168.0
3001871,3.0
3001872,3.0
3001873,98.44400024414062
3001874,57.04400062561035
3001875,990.9450073242188
3001876,0.0
3001877,0.0
3001878,4.5
3001879,0.0
3001880,8.0
3001881,3082.5
3001882,0.0
3001883,547.18798828125
3001884,9.0
3001885,1051.0
3001886,860.0
3001887,156.38700103759766
3001888,133.5
3001889,125.6500015258789
3001890,4185.0
3001891,72.0
3001892,3.0
3001893,29.0
3001894,25.5
3001895,0.0
3001896,266.0
3001897,23.0
3001898,32.5
3001899,3.5
3001900,109.5
3001901,8.0
3001902,224.41900634765625
3001903,254.5
3001904,12.0
3001905,22.0
3001906,267.8719940185547
3001907,82.7385025024414
3001908,3828.239501953125
3001909,0.0
3001910,14.184499740600586
3001911,5.5
3001912,0.0
3001913,5.5
3001914,2208.0
3001915,0.0
3001916,455.9570007324219
3001917,6.0
3001918,1152.0
3001919,798.5
3001920,127.52900314331055
3001921,92.5
3001922,163.3300018310547
3001923,3807.0
3001924,41.5
3001925,1.0
3001926,46.5
3001927,49.5
3001928,0.0
3001929,298.0
3001930,18.0
3001931,26.0
3001932,8.0
3001933,75.5
3001934,11.0
3001935,155.16100311279297
3001936,721.0
3001937,9.5
3001938,9.0
3001939,127.82549667358398
3001940,63.612998962402344
3001941,2996.9544677734375
3001942,0.0
3001943,15.43049955368042
3001944,7.0
3001945,0.5
3001946,2.0
3001947,2920.5
3001948,0.0
3001949,649.5
3001950,8.5
3001951,910.0
3001952,599.5
3001953,201.1425018310547
3001954,195.5
3001955,52.5
3001956,4652.429443359375
3001957,21.0
3001958,0.5
3001959,20.0
3001960,23.0
3001961,0.0
3001962,260.0
3001963,3.5
3001964,13.5
3001965,7.0
3001966,34.0
3001967,2.5
3001968,141.87349700927734
3001969,234.0
3001970,5.0
3001971,8.5
3001972,188.9749984741211
3001973,57.14849853515625
3001974,1369.8485107421875
3001975,2.0
3001976,13.466000080108643
3001977,4.5
3001978,0.0
3001979,4.5
3001980,2319.0
3001981,0.0
3001982,356.3865051269531
3001983,5.5
3001984,786.0
3001985,692.5
3001986,170.12550354003906
3001987,123.0
3001988,79.79650115966797
3001989,2998.5
3001990,34.0
3001991,1.5
3001992,13.0
3001993,14.0
3001994,0.0
3001995,225.0
3001996,17.0
3001997,33.0
3001998,1.5
3001999,49.5
3002000,7.5
3002001,281.93849182128906
3002002,210.0
3002003,4.5
3002004,8.5
3002005,337.91200256347656
3002006,50.43600082397461
3002007,2998.0625
3002008,0.0
3002009,20.148500442504883
3002010,3.0
3002011,0.0
3002012,1.5
3002013,4112.0
3002014,0.0
3002015,412.0
3002016,14.0
3002017,1133.0
3002018,894.0
3002019,260.0
3002020,166.5
3002021,49.99850082397461
3002022,4555.5
3002023,12.5
3002024,1.5
3002025,28.0
3002026,18.0
3002027,0.0
3002028,316.5
3002029,0.0
3002030,0.0
3002031,8.0
3002032,29.5
3002033,1.0
3002034,142.21600341796875
3002035,242.5
3002036,3.5
3002037,6.0
3002038,151.97949981689453
3002039,58.5
3002040,1010.9284973144531
3002041,0.0
3002042,1.5
3002043,7.5
3002044,0.0
3002045,9.5
3002046,2761.0
3002047,0.0
3002048,461.82000732421875
3002049,10.0
3002050,1250.5
3002051,713.5
3002052,200.75550079345703
3002053,129.5
3002054,96.56949996948242
3002055,4654.0
3002056,28.0
3002057,2.5
3002058,23.0
3002059,34.0
3002060,0.0
3002061,270.0
3002062,12.5
3002063,23.0
3002064,8.0
3002065,90.0
3002066,9.5
3002067,220.7985076904297
3002068,640.5
3002069,17.5
3002070,8.0
3002071,203.15650177001953
3002072,87.3745002746582
3002073,2822.8984375
3002074,0.5
3002075,8.830999851226807
3002076,3.0
3002077,0.0
3002078,5.0
3002079,3269.0
3002080,0.0
3002081,473.8609924316406
3002082,12.5
3002083,765.0
3002084,808.0
3002085,154.42649841308594
3002086,137.5
3002087,113.18249893188477
3002088,3142.5
3002089,30.0
3002090,0.5
3002091,18.5
3002092,15.0
3002093,0.0
3002094,214.5
3002095,13.5
3002096,34.0
3002097,4.5
3002098,57.0
3002099,8.0
3002100,243.14749908447266
3002101,237.5
3002102,12.0
3002103,8.0
3002104,244.24500274658203
3002105,52.629499435424805
3002106,3216.472412109375
3002107,0.0
3002108,13.17799997329712
3002109,5.5
3002110,0.0
3002111,3.5
3002112,4238.5
3002113,0.0
3002114,488.5
3002115,11.0
3002116,1054.0
3002117,641.5
3002118,241.97000122070312
3002119,172.0
3002120,37.13199996948242
3002121,3877.4764404296875
3002122,10.5
3002123,0.5
3002124,11.5
3002125,13.5
3002126,0.0
3002127,224.5
3002128,0.0
3002129,10.0
3002130,0.0
3002131,33.0
3002132,3.0
3002133,183.88800048828125
3002134,246.5
3002135,3.0
3002136,1.5
3002137,233.427001953125
3002138,103.55149841308594
3002139,1053.5309753417969
3002140,1.5
3002141,0.0
3002142,14.5
3002143,0.0
3002144,15.0
3002145,8570.0
3002146,0.0
3002147,1550.87451171875
3002148,39.0
3002149,3007.5
3002150,2315.5
3002151,475.27099609375
3002152,569.5
3002153,408.63800048828125
3002154,9094.0
3002155,110.5
3002156,2.5
3002157,116.0
3002158,132.5
3002159,0.5
3002160,766.0
3002161,30.5
3002162,26.0
3002163,17.0
3002164,268.0
3002165,20.5
3002166,777.5614929199219
3002167,550.5
3002168,37.0
3002169,33.0
3002170,1027.864990234375
3002171,315.1234893798828
3002172,12192.77392578125
3002173,136.5
3002174,79.0250015258789
3002175,17.5
3002176,0.0
3002177,10.0
3002178,8224.0
3002179,0.0
3002180,1108.9819946289062
3002181,25.0
3002182,2213.5
3002183,1955.5
3002184,574.530517578125
3002185,319.0
3002186,269.83750915527344
3002187,9737.0
3002188,166.5
3002189,0.5
3002190,64.5
3002191,69.0
3002192,0.5
3002193,588.5
3002194,13.0
3002195,35.5
3002196,2.5
3002197,210.0
3002198,15.5
3002199,883.1684875488281
3002200,699.5
3002201,17.5
3002202,24.0
3002203,1012.1280212402344
3002204,255.27200317382812
3002205,7699.22705078125
3002206,320.5
3002207,69.3754997253418
3002208,8.0
3002209,0.0
3002210,16.0
3002211,4831.5
3002212,0.0
3002213,891.5
3002214,12.5
3002215,2100.5
3002216,1225.5
3002217,613.3114929199219
3002218,111.5
3002219,197.42649841308594
3002220,7463.0
3002221,38.0
3002222,1.0
3002223,36.0
3002224,21.5
3002225,0.0
3002226,575.0
3002227,18.5
3002228,24.0
3002229,6.0
3002230,97.0
3002231,9.5
3002232,944.9490051269531
3002233,597.5
3002234,19.5
3002235,43.0
3002236,563.8150024414062
3002237,131.63550186157227
3002238,3146.6104736328125
3002239,135.5
3002240,36.29400062561035
3002241,14.0
3002242,0.0
3002243,21.0
3002244,7589.0
3002245,0.0
3002246,1000.259521484375
3002247,16.5
3002248,2174.0
3002249,1929.5
3002250,522.3880004882812
3002251,303.5
3002252,225.55850219726562
3002253,9011.5
3002254,48.0
3002255,1.0
3002256,86.5
3002257,63.0
3002258,0.0
3002259,569.0
3002260,27.0
3002261,28.0
3002262,3.5
3002263,170.5
3002264,11.0
3002265,733.3480224609375
3002266,576.0
3002267,21.0
3002268,34.0
3002269,831.9440002441406
3002270,199.78400421142578
3002271,6877.70703125
3002272,171.0
3002273,59.047000885009766
3002274,8.0
3002275,0.0
3002276,16.0
3002277,3936.5
3002278,0.0
3002279,654.0
3002280,19.0
3002281,1590.5
3002282,982.5
3002283,512.3529968261719
3002284,90.0
3002285,145.39550018310547
3002286,6283.5
3002287,32.5
3002288,0.0
3002289,28.0
3002290,37.5
3002291,1.0
3002292,545.5
3002293,19.0
3002294,11.5
3002295,2.5
3002296,92.0
3002297,2.5
3002298,676.2034912109375
3002299,838.5
3002300,11.0
3002301,21.5
3002302,596.2730102539062
3002303,79.29499816894531
3002304,2185.905029296875
3002305,124.0
3002306,17.164000034332275
3002307,8.0
3002308,0.0
3002309,12.0
3002310,6131.5
3002311,0.0
3002312,1218.1304931640625
3002313,22.0
3002314,1795.5
3002315,2045.0
3002316,374.46751403808594
3002317,458.0
3002318,331.5
3002319,7528.0
3002320,66.5
3002321,1.5
3002322,47.0
3002323,45.0
3002324,1.5
3002325,497.0
3002326,14.0
3002327,29.5
3002328,7.0
3002329,208.0
3002330,15.0
3002331,648.052001953125
3002332,477.5
3002333,14.5
3002334,33.0
3002335,859.3320007324219
3002336,219.09600067138672
3002337,10188.5498046875
3002338,132.0
3002339,78.97000122070312
3002340,4.0
3002341,0.0
3002342,5.0
3002343,1928.0
3002344,0.0
3002345,339.5954895019531
3002346,18.0
3002347,941.0
3002348,551.0
3002349,215.6320037841797
3002350,87.0
3002351,76.43450164794922
3002352,2926.0
3002353,71.0
3002354,0.5
3002355,35.0
3002356,18.5
3002357,0.0
3002358,222.0
3002359,10.0
3002360,9.0
3002361,12.5
3002362,47.5
3002363,6.5
3002364,233.5885009765625
3002365,259.0
3002366,3.0
3002367,8.5
3002368,240.63450622558594
3002369,52.781999588012695
3002370,2065.4979248046875
3002371,1.5
3002372,13.182999610900879
3002373,7.0
3002374,0.0
3002375,13.5
3002376,3830.5
3002377,0.0
3002378,558.2064971923828
3002379,23.0
3002380,1586.0
3002381,983.0
3002382,450.7239990234375
3002383,94.5
3002384,138.10700225830078
3002385,5906.0
3002386,121.5
3002387,1.5
3002388,51.0
3002389,33.5
3002390,0.5
3002391,449.0
3002392,15.5
3002393,12.0
3002394,1.5
3002395,123.5
3002396,5.5
3002397,599.5784912109375
3002398,477.5
3002399,10.5
3002400,24.0
3002401,359.4095001220703
3002402,82.75500106811523
3002403,2626.365966796875
3002404,202.0
3002405,13.948500156402588
3002406,6.5
3002407,0.0
3002408,5.5
3002409,4526.5
3002410,0.0
3002411,921.375
3002412,12.5
3002413,1658.0
3002414,1789.5
3002415,231.46300506591797
3002416,386.0
3002417,243.8730010986328
3002418,5789.5
3002419,54.0
3002420,1.5
3002421,38.0
3002422,28.5
3002423,0.5
3002424,384.0
3002425,1.5
3002426,48.5
3002427,6.5
3002428,125.0
3002429,11.5
3002430,600.1394958496094
3002431,301.0
3002432,20.5
3002433,9.5
3002434,727.47900390625
3002435,137.8385009765625
3002436,8341.1396484375
3002437,3.5
3002438,47.381500244140625
3002439,12.5
3002440,0.0
3002441,8.5
3002442,4151.5
3002443,0.0
3002444,847.0975036621094
3002445,12.0
3002446,1822.5
3002447,1173.5
3002448,302.62249755859375
3002449,240.0
3002450,280.1719970703125
3002451,5873.5
3002452,47.0
3002453,3.5
3002454,44.0
3002455,39.5
3002456,0.0
3002457,355.5
3002458,5.5
3002459,56.0
3002460,12.0
3002461,215.0
3002462,9.5
3002463,435.92449951171875
3002464,319.5
3002465,11.0
3002466,30.5
3002467,467.77349853515625
3002468,138.8375015258789
3002469,7595.8935546875
3002470,4.0
3002471,6.5
3002472,9.0
3002473,0.0
3002474,4.5
3002475,2502.5
3002476,0.0
3002477,452.4449920654297
3002478,6.0
3002479,1085.5
3002480,567.0
3002481,218.8874969482422
3002482,94.5
3002483,107.30550003051758
3002484,3067.0
3002485,13.5
3002486,3.5
3002487,30.5
3002488,22.5
3002489,0.0
3002490,259.5
3002491,4.0
3002492,16.5
3002493,5.5
3002494,44.5
3002495,3.0
3002496,286.0139923095703
3002497,238.5
3002498,5.0
3002499,4.5
3002500,171.69800567626953
3002501,108.01350021362305
3002502,2907.95751953125
3002503,0.0
3002504,3.0
3002505,5.0
3002506,0.0
3002507,0.5
3002508,2348.5
3002509,0.0
3002510,197.5
3002511,2.5
3002512,706.5
3002513,284.5
3002514,178.5
3002515,46.5
3002516,23.0
3002517,2523.0
3002518,6.5
3002519,0.5
3002520,9.5
3002521,6.5
3002522,0.0
3002523,172.5
3002524,0.0
3002525,0.0
3002526,1.5
3002527,7.0
3002528,0.5
3002529,49.80850028991699
3002530,156.5
3002531,0.0
3002532,1.5
3002533,40.56850051879883
3002534,80.5
3002535,557.4510192871094
3002536,0.0
3002537,3.0
3002538,6.0
3002539,0.0
3002540,10.0
3002541,3232.5
3002542,0.0
3002543,499.1380157470703
3002544,13.0
3002545,1176.5
3002546,920.0
3002547,302.1580047607422
3002548,173.5
3002549,136.20950317382812
3002550,4652.5
3002551,25.5
3002552,0.0
3002553,25.5
3002554,49.0
3002555,0.0
3002556,337.5
3002557,19.5
3002558,21.5
3002559,6.5
3002560,65.0
3002561,6.5
3002562,413.16400146484375
3002563,305.5
3002564,9.5
3002565,14.5
3002566,466.7850036621094
3002567,85.2249984741211
3002568,3484.70947265625
3002569,0.0
3002570,33.26850128173828
3002571,6.5
3002572,0.0
3002573,5.5
3002574,4055.0
3002575,0.5
3002576,643.958984375
3002577,16.0
3002578,1112.0
3002579,1382.0
3002580,194.8159942626953
3002581,278.5
3002582,215.5999984741211
3002583,4176.0
3002584,47.0
3002585,5.0
3002586,26.0
3002587,24.0
3002588,1.0
3002589,281.0
3002590,14.5
3002591,45.0
3002592,8.5
3002593,134.0
3002594,10.0
3002595,450.03399658203125
3002596,263.0
3002597,5.0
3002598,12.0
3002599,691.1570129394531
3002600,138.74949645996094
3002601,6596.205078125
3002602,0.0
3002603,48.996999740600586
3002604,5.0
3002605,0.0
3002606,10.0
3002607,4534.5
3002608,0.0
3002609,794.7520141601562
3002610,18.0
3002611,1277.5
3002612,1373.0
3002613,249.6280059814453
3002614,298.5
3002615,163.0904998779297
3002616,4906.5
3002617,35.0
3002618,3.5
3002619,35.5
3002620,75.5
3002621,0.0
3002622,339.0
3002623,30.0
3002624,46.0
3002625,10.5
3002626,112.5
3002627,17.0
3002628,389.0769958496094
3002629,292.0
3002630,17.0
3002631,18.5
3002632,489.8874969482422
3002633,150.96399688720703
3002634,6285.44482421875
3002635,0.5
3002636,38.66250038146973
3002637,10.5
3002638,0.0
3002639,5.0
3002640,2684.5
3002641,0.0
3002642,441.5
3002643,14.5
3002644,1224.5
3002645,682.0
3002646,456.37449645996094
3002647,174.5
3002648,105.16999816894531
3002649,5275.676025390625
3002650,4.5
3002651,0.5
3002652,43.0
3002653,32.5
3002654,0.0
3002655,330.5
3002656,9.5
3002657,6.0
3002658,9.0
3002659,50.0
3002660,3.5
3002661,314.6155090332031
3002662,357.0
3002663,9.5
3002664,7.0
3002665,341.614501953125
3002666,78.73600006103516
3002667,1197.0344848632812
3002668,43.0
3002669,15.75849962234497
3002670,4.5
3002671,0.0
3002672,3.5
3002673,2021.5
3002674,0.0
3002675,329.9010009765625
3002676,16.0
3002677,678.0
3002678,729.0
3002679,122.02149963378906
3002680,123.5
3002681,131.48500061035156
3002682,2528.5
3002683,25.5
3002684,2.0
3002685,22.5
3002686,27.5
3002687,1.5
3002688,169.5
3002689,15.0
3002690,19.5
3002691,3.0
3002692,91.5
3002693,5.5
3002694,258.6959915161133
3002695,162.5
3002696,4.0
3002697,7.5
3002698,295.74249267578125
3002699,67.38249969482422
3002700,2222.0489501953125
3002701,0.0
3002702,25.57349967956543
3002703,0.5
3002704,0.0
3002705,2.0
3002706,1451.0
3002707,0.0
3002708,73.5
3002709,4.5
3002710,763.5
3002711,222.5
3002712,180.5
3002713,16.0
3002714,27.85949993133545
3002715,2189.0
3002716,5.0
3002717,0.0
3002718,10.0
3002719,3.5
3002720,0.0
3002721,135.0
3002722,3.5
3002723,0.0
3002724,1.5
3002725,7.0
3002726,0.0
3002727,241.48650360107422
3002728,149.5
3002729,0.0
3002730,1.5
3002731,112.46049880981445
3002732,35.5
3002733,224.22249603271484
3002734,0.0
3002735,0.5
3002736,9.0
3002737,0.0
3002738,6.0
3002739,4139.5
3002740,0.0
3002741,676.5
3002742,12.5
3002743,1489.0
3002744,551.5
3002745,411.39849853515625
3002746,148.0
3002747,64.0
3002748,6005.4375
3002749,47.5
3002750,0.0
3002751,18.0
3002752,20.0
3002753,0.0
3002754,387.5
3002755,13.0
3002756,3.0
3002757,8.5
3002758,37.0
3002759,1.0
3002760,895.6470031738281
3002761,318.0
3002762,1.0
3002763,13.5
3002764,285.41500091552734
3002765,117.72549819946289
3002766,1252.7150268554688
3002767,12.5
3002768,8.0
3002769,7.0
3002770,0.0
3002771,1.5
3002772,1405.0
3002773,0.0
3002774,152.5
3002775,5.5
3002776,841.5
3002777,373.0
3002778,198.0
3002779,88.0
3002780,35.45450019836426
3002781,2621.5
3002782,9.5
3002783,0.5
3002784,15.5
3002785,20.0
3002786,0.0
3002787,168.0
3002788,5.5
3002789,0.0
3002790,6.0
3002791,42.5
3002792,1.5
3002793,206.3969955444336
3002794,135.0
3002795,1.5
3002796,8.5
3002797,161.92549896240234
3002798,39.0
3002799,357.19500732421875
3002800,0.0
3002801,1.5
3002802,3.0
3002803,0.0
3002804,2.5
3002805,1395.5
3002806,0.0
3002807,87.0
3002808,7.5
3002809,818.5
3002810,217.5
3002811,114.5
3002812,28.5
3002813,30.5
3002814,2573.0
3002815,5.5
3002816,0.0
3002817,10.5
3002818,5.0
3002819,0.0
3002820,111.0
3002821,1.5
3002822,0.0
3002823,2.0
3002824,29.0
3002825,0.0
3002826,174.48049926757812
3002827,149.0
3002828,0.0
3002829,5.0
3002830,94.01150131225586
3002831,20.5
3002832,172.79149627685547
3002833,0.0
3002834,0.5
3002835,4.0
3002836,0.0
3002837,2.5
3002838,1291.5
3002839,0.0
3002840,143.0
3002841,9.0
3002842,2421.5
3002843,354.0
3002844,204.5
3002845,26.0
3002846,37.5
3002847,2546.0
3002848,9.5
3002849,0.0
3002850,15.0
3002851,19.5
3002852,0.0
3002853,205.5
3002854,0.5
3002855,0.0
3002856,4.0
3002857,9.5
3002858,2.0
3002859,367.46299743652344
3002860,214.5
3002861,0.0
3002862,3.5
3002863,82.4744987487793
3002864,101.5
3002865,343.6339874267578
3002866,0.0
3002867,3.5
3002868,5.0
3002869,1.0
3002870,4.5
3002871,1602.5
3002872,0.0
3002873,186.5
3002874,1.5
3002875,895.5
3002876,338.5
3002877,270.5
3002878,101.0
3002879,74.59450149536133
3002880,2805.0
3002881,6.5
3002882,0.0
3002883,8.0
3002884,20.0
3002885,0.0
3002886,203.0
3002887,7.5
3002888,0.0
3002889,2.5
3002890,21.0
3002891,0.0
3002892,173.28399658203125
3002893,178.0
3002894,1.0
3002895,5.0
3002896,135.35900115966797
3002897,48.5
3002898,552.5534973144531
3002899,0.0
3002900,6.0
3002901,2.5
3002902,0.5
3002903,0.5
3002904,1051.0
3002905,0.0
3002906,109.0
3002907,6.0
3002908,846.0
3002909,185.0
3002910,124.5
3002911,112.0
3002912,26.076499938964844
3002913,1495.5
3002914,6.5
3002915,0.0
3002916,6.0
3002917,9.5
3002918,0.0
3002919,130.0
3002920,0.0
3002921,0.0
3002922,2.5
3002923,23.5
3002924,1.0
3002925,49.89050102233887
3002926,109.5
3002927,0.5
3002928,2.5
3002929,56.6870002746582
3002930,30.0
3002931,375.6415100097656
3002932,0.0
3002933,0.5
3002934,5.5
3002935,0.0
3002936,4.0
3002937,2694.0
3002938,0.0
3002939,263.5
3002940,3.5
3002941,849.5
3002942,556.0
3002943,395.0
3002944,170.0
3002945,68.0
3002946,3666.0
3002947,19.5
3002948,1.5
3002949,18.5
3002950,26.0
3002951,0.0
3002952,224.0
3002953,0.0
3002954,0.0
3002955,5.5
3002956,36.0
3002957,2.5
3002958,298.49400329589844
3002959,210.0
3002960,2.5
3002961,9.0
3002962,292.92750549316406
3002963,56.0
3002964,1012.8300170898438
3002965,1.0
3002966,10.5
3002967,3.5
3002968,0.0
3002969,5.0
3002970,1786.5
3002971,0.0
3002972,517.0
3002973,8.5
3002974,440.5
3002975,489.5
3002976,141.62999725341797
3002977,132.0
3002978,37.5
3002979,2322.909912109375
3002980,14.5
3002981,1.5
3002982,21.5
3002983,10.0
3002984,0.5
3002985,150.5
3002986,9.5
3002987,8.5
3002988,3.5
3002989,54.5
3002990,2.5
3002991,217.48799896240234
3002992,123.5
3002993,4.0
3002994,7.5
3002995,144.96599578857422
3002996,60.54699897766113
3002997,1289.2249755859375
3002998,20.5
3002999,10.218499660491943
3003000,6.0
3003001,0.5
3003002,2.0
3003003,1974.0
3003004,0.0
3003005,127.5
3003006,8.5
3003007,745.0
3003008,263.5
3003009,196.0
3003010,46.5
3003011,42.5
3003012,2755.0
3003013,17.0
3003014,1.5
3003015,10.0
3003016,7.0
3003017,0.0
3003018,141.0
3003019,4.5
3003020,0.0
3003021,2.0
3003022,32.5
3003023,2.5
3003024,138.92849731445312
3003025,144.5
3003026,0.5
3003027,6.5
3003028,206.06349182128906
3003029,26.5
3003030,450.97698974609375
3003031,0.0
3003032,3.5
3003033,8.0
3003034,0.0
3003035,7.5
3003036,2629.5
3003037,0.0
3003038,517.5
3003039,12.0
3003040,812.0
3003041,660.0
3003042,172.06200408935547
3003043,132.0
3003044,86.5
3003045,3278.0
3003046,39.0
3003047,1.0
3003048,19.5
3003049,18.5
3003050,0.0
3003051,230.0
3003052,17.5
3003053,16.5
3003054,2.0
3003055,71.0
3003056,3.0
3003057,322.2415008544922
3003058,193.0
3003059,5.5
3003060,4.5
3003061,350.7864990234375
3003062,90.11399841308594
3003063,1839.7770385742188
3003064,0.0
3003065,24.581000328063965
3003066,5.5
3003067,0.0
3003068,5.0
3003069,3559.5
3003070,0.0
3003071,406.0
3003072,3.5
3003073,1340.0
3003074,579.5
3003075,448.52398681640625
3003076,56.5
3003077,74.5
3003078,5001.75
3003079,14.5
3003080,0.5
3003081,15.5
3003082,10.0
3003083,0.0
3003084,294.0
3003085,1.5
3003086,4.0
3003087,1.5
3003088,40.0
3003089,0.5
3003090,748.0079956054688
3003091,298.0
3003092,3.0
3003093,4.0
3003094,195.99600219726562
3003095,51.4010009765625
3003096,778.5784912109375
3003097,4.5
3003098,10.95900011062622
3003099,6.0
3003100,0.5
3003101,1.0
3003102,2292.0
3003103,0.0
3003104,298.5
3003105,6.0
3003106,1553.0
3003107,428.5
3003108,193.20899963378906
3003109,172.5
3003110,77.0
3003111,3107.9610595703125
3003112,14.0
3003113,1.0
3003114,24.0
3003115,19.0
3003116,0.0
3003117,286.0
3003118,2.5
3003119,1.0
3003120,11.0
3003121,82.5
3003122,0.5
3003123,95.239501953125
3003124,174.0
3003125,2.5
3003126,3.0
3003127,136.24449920654297
3003128,136.9459991455078
3003129,848.3650207519531
3003130,0.5
3003131,5.5
3003132,5.0
3003133,0.0
3003134,3.5
3003135,1789.5
3003136,0.0
3003137,110.5
3003138,7.5
3003139,751.5
3003140,299.5
3003141,134.5
3003142,31.5
3003143,45.0
3003144,2706.5
3003145,11.5
3003146,0.5
3003147,19.5
3003148,20.5
3003149,0.0
3003150,137.5
3003151,0.5
3003152,0.0
3003153,1.5
3003154,43.0
3003155,1.5
3003156,106.39599990844727
3003157,127.5
3003158,1.0
3003159,10.0
3003160,108.9384994506836
3003161,30.5
3003162,347.22898864746094
3003163,0.0
3003164,1.0
3003165,3.5
3003166,0.0
3003167,2.0
3003168,1302.0
3003169,0.0
3003170,245.04749298095703
3003171,16.0
3003172,489.0
3003173,455.0
3003174,97.60199737548828
3003175,45.5
3003176,71.44250106811523
3003177,1920.0
3003178,35.5
3003179,0.0
3003180,11.0
3003181,4.5
3003182,0.0
3003183,126.5
3003184,6.5
3003185,2.5
3003186,1.0
3003187,50.0
3003188,4.0
3003189,766.5055236816406
3003190,130.5
3003191,2.5
3003192,7.0
3003193,268.5709991455078
3003194,27.991000175476074
3003195,958.9125061035156
3003196,0.0
3003197,6.5
3003198,4.0
3003199,0.0
3003200,3.0
3003201,3052.5
3003202,0.0
3003203,647.1594848632812
3003204,20.0
3003205,1057.0
3003206,1095.5
3003207,227.89649963378906
3003208,188.0
3003209,170.2884979248047
3003210,3515.5
3003211,47.0
3003212,0.5
3003213,22.5
3003214,29.5
3003215,0.0
3003216,236.5
3003217,10.5
3003218,42.0
3003219,7.5
3003220,78.0
3003221,13.5
3003222,330.45750427246094
3003223,247.5
3003224,16.0
3003225,9.0
3003226,484.12550354003906
3003227,102.5094985961914
3003228,2993.0880126953125
3003229,0.0
3003230,17.46649980545044
3003231,5.0
3003232,0.0
3003233,2.0
3003234,1931.0
3003235,0.0
3003236,260.1929931640625
3003237,5.5
3003238,395.5
3003239,461.5
3003240,114.74200057983398
3003241,104.0
3003242,65.5
3003243,1591.0
3003244,17.5
3003245,0.0
3003246,11.5
3003247,12.5
3003248,0.0
3003249,105.0
3003250,0.0
3003251,27.0
3003252,2.5
3003253,171.0
3003254,3.0
3003255,175.6844940185547
3003256,103.5
3003257,4.0
3003258,8.0
3003259,149.97349548339844
3003260,31.276999473571777
3003261,1130.5540161132812
3003262,0.0
3003263,2.0
3003264,1.5
3003265,0.0
3003266,0.0
3003267,619.5
3003268,0.0
3003269,162.0
3003270,2.0
3003271,274.0
3003272,162.5
3003273,41.8695011138916
3003274,25.0
3003275,36.5
3003276,1067.5
3003277,14.0
3003278,0.0
3003279,8.0
3003280,7.0
3003281,0.0
3003282,65.5
3003283,0.0
3003284,7.0
3003285,0.0
3003286,26.5
3003287,0.0
3003288,193.3115005493164
3003289,92.5
3003290,1.0
3003291,1.5
3003292,99.95249938964844
3003293,12.0
3003294,313.0559997558594
3003295,0.5
3003296,2.5
3003297,4.5
3003298,0.0
3003299,2.5
3003300,2234.5
3003301,0.0
3003302,502.2209930419922
3003303,15.5
3003304,620.5
3003305,745.0
3003306,205.4810028076172
3003307,183.0
3003308,103.96149826049805
3003309,2820.5
3003310,16.5
3003311,2.0
3003312,22.5
3003313,23.0
3003314,0.0
3003315,182.5
3003316,2.0
3003317,28.5
3003318,5.5
3003319,114.5
3003320,4.5
3003321,213.64099884033203
3003322,167.5
3003323,8.0
3003324,5.5
3003325,276.010498046875
3003326,62.69899940490723
3003327,1896.2780151367188
3003328,1.5
3003329,6.328000068664551
3003330,5.5
3003331,0.0
3003332,3.5
3003333,2625.0
3003334,0.0
3003335,452.0
3003336,8.0
3003337,900.5
3003338,608.0
3003339,254.69400024414062
3003340,203.0
3003341,61.47999954223633
3003342,3382.3905029296875
3003343,9.5
3003344,0.0
3003345,29.0
3003346,14.5
3003347,1.0
3003348,219.5
3003349,0.0
3003350,4.5
3003351,3.5
3003352,43.0
3003353,1.5
3003354,280.1949920654297
3003355,184.5
3003356,1.5
3003357,3.5
3003358,155.135498046875
3003359,70.63800048828125
3003360,1246.3529663085938
3003361,2.0
3003362,1.0
3003363,6.5
3003364,0.0
3003365,1.0
3003366,2480.5
3003367,0.0
3003368,508.5
3003369,12.5
3003370,841.0
3003371,466.5
3003372,200.2624969482422
3003373,149.0
3003374,57.0
3003375,3231.0
3003376,9.5
3003377,0.5
3003378,22.0
3003379,17.0
3003380,0.0
3003381,214.0
3003382,0.0
3003383,5.0
3003384,5.0
3003385,92.5
3003386,1.5
3003387,126.43049621582031
3003388,175.0
3003389,5.0
3003390,2.5
3003391,161.75150299072266
3003392,44.739999771118164
3003393,876.3545227050781
3003394,2.5
3003395,6.0
3003396,10.0
3003397,1.0
3003398,10.5
3003399,6980.5
3003400,0.0
3003401,1014.7420043945312
3003402,104.0
3003403,1655.5
3003404,1671.0
3003405,303.5325012207031
3003406,390.5
3003407,303.70098876953125
3003408,6482.5
3003409,62.5
3003410,1.5
3003411,53.5
3003412,44.0
3003413,0.0
3003414,411.5
3003415,24.0
3003416,36.5
3003417,16.0
3003418,205.0
3003419,24.5
3003420,574.0749816894531
3003421,414.5
3003422,17.5
3003423,20.0
3003424,919.4114990234375
3003425,234.15249633789062
3003426,6137.71044921875
3003427,1.0
3003428,64.00900077819824
3003429,6.5
3003430,0.0
3003431,0.0
3003432,1294.5
3003433,0.0
3003434,164.5
3003435,3.5
3003436,659.5
3003437,231.0
3003438,101.0
3003439,125.0
3003440,48.5
3003441,2793.0
3003442,3.5
3003443,0.0
3003444,12.5
3003445,9.5
3003446,0.0
3003447,246.5
3003448,0.0
3003449,0.0
3003450,2.5
3003451,40.0
3003452,1.5
3003453,157.73600006103516
3003454,83.5
3003455,1.0
3003456,6.0
3003457,113.09099960327148
3003458,21.5
3003459,463.3034973144531
3003460,0.0
3003461,4.5
3003462,9.0
3003463,0.0
3003464,1.5
3003465,2621.0
3003466,0.0
3003467,442.5
3003468,11.5
3003469,1354.0
3003470,499.0
3003471,191.97150421142578
3003472,207.5
3003473,77.56999969482422
3003474,3908.3870849609375
3003475,12.5
3003476,0.0
3003477,20.0
3003478,15.5
3003479,0.0
3003480,248.5
3003481,1.5
3003482,7.0
3003483,13.0
3003484,16.0
3003485,1.5
3003486,677.4230041503906
3003487,227.5
3003488,2.5
3003489,5.5
3003490,143.68499755859375
3003491,45.083499908447266
3003492,995.5979919433594
3003493,1.0
3003494,4.5
3003495,1.5
3003496,0.0
3003497,0.5
3003498,848.0
3003499,0.0
3003500,144.0
3003501,3.5
3003502,705.0
3003503,143.5
3003504,83.5
3003505,200.5
3003506,18.97599983215332
3003507,1650.0
3003508,0.0
3003509,0.0
3003510,10.0
3003511,3.5
3003512,0.0
3003513,69.0
3003514,0.0
3003515,0.0
3003516,0.0
3003517,36.5
3003518,0.0
3003519,121.25749969482422
3003520,57.5
3003521,0.0
3003522,0.0
3003523,42.57449913024902
3003524,13.0
3003525,160.08349609375
3003526,0.0
3003527,2.0
3003528,5.5
3003529,0.0
3003530,1.0
3003531,1515.0
3003532,0.0
3003533,179.5
3003534,5.0
3003535,782.0
3003536,295.5
3003537,154.5
3003538,125.5
3003539,47.62299919128418
3003540,2336.0
3003541,3.0
3003542,1.0
3003543,27.5
3003544,14.5
3003545,0.0
3003546,150.5
3003547,0.0
3003548,0.0
3003549,11.0
3003550,25.5
3003551,1.5
3003552,344.38450622558594
3003553,169.0
3003554,1.5
3003555,5.0
3003556,197.79049682617188
3003557,17.0
3003558,992.5450134277344
3003559,0.0
3003560,0.5
3003561,2.0
3003562,0.0
3003563,1.5
3003564,2353.0
3003565,0.0
3003566,568.5
3003567,7.5
3003568,800.0
3003569,539.5
3003570,209.90350341796875
3003571,55.5
3003572,67.90200233459473
3003573,3747.3433837890625
3003574,7.0
3003575,4.0
3003576,25.0
3003577,31.0
3003578,0.0
3003579,183.0
3003580,1.5
3003581,7.0
3003582,4.5
3003583,31.5
3003584,2.5
3003585,234.65950775146484
3003586,236.5
3003587,3.0
3003588,8.0
3003589,135.79300689697266
3003590,31.0
3003591,569.0009765625
3003592,4.0
3003593,3.0
3003594,4.5
3003595,0.0
3003596,0.0
3003597,1282.0
3003598,0.0
3003599,67.0
3003600,2.5
3003601,326.5
3003602,145.5
3003603,72.5
3003604,73.5
3003605,36.0
3003606,1472.0
3003607,5.0
3003608,0.5
3003609,8.0
3003610,5.5
3003611,0.0
3003612,78.5
3003613,0.0
3003614,0.0
3003615,0.5
3003616,15.5
3003617,0.0
3003618,330.10850524902344
3003619,50.0
3003620,1.0
3003621,0.5
3003622,70.98050308227539
3003623,12.5
3003624,325.2149963378906
3003625,0.0
3003626,0.0
3003627,3.5
3003628,0.0
3003629,0.5
3003630,2962.0
3003631,0.0
3003632,429.0
3003633,13.5
3003634,784.0
3003635,484.5
3003636,154.07450103759766
3003637,185.0
3003638,49.11249923706055
3003639,3311.5699462890625
3003640,2.5
3003641,0.0
3003642,15.5
3003643,5.0
3003644,0.0
3003645,172.0
3003646,0.0
3003647,32.5
3003648,3.5
3003649,41.0
3003650,0.5
3003651,442.91700744628906
3003652,163.5
3003653,1.0
3003654,3.0
3003655,123.58599853515625
3003656,37.42900085449219
3003657,1088.9495239257812
3003658,1.0
3003659,0.0
3003660,2.5
3003661,0.0
3003662,4.5
3003663,2435.0
3003664,0.0
3003665,504.2049865722656
3003666,7.0
3003667,879.5
3003668,769.5
3003669,173.57950592041016
3003670,121.0
3003671,124.66799926757812
3003672,3576.5
3003673,61.5
3003674,1.0
3003675,40.5
3003676,35.0
3003677,0.0
3003678,227.0
3003679,15.0
3003680,24.0
3003681,1.5
3003682,120.0
3003683,7.5
3003684,212.06000518798828
3003685,248.5
3003686,13.0
3003687,15.0
3003688,241.51348876953125
3003689,88.24200439453125
3003690,2279.8905029296875
3003691,0.0
3003692,10.896999835968018
3003693,5.0
3003694,0.0
3003695,6.5
3003696,1799.5
3003697,0.0
3003698,378.2135009765625
3003699,15.0
3003700,785.5
3003701,608.5
3003702,106.4635009765625
3003703,78.5
3003704,103.5
3003705,3185.5
3003706,32.0
3003707,0.0
3003708,33.5
3003709,41.0
3003710,0.0
3003711,265.0
3003712,13.5
3003713,20.5
3003714,11.5
3003715,76.5
3003716,10.5
3003717,148.56999969482422
3003718,283.0
3003719,4.0
3003720,10.5
3003721,93.0979995727539
3003722,76.04999923706055
3003723,1804.7720336914062
3003724,0.0
3003725,19.070499420166016
3003726,7.0
3003727,0.0
3003728,2.0
3003729,3234.5
3003730,0.0
3003731,625.5
3003732,8.5
3003733,2038.5
3003734,562.0
3003735,151.7845001220703
3003736,280.5
3003737,48.0
3003738,5374.55859375
3003739,30.5
3003740,1.0
3003741,27.5
3003742,11.5
3003743,0.0
3003744,291.0
3003745,3.0
3003746,14.5
3003747,5.5
3003748,39.5
3003749,3.5
3003750,229.58499908447266
3003751,293.5
3003752,7.0
3003753,8.0
3003754,230.52699279785156
3003755,48.785499572753906
3003756,1282.677978515625
3003757,5.0
3003758,12.5
3003759,4.5
3003760,0.0
3003761,3.0
3003762,1940.0
3003763,0.0
3003764,306.8445129394531
3003765,7.0
3003766,604.0
3003767,602.5
3003768,164.73949432373047
3003769,106.5
3003770,65.70650100708008
3003771,2668.0
3003772,20.0
3003773,1.5
3003774,7.5
3003775,9.5
3003776,0.0
3003777,196.5
3003778,13.0
3003779,17.0
3003780,0.5
3003781,61.0
3003782,7.5
3003783,270.0769958496094
3003784,202.0
3003785,3.0
3003786,9.0
3003787,259.18299102783203
3003788,35.44949913024902
3003789,1626.9509887695312
3003790,0.0
3003791,17.353999137878418
3003792,3.5
3003793,0.0
3003794,3.5
3003795,4369.5
3003796,0.0
3003797,333.0
3003798,7.0
3003799,1350.5
3003800,506.5
3003801,204.0
3003802,124.0
3003803,52.25699996948242
3003804,4732.5
3003805,9.5
3003806,3.0
3003807,25.5
3003808,15.0
3003809,0.0
3003810,319.0
3003811,0.0
3003812,0.0
3003813,7.5
3003814,36.0
3003815,1.5
3003816,160.02899169921875
3003817,249.0
3003818,2.0
3003819,10.5
3003820,162.5885009765625
3003821,42.0
3003822,874.1909790039062
3003823,0.0
3003824,3.5
3003825,4.5
3003826,0.0
3003827,6.5
3003828,1630.5
3003829,0.0
3003830,383.2254943847656
3003831,11.5
3003832,1122.0
3003833,546.5
3003834,171.7544937133789
3003835,100.5
3003836,147.81600189208984
3003837,3193.5
3003838,21.5
3003839,1.0
3003840,26.0
3003841,22.0
3003842,0.0
3003843,185.5
3003844,12.0
3003845,11.5
3003846,10.5
3003847,141.0
3003848,10.0
3003849,165.9290008544922
3003850,236.0
3003851,9.0
3003852,6.0
3003853,137.07300567626953
3003854,51.41300010681152
3003855,1594.1535034179688
3003856,0.5
3003857,4.0
3003858,1.0
3003859,0.0
3003860,2.0
3003861,1952.5
3003862,0.0
3003863,362.8324890136719
3003864,6.5
3003865,627.5
3003866,704.0
3003867,149.56400299072266
3003868,114.5
3003869,99.4749984741211
3003870,2685.0
3003871,22.0
3003872,0.5
3003873,15.0
3003874,14.0
3003875,0.0
3003876,175.0
3003877,9.5
3003878,33.0
3003879,3.5
3003880,80.5
3003881,7.5
3003882,235.46749877929688
3003883,151.0
3003884,10.5
3003885,6.0
3003886,198.43399810791016
3003887,53.4375
3003888,2018.3160400390625
3003889,0.0
3003890,11.957499980926514
3003891,5.5
3003892,0.5
3003893,1.5
3003894,4262.5
3003895,0.0
3003896,476.5
3003897,8.5
3003898,1077.0
3003899,513.5
3003900,234.7645034790039
3003901,164.5
3003902,53.5
3003903,4015.491943359375
3003904,5.5
3003905,0.0
3003906,13.0
3003907,18.0
3003908,0.0
3003909,204.5
3003910,0.0
3003911,7.5
3003912,0.5
3003913,60.0
3003914,1.0
3003915,259.50599670410156
3003916,256.0
3003917,2.0
3003918,2.0
3003919,201.44000244140625
3003920,120.59249877929688
3003921,1085.4920043945312
3003922,3.0
3003923,0.5
3003924,15.5
3003925,0.0
3003926,12.0
3003927,7497.5
3003928,0.0
3003929,1269.2099609375
3003930,34.0
3003931,1989.0
3003932,1904.5
3003933,419.4104919433594
3003934,428.0
3003935,420.6125030517578
3003936,7557.0
3003937,89.5
3003938,6.0
3003939,95.5
3003940,104.5
3003941,0.0
3003942,536.5
3003943,16.5
3003944,24.0
3003945,18.5
3003946,346.5
3003947,21.0
3003948,727.1864929199219
3003949,399.5
3003950,33.0
3003951,39.0
3003952,910.2934875488281
3003953,313.3135070800781
3003954,6890.12646484375
3003955,133.5
3003956,62.69700050354004
3003957,11.5
3003958,0.0
3003959,9.5
3003960,7200.5
3003961,0.0
3003962,969.4349975585938
3003963,40.5
3003964,2194.5
3003965,1715.0
3003966,527.0489807128906
3003967,284.0
3003968,285.13250732421875
3003969,8512.5
3003970,129.0
3003971,1.5
3003972,49.0
3003973,64.5
3003974,0.0
3003975,541.5
3003976,21.5
3003977,33.0
3003978,3.0
3003979,210.5
3003980,16.5
3003981,850.9905090332031
3003982,522.0
3003983,18.0
3003984,22.0
3003985,890.56298828125
3003986,216.88099670410156
3003987,4799.817626953125
3003988,173.0
3003989,56.314998626708984
3003990,9.5
3003991,0.0
3003992,18.0
3003993,4533.5
3003994,0.0
3003995,743.5
3003996,15.0
3003997,1942.0
3003998,1200.5
3003999,623.5025024414062
3004000,98.5
3004001,212.0865020751953
3004002,7535.0
3004003,33.5
3004004,1.0
3004005,33.0
3004006,17.0
3004007,1.0
3004008,507.0
3004009,17.5
3004010,16.5
3004011,11.5
3004012,113.5
3004013,9.0
3004014,821.8055114746094
3004015,504.5
3004016,17.0
3004017,31.0
3004018,566.5440063476562
3004019,115.14550018310547
3004020,2063.8279418945312
3004021,99.0
3004022,38.712501525878906
3004023,18.0
3004024,0.0
3004025,18.5
3004026,6409.0
3004027,0.0
3004028,928.4559936523438
3004029,24.0
3004030,1967.0
3004031,1687.0
3004032,500.864990234375
3004033,268.0
3004034,200.26050567626953
3004035,8788.0
3004036,45.0
3004037,1.5
3004038,51.5
3004039,68.5
3004040,0.0
3004041,562.5
3004042,27.0
3004043,31.5
3004044,2.5
3004045,193.5
3004046,11.5
3004047,766.7409973144531
3004048,572.0
3004049,21.0
3004050,31.0
3004051,894.541015625
3004052,183.29199981689453
3004053,4529.9541015625
3004054,115.0
3004055,57.666500091552734
3004056,9.0
3004057,0.0
3004058,17.0
3004059,3950.0
3004060,0.0
3004061,629.5
3004062,13.0
3004063,1755.0
3004064,911.5
3004065,504.1614990234375
3004066,86.5
3004067,171.8314971923828
3004068,6252.5
3004069,41.0
3004070,0.0
3004071,30.0
3004072,34.0
3004073,0.0
3004074,499.5
3004075,17.5
3004076,9.0
3004077,4.0
3004078,121.5
3004079,3.0
3004080,632.6369934082031
3004081,571.5
3004082,12.5
3004083,19.5
3004084,635.3560180664062
3004085,80.63800048828125
3004086,1389.6644897460938
3004087,162.0
3004088,17.30050039291382
3004089,12.0
3004090,0.0
3004091,7.5
3004092,5237.0
3004093,0.0
3004094,918.5190124511719
3004095,27.0
3004096,1447.0
3004097,1735.5
3004098,318.91400146484375
3004099,354.0
3004100,296.1390075683594
3004101,6044.0
3004102,58.0
3004103,2.0
3004104,61.0
3004105,46.0
3004106,0.5
3004107,386.5
3004108,13.5
3004109,31.0
3004110,11.0
3004111,249.5
3004112,10.0
3004113,602.2455139160156
3004114,389.5
3004115,16.0
3004116,26.0
3004117,740.5010070800781
3004118,168.20700073242188
3004119,5619.98828125
3004120,117.0
3004121,57.24399948120117
3004122,5.0
3004123,0.0
3004124,5.5
3004125,1649.0
3004126,0.0
3004127,305.68199157714844
3004128,23.0
3004129,787.5
3004130,471.5
3004131,202.40799713134766
3004132,64.0
3004133,74.83200073242188
3004134,2497.5
3004135,36.0
3004136,0.5
3004137,33.0
3004138,22.5
3004139,0.0
3004140,187.0
3004141,10.0
3004142,6.5
3004143,12.0
3004144,57.5
3004145,2.0
3004146,233.02650451660156
3004147,199.5
3004148,2.0
3004149,9.5
3004150,176.9134979248047
3004151,56.08100128173828
3004152,1363.5120239257812
3004153,1.5
3004154,8.305500030517578
3004155,9.5
3004156,0.0
3004157,14.0
3004158,3897.0
3004159,0.0
3004160,489.6864929199219
3004161,31.5
3004162,1450.5
3004163,935.5
3004164,384.01600646972656
3004165,81.5
3004166,215.90450286865234
3004167,5900.5
3004168,91.5
3004169,1.0
3004170,56.5
3004171,31.5
3004172,0.0
3004173,366.0
3004174,10.5
3004175,8.5
3004176,1.5
3004177,136.0
3004178,7.0
3004179,483.0709991455078
3004180,451.0
3004181,11.0
3004182,14.0
3004183,331.14549255371094
3004184,84.73049926757812
3004185,1827.2674560546875
3004186,144.0
3004187,15.330999851226807
3004188,8.0
3004189,0.0
3004190,3.5
3004191,3467.5
3004192,0.0
3004193,674.9570007324219
3004194,7.0
3004195,1160.0
3004196,1206.0
3004197,200.40850067138672
3004198,270.5
3004199,175.18800354003906
3004200,4003.5
3004201,36.0
3004202,1.0
3004203,18.5
3004204,26.0
3004205,0.0
3004206,272.0
3004207,1.5
3004208,57.5
3004209,5.0
3004210,118.5
3004211,10.0
3004212,458.94549560546875
3004213,200.5
3004214,20.0
3004215,14.5
3004216,519.2700042724609
3004217,109.1259994506836
3004218,4093.992431640625
3004219,3.0
3004220,25.82800006866455
3004221,11.5
3004222,0.0
3004223,5.5
3004224,3780.0
3004225,0.0
3004226,678.8489990234375
3004227,13.5
3004228,1377.0
3004229,1003.0
3004230,303.6390075683594
3004231,178.5
3004232,330.2530059814453
3004233,5114.5
3004234,42.5
3004235,3.0
3004236,35.5
3004237,32.0
3004238,0.0
3004239,302.0
3004240,7.0
3004241,65.5
3004242,9.5
3004243,270.5
3004244,11.5
3004245,401.77549743652344
3004246,278.0
3004247,17.5
3004248,27.0
3004249,396.16249084472656
3004250,93.0255012512207
3004251,3925.3699951171875
3004252,3.0
3004253,8.70300006866455
3004254,3.0
3004255,0.0
3004256,2.0
3004257,1657.0
3004258,0.0
3004259,372.38600158691406
3004260,11.0
3004261,741.0
3004262,377.5
3004263,184.14849853515625
3004264,63.5
3004265,75.48500061035156
3004266,2394.5
3004267,14.0
3004268,1.0
3004269,31.0
3004270,20.0
3004271,0.0
3004272,145.0
3004273,3.0
3004274,7.0
3004275,10.0
3004276,57.0
3004277,3.0
3004278,209.5124969482422
3004279,183.5
3004280,5.5
3004281,5.5
3004282,132.85400009155273
3004283,51.19150161743164
3004284,1479.3665161132812
3004285,0.5
3004286,3.0
3004287,5.0
3004288,0.0
3004289,1.5
3004290,2656.5
3004291,0.0
3004292,172.0
3004293,4.5
3004294,723.5
3004295,189.5
3004296,170.0
3004297,49.5
3004298,32.15500068664551
3004299,2780.5
3004300,11.5
3004301,0.0
3004302,15.0
3004303,9.0
3004304,0.0
3004305,165.0
3004306,0.0
3004307,0.0
3004308,1.5
3004309,12.0
3004310,1.5
3004311,56.24300003051758
3004312,144.5
3004313,0.0
3004314,1.5
3004315,50.875999450683594
3004316,70.0
3004317,509.3055114746094
3004318,0.0
3004319,2.5
3004320,6.5
3004321,0.0
3004322,4.5
3004323,2627.5
3004324,0.0
3004325,438.9129943847656
3004326,15.5
3004327,1013.5
3004328,759.0
3004329,252.1104965209961
3004330,128.0
3004331,104.5
3004332,3948.5
3004333,27.0
3004334,2.0
3004335,18.0
3004336,42.5
3004337,0.0
3004338,255.0
3004339,17.5
3004340,20.5
3004341,13.5
3004342,70.5
3004343,5.5
3004344,366.35699462890625
3004345,249.5
3004346,9.0
3004347,15.0
3004348,402.4864959716797
3004349,78.19599914550781
3004350,1859.20947265625
3004351,0.0
3004352,19.513999938964844
3004353,4.5
3004354,0.0
3004355,5.0
3004356,3262.0
3004357,0.0
3004358,566.1325073242188
3004359,16.0
3004360,919.0
3004361,1112.5
3004362,151.01200103759766
3004363,234.0
3004364,172.16950225830078
3004365,3462.5
3004366,35.5
3004367,2.0
3004368,32.5
3004369,26.0
3004370,0.5
3004371,220.0
3004372,12.5
3004373,35.5
3004374,11.0
3004375,132.5
3004376,8.0
3004377,371.6219940185547
3004378,210.5
3004379,6.0
3004380,11.0
3004381,542.4830017089844
3004382,112.19649887084961
3004383,4258.610107421875
3004384,0.0
3004385,30.04050064086914
3004386,3.5
3004387,0.5
3004388,7.5
3004389,3821.5
3004390,0.0
3004391,713.1399841308594
3004392,25.0
3004393,989.0
3004394,1169.5
3004395,219.02749633789062
3004396,235.0
3004397,118.5
3004398,4037.5
3004399,30.0
3004400,1.5
3004401,25.5
3004402,38.0
3004403,0.0
3004404,279.0
3004405,26.0
3004406,27.0
3004407,36.5
3004408,153.0
3004409,21.5
3004410,377.81500244140625
3004411,256.0
3004412,12.0
3004413,14.5
3004414,452.0745086669922
3004415,143.61400604248047
3004416,3279.427978515625
3004417,0.5
3004418,29.970499992370605
3004419,12.0
3004420,0.0
3004421,4.5
3004422,2551.0
3004423,0.0
3004424,426.0
3004425,8.5
3004426,1238.0
3004427,581.0
3004428,416.38648986816406
3004429,168.5
3004430,96.95599746704102
3004431,5036.538818359375
3004432,10.5
3004433,0.5
3004434,46.5
3004435,30.5
3004436,0.0
3004437,324.0
3004438,7.5
3004439,5.0
3004440,6.5
3004441,30.5
3004442,3.5
3004443,521.7460021972656
3004444,349.0
3004445,8.5
3004446,7.0
3004447,348.9519958496094
3004448,87.88150024414062
3004449,1125.3054809570312
3004450,72.5
3004451,11.97100019454956
3004452,7.5
3004453,0.0
3004454,2.0
3004455,2418.5
3004456,0.0
3004457,394.34449768066406
3004458,22.0
3004459,721.5
3004460,726.0
3004461,156.7050018310547
3004462,146.5
3004463,132.0
3004464,2673.5
3004465,14.5
3004466,1.5
3004467,37.0
3004468,18.0
3004469,0.0
3004470,164.5
3004471,11.5
3004472,23.0
3004473,3.5
3004474,138.0
3004475,5.5
3004476,592.886474609375
3004477,129.5
3004478,4.5
3004479,6.0
3004480,488.54150390625
3004481,72.27349853515625
3004482,2472.1650390625
3004483,0.0
3004484,32.69350051879883
3004485,1.5
3004486,0.0
3004487,1.0
3004488,1536.5
3004489,0.0
3004490,81.0
3004491,5.0
3004492,682.5
3004493,238.0
3004494,325.0
3004495,33.5
3004496,32.0
3004497,2281.5
3004498,5.0
3004499,0.0
3004500,7.5
3004501,8.5
3004502,0.0
3004503,139.5
3004504,2.0
3004505,0.0
3004506,1.5
3004507,19.5
3004508,0.5
3004509,144.27549743652344
3004510,167.0
3004511,1.5
3004512,3.5
3004513,176.2519989013672
3004514,25.0
3004515,241.19400024414062
3004516,0.0
3004517,0.5
3004518,10.0
3004519,0.0
3004520,4.5
3004521,5716.5
3004522,0.0
3004523,672.0
3004524,17.0
3004525,1669.0
3004526,579.0
3004527,617.1750183105469
3004528,377.5
3004529,109.5
3004530,6925.1484375
3004531,27.5
3004532,0.0
3004533,20.5
3004534,24.5
3004535,0.0
3004536,439.5
3004537,8.5
3004538,2.0
3004539,7.5
3004540,71.5
3004541,1.0
3004542,619.2130126953125
3004543,311.5
3004544,2.0
3004545,14.5
3004546,558.718994140625
3004547,91.77799987792969
3004548,1620.7655029296875
3004549,11.0
3004550,7.0
3004551,6.5
3004552,0.0
3004553,0.5
3004554,1492.5
3004555,0.0
3004556,164.5
3004557,25.5
3004558,768.5
3004559,324.0
3004560,248.0
3004561,49.0
3004562,47.55200004577637
3004563,2665.5
3004564,11.5
3004565,0.5
3004566,11.0
3004567,17.5
3004568,0.0
3004569,134.0
3004570,4.0
3004571,0.0
3004572,3.5
3004573,52.0
3004574,1.5
3004575,114.79999923706055
3004576,147.0
3004577,1.5
3004578,4.5
3004579,173.62249755859375
3004580,31.0
3004581,317.510009765625
3004582,0.0
3004583,2.0
3004584,5.5
3004585,0.0
3004586,3.0
3004587,1887.0
3004588,0.0
3004589,100.5
3004590,6.0
3004591,713.0
3004592,244.5
3004593,160.0
3004594,33.5
3004595,34.5
3004596,2756.5
3004597,23.5
3004598,0.0
3004599,11.5
3004600,8.0
3004601,0.0
3004602,129.5
3004603,2.0
3004604,0.0
3004605,1.0
3004606,59.0
3004607,0.0
3004608,146.64849853515625
3004609,137.5
3004610,0.5
3004611,6.5
3004612,104.9370002746582
3004613,18.5
3004614,202.31849670410156
3004615,0.0
3004616,3.0
3004617,2.5
3004618,0.0
3004619,1.0
3004620,1595.0
3004621,0.0
3004622,148.0
3004623,14.5
3004624,856.5
3004625,328.5
3004626,346.0
3004627,37.0
3004628,52.0
3004629,2958.0
3004630,12.5
3004631,0.0
3004632,6.0
3004633,18.5
3004634,0.0
3004635,153.0
3004636,0.5
3004637,0.0
3004638,3.0
3004639,30.0
3004640,1.5
3004641,245.49250030517578
3004642,245.0
3004643,0.5
3004644,5.0
3004645,69.22200012207031
3004646,87.5
3004647,324.02301025390625
3004648,0.0
3004649,4.0
3004650,3.0
3004651,0.0
3004652,4.0
3004653,1735.0
3004654,0.0
3004655,150.5
3004656,0.5
3004657,923.5
3004658,299.5
3004659,306.5
3004660,78.5
3004661,70.5
3004662,2563.0
3004663,8.0
3004664,1.0
3004665,17.0
3004666,18.5
3004667,0.0
3004668,214.0
3004669,8.5
3004670,0.0
3004671,2.0
3004672,39.5
3004673,2.5
3004674,116.49499893188477
3004675,153.0
3004676,0.5
3004677,4.0
3004678,128.1760025024414
3004679,44.0
3004680,530.8445129394531
3004681,0.0
3004682,3.0
3004683,4.5
3004684,0.0
3004685,1.0
3004686,1603.0
3004687,0.0
3004688,109.0
3004689,6.0
3004690,622.0
3004691,202.0
3004692,157.0
3004693,87.0
3004694,47.769500732421875
3004695,1784.0
3004696,5.5
3004697,0.0
3004698,6.5
3004699,11.0
3004700,0.0
3004701,150.0
3004702,0.0
3004703,0.0
3004704,3.0
3004705,53.0
3004706,0.5
3004707,44.39350128173828
3004708,106.5
3004709,1.0
3004710,1.0
3004711,59.01250076293945
3004712,24.0
3004713,480.0090026855469
3004714,0.0
3004715,0.0
3004716,9.0
3004717,1.0
3004718,2.5
3004719,2851.0
3004720,0.0
3004721,272.0
3004722,8.0
3004723,937.0
3004724,524.0
3004725,612.0
3004726,162.5
3004727,87.13199996948242
3004728,3818.5
3004729,14.0
3004730,0.5
3004731,22.0
3004732,20.5
3004733,0.0
3004734,239.5
3004735,1.0
3004736,0.0
3004737,4.0
3004738,73.0
3004739,2.5
3004740,214.84600067138672
3004741,214.5
3004742,1.5
3004743,6.0
3004744,336.7980041503906
3004745,59.5
3004746,1077.4154663085938
3004747,0.5
3004748,13.0
3004749,4.5
3004750,0.0
3004751,1.5
3004752,1653.5
3004753,0.0
3004754,455.5
3004755,12.0
3004756,507.5
3004757,434.5
3004758,186.6790008544922
3004759,120.0
3004760,55.5
3004761,2132.6559448242188
3004762,9.0
3004763,0.0
3004764,17.5
3004765,13.0
3004766,0.0
3004767,129.5
3004768,4.5
3004769,7.0
3004770,2.0
3004771,87.0
3004772,0.5
3004773,73.5
3004774,121.5
3004775,3.0
3004776,4.5
3004777,193.8820037841797
3004778,45.7495002746582
3004779,1177.5704956054688
3004780,12.0
3004781,7.559999942779541
3004782,6.5
3004783,1.0
3004784,2.5
3004785,2994.5
3004786,0.0
3004787,141.0
3004788,7.5
3004789,762.0
3004790,302.0
3004791,265.0
3004792,39.0
3004793,46.5
3004794,3426.0
3004795,44.0
3004796,2.5
3004797,15.0
3004798,13.0
3004799,0.0
3004800,171.5
3004801,6.5
3004802,0.0
3004803,5.5
3004804,78.0
3004805,3.0
3004806,132.43699645996094
3004807,221.0
3004808,2.5
3004809,6.0
3004810,114.59349822998047
3004811,18.0
3004812,383.5090026855469
3004813,0.0
3004814,2.5
3004815,8.5
3004816,0.0
3004817,6.0
3004818,3061.5
3004819,0.0
3004820,595.0
3004821,12.5
3004822,926.5
3004823,840.0
3004824,269.84999084472656
3004825,177.5
3004826,131.5
3004827,3956.0
3004828,38.5
3004829,3.0
3004830,20.5
3004831,18.0
3004832,0.0
3004833,252.0
3004834,20.5
3004835,14.0
3004836,7.5
3004837,131.5
3004838,8.5
3004839,1297.156982421875
3004840,235.5
3004841,11.0
3004842,7.0
3004843,634.5185241699219
3004844,93.03900146484375
3004845,2141.776611328125
3004846,0.0
3004847,31.65750026702881
3004848,6.5
3004849,0.0
3004850,3.5
3004851,3709.0
3004852,0.0
3004853,397.5
3004854,7.5
3004855,1263.0
3004856,541.0
3004857,1000.2414855957031
3004858,111.5
3004859,116.81999969482422
3004860,5823.50732421875
3004861,14.5
3004862,0.0
3004863,21.5
3004864,12.5
3004865,0.0
3004866,294.5
3004867,3.5
3004868,6.5
3004869,3.0
3004870,78.0
3004871,1.0
3004872,265.6959991455078
3004873,273.0
3004874,3.5
3004875,4.0
3004876,641.9709777832031
3004877,74.0265007019043
3004878,831.7994995117188
3004879,7.0
3004880,9.935999870300293
3004881,10.0
3004882,0.0
3004883,1.0
3004884,3016.5
3004885,0.0
3004886,337.0
3004887,4.5
3004888,1297.0
3004889,458.0
3004890,294.4700012207031
3004891,180.0
3004892,97.5
3004893,3904.04296875
3004894,13.0
3004895,0.5
3004896,36.5
3004897,23.0
3004898,0.0
3004899,259.5
3004900,3.0
3004901,3.0
3004902,8.5
3004903,118.0
3004904,3.0
3004905,96.92350006103516
3004906,252.5
3004907,2.5
3004908,5.5
3004909,159.48049926757812
3004910,160.09300231933594
3004911,1053.9519653320312
3004912,0.5
3004913,4.5
3004914,3.5
3004915,0.0
3004916,1.5
3004917,1535.5
3004918,0.0
3004919,241.0
3004920,6.5
3004921,618.0
3004922,301.0
3004923,116.5
3004924,72.0
3004925,57.0
3004926,2267.5
3004927,9.0
3004928,1.0
3004929,26.0
3004930,14.0
3004931,0.0
3004932,170.0
3004933,1.0
3004934,0.0
3004935,5.5
3004936,210.5
3004937,3.0
3004938,121.18550109863281
3004939,129.5
3004940,0.0
3004941,5.5
3004942,284.093505859375
3004943,31.5
3004944,958.375
3004945,0.5
3004946,0.5
3004947,1.0
3004948,0.0
3004949,1.5
3004950,1378.5
3004951,0.0
3004952,273.13499450683594
3004953,11.5
3004954,578.5
3004955,505.5
3004956,126.73400115966797
3004957,54.5
3004958,90.5
3004959,2001.0
3004960,27.5
3004961,1.0
3004962,8.5
3004963,12.5
3004964,0.0
3004965,119.0
3004966,9.0
3004967,3.0
3004968,3.5
3004969,69.5
3004970,5.5
3004971,516.3419952392578
3004972,134.0
3004973,4.5
3004974,6.5
3004975,367.3524932861328
3004976,37.84949970245361
3004977,1189.5060424804688
3004978,0.0
3004979,8.834499835968018
3004980,3.5
3004981,0.0
3004982,4.0
3004983,3602.5
3004984,0.0
3004985,762.2055053710938
3004986,25.0
3004987,1206.0
3004988,1278.5
3004989,310.65699768066406
3004990,264.0
3004991,234.93699645996094
3004992,4521.5
3004993,38.5
3004994,1.5
3004995,18.0
3004996,27.0
3004997,0.0
3004998,248.0
3004999,12.0
3005000,37.0
3005001,10.5
3005002,132.5
3005003,13.5
3005004,730.1315002441406
3005005,260.5
3005006,12.5
3005007,8.5
3005008,800.7160034179688
3005009,132.15699768066406
3005010,3602.0025634765625
3005011,0.0
3005012,42.02950096130371
3005013,5.0
3005014,0.5
3005015,6.0
3005016,2297.5
3005017,0.0
3005018,444.5985107421875
3005019,9.0
3005020,513.5
3005021,604.0
3005022,176.06800079345703
3005023,136.5
3005024,117.677001953125
3005025,2135.0
3005026,21.5
3005027,1.0
3005028,25.5
3005029,14.0
3005030,0.0
3005031,123.0
3005032,0.0
3005033,39.5
3005034,1.5
3005035,280.5
3005036,8.0
3005037,455.53851318359375
3005038,109.0
3005039,6.5
3005040,7.0
3005041,305.2279968261719
3005042,47.84499931335449
3005043,1813.9235229492188
3005044,0.0
3005045,9.0
3005046,3.5
3005047,0.0
3005048,0.5
3005049,692.0
3005050,0.0
3005051,214.5
3005052,6.5
3005053,402.5
3005054,224.5
3005055,101.64450073242188
3005056,32.0
3005057,36.237998962402344
3005058,1415.5
3005059,13.5
3005060,1.0
3005061,13.5
3005062,8.0
3005063,0.5
3005064,67.5
3005065,0.0
3005066,21.0
3005067,0.5
3005068,26.5
3005069,0.0
3005070,450.0970001220703
3005071,107.5
3005072,3.5
3005073,2.5
3005074,248.54700469970703
3005075,18.0
3005076,505.60150146484375
3005077,0.0
3005078,1.0
3005079,3.5
3005080,0.0
3005081,2.5
3005082,2432.0
3005083,0.0
3005084,496.3705139160156
3005085,13.5
3005086,704.0
3005087,769.5
3005088,297.19049072265625
3005089,208.5
3005090,159.93099975585938
3005091,3128.5
3005092,24.0
3005093,1.5
3005094,33.5
3005095,15.5
3005096,0.0
3005097,193.5
3005098,1.5
3005099,35.0
3005100,9.5
3005101,227.0
3005102,3.5
3005103,414.30999755859375
3005104,181.5
3005105,8.0
3005106,11.5
3005107,452.1510009765625
3005108,70.79499816894531
3005109,2141.8555297851562
3005110,0.5
3005111,23.220999717712402
3005112,4.5
3005113,0.0
3005114,1.0
3005115,3048.5
3005116,0.0
3005117,435.5
3005118,18.0
3005119,1066.0
3005120,649.5
3005121,455.3424987792969
3005122,135.5
3005123,96.0
3005124,4074.5274658203125
3005125,13.5
3005126,0.0
3005127,30.5
3005128,27.0
3005129,0.5
3005130,196.0
3005131,0.0
3005132,4.5
3005133,5.0
3005134,66.5
3005135,1.5
3005136,172.30250549316406
3005137,263.0
3005138,5.0
3005139,4.5
3005140,206.38999938964844
3005141,77.54800033569336
3005142,960.5329895019531
3005143,2.0
3005144,0.0
3005145,3.0
3005146,0.0
3005147,2.5
3005148,2819.5
3005149,0.0
3005150,529.5
3005151,15.5
3005152,938.0
3005153,520.5
3005154,275.3500061035156
3005155,146.0
3005156,93.69200134277344
3005157,3194.698974609375
3005158,12.5
3005159,0.5
3005160,23.5
3005161,19.5
3005162,0.0
3005163,196.0
3005164,0.0
3005165,5.0
3005166,1.5
3005167,134.5
3005168,0.5
3005169,104.42150115966797
3005170,178.5
3005171,4.0
3005172,3.0
3005173,227.10250091552734
3005174,57.5890007019043
3005175,786.6230163574219
3005176,2.0
3005177,6.5
3005178,11.0
3005179,0.0
3005180,11.5
3005181,7967.0
3005182,0.0
3005183,1176.1820068359375
3005184,38.5
3005185,1951.0
3005186,2099.0
3005187,427.0124969482422
3005188,524.5
3005189,409.39349365234375
3005190,8241.0
3005191,81.5
3005192,4.0
3005193,53.5
3005194,59.5
3005195,0.0
3005196,513.0
3005197,42.0
3005198,65.5
3005199,21.0
3005200,365.5
3005201,38.0
3005202,1333.4609985351562
3005203,521.0
3005204,21.0
3005205,22.0
3005206,1553.885498046875
3005207,261.6080017089844
3005208,7219.233154296875
3005209,1.5
3005210,116.77250289916992
3005211,3.0
3005212,0.5
3005213,1.0
3005214,1082.5
3005215,0.0
3005216,119.5
3005217,3.0
3005218,489.0
3005219,214.0
3005220,134.5
3005221,139.5
3005222,46.0
3005223,1597.0
3005224,3.0
3005225,0.0
3005226,13.5
3005227,8.5
3005228,0.0
3005229,97.0
3005230,0.0
3005231,0.0
3005232,4.5
3005233,67.0
3005234,1.0
3005235,50.77250099182129
3005236,81.5
3005237,4.5
3005238,3.0
3005239,146.64649963378906
3005240,19.0
3005241,433.37400817871094
3005242,0.0
3005243,5.0
3005244,9.5
3005245,0.0
3005246,3.0
3005247,3134.5
3005248,0.0
3005249,538.0
3005250,13.5
3005251,1123.0
3005252,563.0
3005253,328.7174987792969
3005254,327.0
3005255,107.22200012207031
3005256,4204.422119140625
3005257,7.0
3005258,0.0
3005259,25.5
3005260,27.5
3005261,0.0
3005262,251.5
3005263,0.0
3005264,6.5
3005265,9.0
3005266,18.5
3005267,1.0
3005268,332.1024932861328
3005269,213.0
3005270,2.0
3005271,6.5
3005272,150.01300048828125
3005273,58.45199966430664
3005274,1138.0205078125
3005275,0.0
3005276,3.5
3005277,1.0
3005278,0.0
3005279,1.0
3005280,902.5
3005281,0.0
3005282,90.5
3005283,4.0
3005284,379.5
3005285,119.0
3005286,100.0
3005287,145.5
3005288,17.0
3005289,1462.5
3005290,1.5
3005291,0.0
3005292,8.5
3005293,3.0
3005294,0.0
3005295,70.0
3005296,0.0
3005297,0.0
3005298,0.5
3005299,78.5
3005300,0.0
3005301,61.47949981689453
3005302,61.0
3005303,1.0
3005304,2.0
3005305,63.91300010681152
3005306,9.0
3005307,185.56649780273438
3005308,0.0
3005309,2.0
3005310,5.5
3005311,0.0
3005312,2.0
3005313,1788.0
3005314,0.0
3005315,163.0
3005316,8.5
3005317,813.5
3005318,305.5
3005319,210.5
3005320,90.5
3005321,83.39799880981445
3005322,2602.0
3005323,4.5
3005324,0.0
3005325,18.5
3005326,13.5
3005327,0.0
3005328,159.5
3005329,0.0
3005330,0.0
3005331,10.0
3005332,39.0
3005333,0.5
3005334,202.62149810791016
3005335,166.5
3005336,1.5
3005337,1.5
3005338,274.2869873046875
3005339,31.5
3005340,1013.4329833984375
3005341,0.0
3005342,0.0
3005343,3.0
3005344,0.5
3005345,0.5
3005346,2516.5
3005347,0.0
3005348,689.5
3005349,11.5
3005350,890.5
3005351,588.5
3005352,254.93199920654297
3005353,149.0
3005354,87.68050003051758
3005355,4081.093994140625
3005356,5.5
3005357,6.0
3005358,36.5
3005359,38.5
3005360,0.0
3005361,213.5
3005362,1.0
3005363,8.5
3005364,2.5
3005365,45.0
3005366,3.5
3005367,170.5719985961914
3005368,235.5
3005369,4.0
3005370,6.0
3005371,183.6814956665039
3005372,34.141000747680664
3005373,642.1545104980469
3005374,1.0
3005375,0.5
3005376,4.0
3005377,0.0
3005378,0.5
3005379,1292.5
3005380,0.0
3005381,94.5
3005382,6.5
3005383,417.0
3005384,132.0
3005385,107.0
3005386,137.5
3005387,69.47550010681152
3005388,1563.0
3005389,7.0
3005390,0.5
3005391,11.5
3005392,7.0
3005393,0.0
3005394,93.5
3005395,0.0
3005396,0.0
3005397,0.0
3005398,22.5
3005399,1.5
3005400,157.7024917602539
3005401,58.5
3005402,0.5
3005403,1.0
3005404,77.22550201416016
3005405,18.0
3005406,329.6739959716797
3005407,0.0
3005408,0.0
3005409,7.5
3005410,0.0
3005411,0.5
3005412,4083.5
3005413,0.0
3005414,523.5
3005415,12.5
3005416,880.5
3005417,482.5
3005418,222.29100036621094
3005419,107.5
3005420,139.5
3005421,3908.488037109375
3005422,13.5
3005423,0.5
3005424,17.5
3005425,8.0
3005426,0.0
3005427,225.5
3005428,0.0
3005429,36.5
3005430,3.5
3005431,44.0
3005432,1.5
3005433,208.31600189208984
3005434,212.0
3005435,2.5
3005436,2.0
3005437,123.47550201416016
3005438,45.054500579833984
3005439,1157.781494140625
3005440,0.0
3005441,3.5
3005442,2.0
3005443,0.0
3005444,4.5
3005445,3298.0
3005446,0.0
3005447,503.5059814453125
3005448,9.5
3005449,895.5
3005450,910.0
3005451,176.32350158691406
3005452,136.5
3005453,150.6500015258789
3005454,3743.0
3005455,66.5
3005456,2.0
3005457,47.5
3005458,19.5
3005459,0.0
3005460,232.5
3005461,17.5
3005462,29.0
3005463,2.0
3005464,149.5
3005465,6.5
3005466,351.9965057373047
3005467,234.5
3005468,12.5
3005469,13.5
3005470,304.02650451660156
3005471,79.23099899291992
3005472,2604.844970703125
3005473,0.0
3005474,14.336999893188477
3005475,6.5
3005476,0.0
3005477,4.0
3005478,2160.5
3005479,0.0
3005480,376.9635009765625
3005481,13.0
3005482,903.5
3005483,792.0
3005484,156.51549530029297
3005485,80.0
3005486,122.5
3005487,3424.5
3005488,21.0
3005489,1.0
3005490,33.0
3005491,46.0
3005492,0.0
3005493,319.5
3005494,11.0
3005495,17.0
3005496,8.0
3005497,132.5
3005498,13.5
3005499,231.17850494384766
3005500,340.0
3005501,9.5
3005502,3.0
3005503,192.96649932861328
3005504,105.38200378417969
3005505,1920.5560302734375
3005506,0.0
3005507,14.843999862670898
3005508,9.0
3005509,0.0
3005510,3.0
3005511,3342.0
3005512,0.0
3005513,638.5
3005514,5.5
3005515,1260.0
3005516,593.0
3005517,182.92499542236328
3005518,234.5
3005519,84.5525016784668
3005520,5075.945556640625
3005521,23.0
3005522,0.5
3005523,17.5
3005524,17.5
3005525,0.0
3005526,278.0
3005527,2.5
3005528,23.0
3005529,6.0
3005530,73.0
3005531,4.0
3005532,137.91600036621094
3005533,252.0
3005534,6.5
3005535,13.5
3005536,322.4704895019531
3005537,64.1924991607666
3005538,1556.2520141601562
3005539,4.5
3005540,18.5
3005541,3.5
3005542,0.0
3005543,4.5
3005544,2638.5
3005545,0.0
3005546,348.62249755859375
3005547,7.0
3005548,826.0
3005549,718.5
3005550,235.54100036621094
3005551,139.5
3005552,117.0359992980957
3005553,3426.5
3005554,28.0
3005555,2.0
3005556,17.0
3005557,13.0
3005558,0.5
3005559,226.5
3005560,18.5
3005561,32.5
3005562,1.0
3005563,164.5
3005564,7.5
3005565,600.0794982910156
3005566,205.5
3005567,5.5
3005568,12.5
3005569,457.2060089111328
3005570,49.02350044250488
3005571,2061.0579833984375
3005572,0.0
3005573,30.659000396728516
3005574,4.5
3005575,0.0
3005576,2.5
3005577,6158.0
3005578,0.0
3005579,346.0
3005580,9.0
3005581,1463.0
3005582,513.5
3005583,304.5
3005584,148.0
3005585,92.14850234985352
3005586,5661.0
3005587,13.5
3005588,2.5
3005589,26.5
3005590,21.0
3005591,0.0
3005592,307.5
3005593,0.0
3005594,0.0
3005595,6.0
3005596,36.5
3005597,3.0
3005598,137.22049713134766
3005599,270.0
3005600,5.0
3005601,8.0
3005602,281.75999450683594
3005603,51.0
3005604,1007.6064758300781
3005605,0.0
3005606,3.5
3005607,8.0
3005608,0.0
3005609,6.5
3005610,2271.5
3005611,0.0
3005612,404.8684997558594
3005613,15.0
3005614,1022.5
3005615,628.0
3005616,235.322998046875
3005617,119.0
3005618,236.07849884033203
3005619,3620.0
3005620,40.0
3005621,1.0
3005622,13.5
3005623,27.0
3005624,0.0
3005625,227.5
3005626,13.5
3005627,33.5
3005628,7.5
3005629,159.5
3005630,8.5
3005631,377.0635070800781
3005632,231.5
3005633,13.5
3005634,9.0
3005635,232.2205047607422
3005636,67.50149917602539
3005637,1904.6409912109375
3005638,0.5
3005639,5.145000219345093
3005640,2.5
3005641,0.0
3005642,3.5
3005643,2663.0
3005644,0.0
3005645,399.37548828125
3005646,12.5
3005647,663.5
3005648,854.0
3005649,191.6685028076172
3005650,137.0
3005651,139.8730010986328
3005652,2877.0
3005653,28.5
3005654,0.5
3005655,17.5
3005656,11.0
3005657,0.0
3005658,175.0
3005659,11.5
3005660,39.0
3005661,6.0
3005662,80.5
3005663,11.0
3005664,303.5115051269531
3005665,217.5
3005666,7.0
3005667,9.0
3005668,268.57000732421875
3005669,51.90399932861328
3005670,2222.3629150390625
3005671,0.0
3005672,17.313499927520752
3005673,5.5
3005674,0.0
3005675,5.0
3005676,4617.0
3005677,0.0
3005678,543.0
3005679,21.0
3005680,1279.0
3005681,554.0
3005682,307.51251220703125
3005683,203.0
3005684,97.10950088500977
3005685,4603.304443359375
3005686,12.5
3005687,0.0
3005688,10.0
3005689,21.5
3005690,0.0
3005691,254.5
3005692,0.0
3005693,8.0
3005694,0.5
3005695,76.5
3005696,1.0
3005697,208.27349853515625
3005698,307.5
3005699,4.0
3005700,1.5
3005701,381.8365020751953
3005702,137.13150024414062
3005703,1467.8370361328125
3005704,1.5
3005705,1.0
3005706,13.5
3005707,0.0
3005708,14.5
3005709,9271.5
3005710,0.0
3005711,1594.29052734375
3005712,29.0
3005713,2321.0
3005714,2406.0
3005715,615.5
3005716,640.5
3005717,538.9825134277344
3005718,9662.5
3005719,98.0
3005720,6.0
3005721,113.5
3005722,109.5
3005723,0.0
3005724,654.5
3005725,28.0
3005726,28.0
3005727,22.5
3005728,499.5
3005729,27.0
3005730,1491.635498046875
3005731,574.0
3005732,36.5
3005733,34.5
3005734,1726.5220336914062
3005735,271.6724853515625
3005736,8420.82666015625
3005737,193.5
3005738,123.08150100708008
3005739,17.0
3005740,0.0
3005741,14.0
3005742,9296.5
3005743,0.0
3005744,1305.7239990234375
3005745,27.0
3005746,2714.5
3005747,2280.0
3005748,844.9284973144531
3005749,398.0
3005750,454.031005859375
3005751,11164.5
3005752,163.5
3005753,1.5
3005754,93.5
3005755,80.0
3005756,0.5
3005757,638.5
3005758,22.0
3005759,56.0
3005760,3.0
3005761,350.5
3005762,21.5
3005763,2112.6485595703125
3005764,706.0
3005765,20.0
3005766,34.5
3005767,1770.2565307617188
3005768,294.2300109863281
3005769,6162.30224609375
3005770,434.5
3005771,116.93799591064453
3005772,11.0
3005773,0.0
3005774,14.0
3005775,5911.5
3005776,0.0
3005777,814.5
3005778,18.0
3005779,2250.5
3005780,1405.5
3005781,908.9960021972656
3005782,136.0
3005783,317.68050384521484
3005784,9252.0
3005785,47.0
3005786,3.0
3005787,29.0
3005788,25.0
3005789,0.0
3005790,586.0
3005791,17.0
3005792,35.5
3005793,4.5
3005794,177.0
3005795,12.0
3005796,1898.6680297851562
3005797,693.5
3005798,20.0
3005799,41.5
3005800,993.00048828125
3005801,156.0875015258789
3005802,2591.4735107421875
3005803,151.0
3005804,55.6614990234375
3005805,20.0
3005806,0.0
3005807,20.0
3005808,8857.0
3005809,0.0
3005810,1185.9815063476562
3005811,28.5
3005812,2337.5
3005813,2099.5
3005814,806.0954895019531
3005815,365.0
3005816,288.7060089111328
3005817,10015.5
3005818,77.5
3005819,2.0
3005820,63.5
3005821,79.0
3005822,0.5
3005823,609.5
3005824,29.5
3005825,45.5
3005826,5.0
3005827,343.0
3005828,17.5
3005829,1724.8624877929688
3005830,673.5
3005831,21.0
3005832,27.5
3005833,1410.2985229492188
3005834,248.9080047607422
3005835,5240.953125
3005836,259.0
3005837,91.97700119018555
3005838,12.0
3005839,0.0
3005840,16.0
3005841,5010.0
3005842,0.0
3005843,760.0
3005844,18.5
3005845,1938.5
3005846,1154.0
3005847,707.9194946289062
3005848,112.0
3005849,188.19749450683594
3005850,7779.0
3005851,53.0
3005852,1.0
3005853,34.5
3005854,34.5
3005855,0.0
3005856,563.0
3005857,17.0
3005858,15.0
3005859,2.0
3005860,175.0
3005861,5.0
3005862,1513.79150390625
3005863,841.5
3005864,14.5
3005865,23.5
3005866,1128.7630004882812
3005867,85.58399963378906
3005868,1819.511474609375
3005869,222.5
3005870,32.12150001525879
3005871,16.5
3005872,0.0
3005873,9.0
3005874,6769.0
3005875,0.0
3005876,1276.156494140625
3005877,33.5
3005878,1681.0
3005879,2232.0
3005880,523.1175079345703
3005881,501.5
3005882,422.4964904785156
3005883,7589.5
3005884,75.5
3005885,1.0
3005886,56.0
3005887,49.0
3005888,0.0
3005889,458.5
3005890,13.0
3005891,51.0
3005892,12.0
3005893,373.0
3005894,19.5
3005895,1428.4334716796875
3005896,484.0
3005897,18.5
3005898,29.0
3005899,1283.8500366210938
3005900,247.9759979248047
3005901,7004.616455078125
3005902,228.5
3005903,112.54900360107422
3005904,6.5
3005905,0.0
3005906,4.5
3005907,1703.0
3005908,0.0
3005909,312.6790008544922
3005910,31.0
3005911,830.5
3005912,485.0
3005913,247.54549407958984
3005914,89.0
3005915,121.09149932861328
3005916,2854.0
3005917,50.5
3005918,2.0
3005919,31.0
3005920,17.0
3005921,0.0
3005922,183.5
3005923,11.0
3005924,14.0
3005925,6.5
3005926,83.5
3005927,7.0
3005928,327.00999450683594
3005929,205.0
3005930,4.0
3005931,7.5
3005932,300.2834930419922
3005933,56.30500030517578
3005934,1547.3510131835938
3005935,1.0
3005936,9.560999870300293
3005937,13.5
3005938,0.0
3005939,11.0
3005940,4324.0
3005941,0.0
3005942,648.2885131835938
3005943,34.5
3005944,1707.5
3005945,1021.5
3005946,520.1919860839844
3005947,98.5
3005948,192.0
3005949,6424.0
3005950,112.5
3005951,1.0
3005952,72.0
3005953,34.5
3005954,0.0
3005955,444.5
3005956,16.5
3005957,10.0
3005958,4.5
3005959,186.5
3005960,6.5
3005961,846.135009765625
3005962,508.0
3005963,12.0
3005964,18.0
3005965,504.843994140625
3005966,86.08150100708008
3005967,2072.2050170898438
3005968,169.5
3005969,28.24000072479248
3005970,9.5
3005971,0.0
3005972,5.0
3005973,4758.0
3005974,0.0
3005975,862.2825012207031
3005976,15.5
3005977,1486.0
3005978,1681.0
3005979,341.7045135498047
3005980,417.5
3005981,391.6365051269531
3005982,5334.0
3005983,50.0
3005984,1.0
3005985,35.0
3005986,32.0
3005987,0.0
3005988,335.0
3005989,1.0
3005990,55.5
3005991,6.0
3005992,228.0
3005993,10.0
3005994,1160.7224731445312
3005995,275.0
3005996,25.5
3005997,9.0
3005998,3426.576904296875
3005999,138.5374984741211
3006000,5383.290283203125
3006001,2.0
3006002,72.83949661254883
3006003,9.0
3006004,0.0
3006005,8.5
3006006,4942.0
3006007,0.0
3006008,1007.760986328125
3006009,18.0
3006010,1826.5
3006011,1326.5
3006012,431.2570037841797
3006013,247.0
3006014,545.9009857177734
3006015,6710.0
3006016,60.0
3006017,2.5
3006018,68.5
3006019,59.5
3006020,0.0
3006021,414.0
3006022,5.0
3006023,71.5
3006024,11.5
3006025,338.0
3006026,8.0
3006027,953.3385009765625
3006028,354.5
3006029,20.5
3006030,27.0
3006031,707.5750122070312
3006032,186.10649871826172
3006033,5524.49853515625
3006034,2.5
3006035,13.712999820709229
3006036,8.0
3006037,0.0
3006038,1.0
3006039,2275.5
3006040,0.0
3006041,447.2220001220703
3006042,6.0
3006043,1038.5
3006044,500.5
3006045,238.57649993896484
3006046,88.0
3006047,182.38050079345703
3006048,3171.0
3006049,10.0
3006050,0.0
3006051,23.5
3006052,17.5
3006053,0.0
3006054,193.0
3006055,6.5
3006056,11.5
3006057,8.0
3006058,137.5
3006059,1.5
3006060,520.5639953613281
3006061,201.0
3006062,6.0
3006063,5.0
3006064,251.9654998779297
3006065,62.680498123168945
3006066,2047.283447265625
3006067,0.0
3006068,6.5
3006069,5.5
3006070,0.0
3006071,1.0
3006072,3236.0
3006073,0.0
3006074,191.0
3006075,7.0
3006076,893.0
3006077,239.0
3006078,212.54150390625
3006079,71.5
3006080,31.0
3006081,2833.5
3006082,5.0
3006083,0.5
3006084,12.0
3006085,7.5
3006086,0.0
3006087,191.5
3006088,0.0
3006089,0.0
3006090,3.5
3006091,31.0
3006092,0.5
3006093,47.546499252319336
3006094,163.0
3006095,0.5
3006096,3.5
3006097,71.4734992980957
3006098,61.0
3006099,569.9765014648438
3006100,0.0
3006101,0.0
3006102,4.5
3006103,0.0
3006104,6.0
3006105,3266.0
3006106,0.0
3006107,516.8984985351562
3006108,12.5
3006109,1237.5
3006110,916.5
3006111,381.00550842285156
3006112,167.0
3006113,172.7125015258789
3006114,4463.5
3006115,30.0
3006116,1.0
3006117,38.5
3006118,53.0
3006119,0.0
3006120,310.0
3006121,20.5
3006122,21.0
3006123,9.0
3006124,156.0
3006125,9.0
3006126,663.7734985351562
3006127,283.5
3006128,9.5
3006129,12.5
3006130,687.8255004882812
3006131,111.42900085449219
3006132,2383.822509765625
3006133,0.0
3006134,51.03750038146973
3006135,5.0
3006136,0.0
3006137,4.5
3006138,4170.0
3006139,0.0
3006140,675.4635009765625
3006141,25.0
3006142,1028.5
3006143,1335.5
3006144,227.23099517822266
3006145,289.5
3006146,269.5
3006147,3964.0
3006148,35.0
3006149,1.5
3006150,25.5
3006151,19.5
3006152,0.5
3006153,217.0
3006154,12.0
3006155,43.5
3006156,5.0
3006157,266.5
3006158,18.5
3006159,833.8720092773438
3006160,212.0
3006161,5.5
3006162,18.0
3006163,820.5
3006164,148.01900482177734
3006165,4590.12744140625
3006166,0.0
3006167,58.6245002746582
3006168,3.5
3006169,0.5
3006170,11.5
3006171,4547.0
3006172,0.0
3006173,844.9670104980469
3006174,30.5
3006175,1237.5
3006176,1444.0
3006177,313.51849365234375
3006178,317.5
3006179,190.5540008544922
3006180,5044.5
3006181,52.0
3006182,3.0
3006183,38.0
3006184,39.0
3006185,0.0
3006186,323.0
3006187,25.0
3006188,34.5
3006189,24.0
3006190,215.5
3006191,14.5
3006192,847.0979919433594
3006193,328.5
3006194,14.5
3006195,18.5
3006196,904.4140014648438
3006197,146.7614974975586
3006198,3985.87548828125
3006199,1.0
3006200,67.80699920654297
3006201,12.0
3006202,0.0
3006203,5.0
3006204,2922.0
3006205,0.0
3006206,423.0
3006207,12.5
3006208,1443.0
3006209,703.5
3006210,624.8590087890625
3006211,137.0
3006212,99.53250122070312
3006213,5631.258056640625
3006214,13.0
3006215,0.5
3006216,37.5
3006217,30.5
3006218,0.0
3006219,338.0
3006220,7.5
3006221,2.5
3006222,5.5
3006223,72.5
3006224,4.5
3006225,310.76649475097656
3006226,352.5
3006227,8.5
3006228,7.0
3006229,499.8929901123047
3006230,114.64450073242188
3006231,1321.7689819335938
3006232,70.5
3006233,15.241999626159668
3006234,5.5
3006235,0.0
3006236,3.0
3006237,2127.0
3006238,0.0
3006239,300.8070068359375
3006240,9.0
3006241,554.5
3006242,650.0
3006243,113.42399978637695
3006244,149.0
3006245,144.54850006103516
3006246,2240.0
3006247,13.5
3006248,1.0
3006249,13.5
3006250,26.0
3006251,0.0
3006252,173.5
3006253,14.5
3006254,13.5
3006255,3.0
3006256,122.0
3006257,9.5
3006258,341.0875015258789
3006259,157.0
3006260,4.5
3006261,8.5
3006262,238.3665008544922
3006263,62.14899826049805
3006264,2266.8935546875
3006265,0.0
3006266,22.351499557495117
3006267,1.5
3006268,0.0
3006269,3.0
3006270,1520.0
3006271,0.0
3006272,109.0
3006273,10.5
3006274,865.5
3006275,307.5
3006276,274.5
3006277,39.0
3006278,51.0
3006279,3020.5
3006280,13.5
3006281,0.0
3006282,14.0
3006283,11.5
3006284,0.0
3006285,209.0
3006286,5.5
3006287,0.0
3006288,2.5
3006289,41.0
3006290,0.5
3006291,162.78150177001953
3006292,191.0
3006293,1.5
3006294,8.0
3006295,142.30899810791016
3006296,33.0
3006297,258.2330017089844
3006298,0.0
3006299,1.5
3006300,10.5
3006301,0.0
3006302,4.0
3006303,4273.0
3006304,0.0
3006305,569.0
3006306,19.5
3006307,1755.5
3006308,613.5
3006309,438.5924987792969
3006310,174.5
3006311,119.1254997253418
3006312,6859.801025390625
3006313,43.0
3006314,1.5
3006315,41.5
3006316,21.5
3006317,0.0
3006318,401.5
3006319,14.0
3006320,3.0
3006321,12.0
3006322,81.5
3006323,2.5
3006324,578.0505065917969
3006325,346.5
3006326,2.5
3006327,18.0
3006328,385.72349548339844
3006329,106.87699890136719
3006330,1260.4815063476562
3006331,18.0
3006332,12.5
3006333,6.5
3006334,0.0
3006335,0.0
3006336,1909.5
3006337,0.0
3006338,193.0
3006339,8.0
3006340,889.5
3006341,451.5
3006342,195.0
3006343,49.5
3006344,53.0
3006345,3139.0
3006346,8.5
3006347,0.5
3006348,23.5
3006349,20.5
3006350,0.0
3006351,190.5
3006352,10.5
3006353,0.0
3006354,6.5
3006355,78.5
3006356,2.0
3006357,133.62000274658203
3006358,181.5
3006359,1.0
3006360,7.5
3006361,141.18299865722656
3006362,32.0
3006363,397.41949462890625
3006364,0.0
3006365,6.5
3006366,6.5
3006367,0.0
3006368,4.5
3006369,1978.0
3006370,0.0
3006371,132.5
3006372,13.5
3006373,931.0
3006374,375.0
3006375,209.5
3006376,45.5
3006377,49.0
3006378,3285.0
3006379,23.0
3006380,0.0
3006381,28.5
3006382,13.0
3006383,0.0
3006384,192.5
3006385,2.0
3006386,0.0
3006387,2.0
3006388,90.5
3006389,0.0
3006390,186.35449981689453
3006391,219.0
3006392,1.0
3006393,4.0
3006394,143.010498046875
3006395,22.5
3006396,223.59300231933594
3006397,0.0
3006398,3.0
3006399,6.5
3006400,0.0
3006401,2.0
3006402,1693.5
3006403,0.0
3006404,196.0
3006405,11.5
3006406,1406.0
3006407,462.5
3006408,273.0
3006409,43.5
3006410,87.0
3006411,3824.0
3006412,11.0
3006413,0.0
3006414,13.0
3006415,33.5
3006416,0.0
3006417,292.0
3006418,2.0
3006419,0.0
3006420,3.5
3006421,32.5
3006422,3.0
3006423,397.6705017089844
3006424,341.0
3006425,1.5
3006426,6.0
3006427,197.46199798583984
3006428,109.0
3006429,501.5920104980469
3006430,0.5
3006431,10.0
3006432,4.5
3006433,1.0
3006434,3.0
3006435,1707.0
3006436,0.0
3006437,166.5
3006438,2.0
3006439,918.5
3006440,315.0
3006441,252.0
3006442,73.5
3006443,83.0
3006444,2640.5
3006445,6.0
3006446,1.0
3006447,12.0
3006448,19.5
3006449,0.0
3006450,223.5
3006451,5.5
3006452,0.0
3006453,6.0
3006454,39.0
3006455,3.0
3006456,116.70249938964844
3006457,181.5
3006458,1.0
3006459,5.5
3006460,97.94500350952148
3006461,42.0
3006462,591.9690246582031
3006463,0.0
3006464,2.5
3006465,8.0
3006466,0.0
3006467,1.5
3006468,1282.0
3006469,0.0
3006470,146.5
3006471,8.5
3006472,822.5
3006473,285.5
3006474,168.0
3006475,123.0
3006476,73.30649948120117
3006477,2249.5
3006478,1.5
3006479,0.0
3006480,22.5
3006481,18.0
3006482,0.5
3006483,160.0
3006484,0.0
3006485,0.0
3006486,3.5
3006487,73.0
3006488,2.0
3006489,52.545000076293945
3006490,162.0
3006491,1.5
3006492,2.0
3006493,63.86000061035156
3006494,31.5
3006495,510.14451599121094
3006496,0.0
3006497,0.5
3006498,8.0
3006499,0.0
3006500,3.0
3006501,3605.5
3006502,0.0
3006503,322.5
3006504,10.0
3006505,1200.5
3006506,703.5
3006507,538.0
3006508,139.0
3006509,179.0
3006510,4967.0
3006511,25.0
3006512,2.5
3006513,23.0
3006514,27.0
3006515,0.0
3006516,307.0
3006517,0.0
3006518,0.0
3006519,5.0
3006520,105.0
3006521,6.5
3006522,213.02349853515625
3006523,304.0
3006524,2.0
3006525,12.0
3006526,418.2460021972656
3006527,74.0
3006528,1394.7160034179688
3006529,0.5
3006530,22.0
3006531,5.5
3006532,0.0
3006533,6.0
3006534,2789.5
3006535,0.0
3006536,617.5
3006537,14.0
3006538,709.5
3006539,698.5
3006540,258.7064971923828
3006541,213.5
3006542,98.1875
3006543,3093.25
3006544,11.5
3006545,0.0
3006546,30.5
3006547,24.0
3006548,0.0
3006549,218.0
3006550,11.5
3006551,5.0
3006552,5.0
3006553,95.0
3006554,2.0
3006555,105.12699890136719
3006556,178.5
3006557,4.5
3006558,8.5
3006559,221.2480010986328
3006560,57.733999252319336
3006561,1800.6675415039062
3006562,27.0
3006563,21.697999954223633
3006564,8.0
3006565,0.5
3006566,5.5
3006567,3823.5
3006568,0.0
3006569,255.0
3006570,10.0
3006571,1539.0
3006572,497.5
3006573,392.0
3006574,56.0
3006575,60.0
3006576,4941.5
3006577,60.0
3006578,3.5
3006579,18.0
3006580,21.5
3006581,0.0
3006582,291.0
3006583,13.5
3006584,0.0
3006585,2.5
3006586,84.0
3006587,2.5
3006588,222.28800201416016
3006589,277.5
3006590,1.0
3006591,7.5
3006592,328.86399841308594
3006593,30.0
3006594,609.375
3006595,0.0
3006596,7.5
3006597,9.5
3006598,0.0
3006599,7.5
3006600,3498.0
3006601,0.0
3006602,697.5
3006603,13.0
3006604,944.5
3006605,912.5
3006606,268.37449645996094
3006607,187.0
3006608,163.29450225830078
3006609,4165.0
3006610,62.0
3006611,2.0
3006612,26.0
3006613,16.5
3006614,0.0
3006615,293.0
3006616,29.0
3006617,24.5
3006618,6.5
3006619,169.5
3006620,13.0
3006621,452.9964904785156
3006622,282.5
3006623,9.5
3006624,8.5
3006625,492.4080047607422
3006626,124.04400253295898
3006627,2423.1080322265625
3006628,0.0
3006629,41.0625
3006630,9.0
3006631,0.0
3006632,5.5
3006633,5386.5
3006634,0.0
3006635,544.0
3006636,14.5
3006637,1752.5
3006638,854.5
3006639,771.1744995117188
3006640,102.0
3006641,158.36949920654297
3006642,6913.625
3006643,14.5
3006644,0.5
3006645,25.5
3006646,14.5
3006647,0.0
3006648,391.0
3006649,1.5
3006650,5.0
3006651,2.5
3006652,115.0
3006653,1.5
3006654,367.0220031738281
3006655,449.5
3006656,6.5
3006657,8.0
3006658,356.4530029296875
3006659,88.7400016784668
3006660,1312.4805297851562
3006661,7.0
3006662,25.079999923706055
3006663,17.5
3006664,0.0
3006665,4.0
3006666,3409.5
3006667,0.0
3006668,467.5
3006669,14.5
3006670,1612.5
3006671,668.5
3006672,343.9130096435547
3006673,272.0
3006674,174.69300079345703
3006675,4807.42138671875
3006676,12.5
3006677,0.5
3006678,53.0
3006679,35.0
3006680,0.5
3006681,372.0
3006682,6.0
3006683,5.0
3006684,10.0
3006685,150.5
3006686,3.0
3006687,113.54899978637695
3006688,338.5
3006689,3.0
3006690,7.5
3006691,206.88249969482422
3006692,166.55500030517578
3006693,1490.3309936523438
3006694,0.0
3006695,13.0
3006696,5.0
3006697,0.0
3006698,2.0
3006699,1825.0
3006700,0.0
3006701,141.0
3006702,10.5
3006703,686.0
3006704,343.5
3006705,146.0
3006706,45.5
3006707,102.2874984741211
3006708,2552.0
3006709,15.0
3006710,1.0
3006711,26.5
3006712,20.5
3006713,0.0
3006714,179.5
3006715,0.5
3006716,0.0
3006717,4.5
3006718,190.5
3006719,3.0
3006720,90.72900009155273
3006721,145.5
3006722,2.5
3006723,6.0
3006724,136.03050231933594
3006725,30.0
3006726,398.36199951171875
3006727,0.5
3006728,3.0
3006729,1.5
3006730,0.0
3006731,2.0
3006732,1699.0
3006733,0.0
3006734,256.44898986816406
3006735,16.0
3006736,544.0
3006737,455.5
3006738,146.20999908447266
3006739,52.0
3006740,88.7874984741211
3006741,2078.5
3006742,24.5
3006743,0.5
3006744,15.5
3006745,10.0
3006746,0.5
3006747,124.0
3006748,15.0
3006749,4.5
3006750,4.5
3006751,85.0
3006752,9.0
3006753,255.07699584960938
3006754,157.5
3006755,3.0
3006756,3.0
3006757,223.9000015258789
3006758,36.834999084472656
3006759,1095.4574584960938
3006760,0.0
3006761,10.5
3006762,3.0
3006763,0.0
3006764,4.5
3006765,4191.5
3006766,0.0
3006767,825.5374755859375
3006768,22.5
3006769,1164.0
3006770,1411.0
3006771,324.46099853515625
3006772,241.5
3006773,218.95800018310547
3006774,4733.0
3006775,45.5
3006776,0.0
3006777,24.5
3006778,34.0
3006779,0.0
3006780,272.0
3006781,11.5
3006782,46.0
3006783,14.5
3006784,149.5
3006785,15.5
3006786,418.1020050048828
3006787,303.5
3006788,22.0
3006789,11.0
3006790,583.0830078125
3006791,130.37350463867188
3006792,3451.4375
3006793,0.0
3006794,25.808999061584473
3006795,4.0
3006796,0.0
3006797,2.5
3006798,3307.0
3006799,0.0
3006800,507.718017578125
3006801,14.5
3006802,639.0
3006803,847.5
3006804,196.4810028076172
3006805,173.5
3006806,263.3679962158203
3006807,2571.0
3006808,30.0
3006809,2.0
3006810,23.0
3006811,19.5
3006812,0.0
3006813,149.5
3006814,0.0
3006815,41.0
3006816,10.5
3006817,565.0
3006818,16.5
3006819,229.2750015258789
3006820,139.0
3006821,6.5
3006822,8.5
3006823,209.50250244140625
3006824,52.34400177001953
3006825,2009.3660278320312
3006826,2.5
3006827,7.5
3006828,7.0
3006829,0.0
3006830,0.0
3006831,1172.5
3006832,0.0
3006833,226.5
3006834,8.0
3006835,381.5
3006836,263.5
3006837,99.24100112915039
3006838,35.5
3006839,43.80299949645996
3006840,1682.5
3006841,9.5
3006842,0.5
3006843,10.0
3006844,10.0
3006845,1.0
3006846,98.5
3006847,0.0
3006848,6.5
3006849,1.0
3006850,54.5
3006851,0.5
3006852,279.12750244140625
3006853,129.5
3006854,4.5
3006855,1.5
3006856,171.17949676513672
3006857,27.0
3006858,487.46250915527344
3006859,1.5
3006860,4.5
3006861,11.5
3006862,0.0
3006863,2.5
3006864,3446.0
3006865,0.0
3006866,584.5254821777344
3006867,32.0
3006868,960.5
3006869,1022.5
3006870,316.81298828125
3006871,250.0
3006872,270.0
3006873,4090.5
3006874,31.0
3006875,1.0
3006876,25.5
3006877,38.5
3006878,0.0
3006879,243.0
3006880,16.0
3006881,65.0
3006882,13.0
3006883,431.0
3006884,5.5
3006885,306.4879913330078
3006886,282.5
3006887,11.5
3006888,12.0
3006889,376.8314971923828
3006890,93.48400115966797
3006891,2699.489013671875
3006892,0.5
3006893,13.175999641418457
3006894,8.0
3006895,0.0
3006896,2.5
3006897,3975.0
3006898,0.0
3006899,668.0
3006900,27.0
3006901,1413.0
3006902,872.5
3006903,359.4494934082031
3006904,203.5
3006905,127.5
3006906,5316.37841796875
3006907,16.5
3006908,0.0
3006909,43.5
3006910,30.5
3006911,0.5
3006912,294.5
3006913,0.0
3006914,8.5
3006915,6.0
3006916,124.0
3006917,2.0
3006918,208.03949737548828
3006919,303.5
3006920,7.5
3006921,6.5
3006922,263.37950134277344
3006923,79.0734977722168
3006924,1683.0704956054688
3006925,4.5
3006926,7.0
3006927,11.5
3006928,0.0
3006929,4.5
3006930,3254.5
3006931,0.0
3006932,689.5
3006933,21.5
3006934,1151.5
3006935,740.5
3006936,273.3905029296875
3006937,198.0
3006938,179.94049835205078
3006939,4349.2620849609375
3006940,21.5
3006941,2.5
3006942,24.5
3006943,25.5
3006944,0.0
3006945,262.5
3006946,0.0
3006947,9.5
3006948,9.5
3006949,207.5
3006950,1.5
3006951,111.21500396728516
3006952,254.0
3006953,6.0
3006954,8.0
3006955,184.3834991455078
3006956,73.22249984741211
3006957,1205.4014892578125
3006958,1.0
3006959,9.0
3006960,14.5
3006961,0.5
3006962,16.0
3006963,10633.5
3006964,0.0
3006965,1300.5125122070312
3006966,56.0
3006967,2256.0
3006968,2391.5
3006969,402.5985107421875
3006970,568.0
3006971,497.114990234375
3006972,8740.5
3006973,97.0
3006974,0.5
3006975,61.0
3006976,55.5
3006977,0.0
3006978,639.0
3006979,56.0
3006980,73.5
3006981,21.0
3006982,371.5
3006983,36.5
3006984,800.1229858398438
3006985,691.0
3006986,24.5
3006987,33.5
3006988,1237.33203125
3006989,283.0060119628906
3006990,8383.81591796875
3006991,0.5
3006992,83.90250396728516
3006993,3.5
3006994,0.0
3006995,1.5
3006996,1552.0
3006997,0.0
3006998,167.5
3006999,3.5
3007000,486.0
3007001,279.0
3007002,121.5
3007003,143.5
3007004,89.5
3007005,1956.5
3007006,5.0
3007007,0.0
3007008,12.5
3007009,7.0
3007010,0.0
3007011,192.0
3007012,0.0
3007013,0.0
3007014,2.0
3007015,72.5
3007016,1.0
3007017,64.38299942016602
3007018,95.5
3007019,3.0
3007020,6.0
3007021,123.73849487304688
3007022,19.0
3007023,468.4980010986328
3007024,0.0
3007025,5.0
3007026,11.5
3007027,0.0
3007028,4.0
3007029,3339.0
3007030,0.0
3007031,573.0
3007032,13.5
3007033,1597.0
3007034,739.0
3007035,286.9149932861328
3007036,244.0
3007037,161.40099334716797
3007038,5248.538818359375
3007039,20.0
3007040,0.0
3007041,23.5
3007042,21.5
3007043,0.0
3007044,318.0
3007045,1.0
3007046,6.0
3007047,9.5
3007048,31.0
3007049,2.5
3007050,360.19200134277344
3007051,308.0
3007052,5.5
3007053,8.5
3007054,155.00499725341797
3007055,88.48600006103516
3007056,1334.5735473632812
3007057,0.5
3007058,10.0
3007059,3.5
3007060,0.0
3007061,2.0
3007062,1178.5
3007063,0.0
3007064,113.5
3007065,3.5
3007066,1008.5
3007067,182.5
3007068,90.5
3007069,100.0
3007070,28.0
3007071,1960.5
3007072,1.0
3007073,0.0
3007074,16.5
3007075,5.5
3007076,0.0
3007077,99.5
3007078,0.0
3007079,0.0
3007080,1.0
3007081,62.0
3007082,0.0
3007083,62.35350036621094
3007084,89.0
3007085,0.5
3007086,1.0
3007087,71.10300254821777
3007088,15.0
3007089,259.47850799560547
3007090,0.0
3007091,4.0
3007092,11.5
3007093,0.0
3007094,3.5
3007095,2230.0
3007096,0.0
3007097,255.5
3007098,14.0
3007099,1038.5
3007100,482.0
3007101,180.0
3007102,157.0
3007103,163.5
3007104,3200.0
3007105,3.0
3007106,0.0
3007107,29.0
3007108,25.5
3007109,0.5
3007110,349.0
3007111,0.0
3007112,0.0
3007113,14.5
3007114,71.5
3007115,1.0
3007116,305.8935089111328
3007117,210.0
3007118,2.0
3007119,5.5
3007120,147.86000061035156
3007121,31.0
3007122,1298.3409423828125
3007123,0.0
3007124,2.0
3007125,3.5
3007126,0.5
3007127,3.5
3007128,2889.0
3007129,0.0
3007130,735.0
3007131,10.0
3007132,975.0
3007133,719.5
3007134,225.53800201416016
3007135,101.5
3007136,79.0
3007137,4655.83203125
3007138,14.5
3007139,3.5
3007140,35.0
3007141,51.5
3007142,0.0
3007143,245.5
3007144,2.5
3007145,10.0
3007146,4.0
3007147,76.0
3007148,3.5
3007149,183.53700256347656
3007150,304.5
3007151,7.0
3007152,4.5
3007153,151.41500091552734
3007154,34.6825008392334
3007155,660.6344909667969
3007156,4.0
3007157,4.0
3007158,4.0
3007159,0.0
3007160,1.5
3007161,1855.0
3007162,0.0
3007163,93.0
3007164,5.5
3007165,516.0
3007166,231.5
3007167,113.5
3007168,172.5
3007169,107.0
3007170,2189.0
3007171,9.0
3007172,0.5
3007173,13.0
3007174,7.5
3007175,0.0
3007176,107.0
3007177,0.0
3007178,0.0
3007179,0.0
3007180,128.0
3007181,1.0
3007182,161.3314971923828
3007183,93.0
3007184,1.5
3007185,1.5
3007186,58.00349998474121
3007187,24.5
3007188,422.75799560546875
3007189,0.0
3007190,0.0
3007191,4.0
3007192,0.0
3007193,1.0
3007194,3818.5
3007195,0.0
3007196,480.5
3007197,18.0
3007198,975.0
3007199,579.5
3007200,205.95899963378906
3007201,155.5
3007202,209.5
3007203,3813.9925537109375
3007204,9.5
3007205,0.5
3007206,27.0
3007207,7.5
3007208,0.0
3007209,229.5
3007210,0.0
3007211,36.0
3007212,2.5
3007213,160.5
3007214,0.5
3007215,207.05699920654297
3007216,231.0
3007217,2.5
3007218,4.0
3007219,118.98800277709961
3007220,50.36049842834473
3007221,1346.5265502929688
3007222,0.5
3007223,3.0
3007224,2.5
3007225,0.0
3007226,10.0
3007227,3010.0
3007228,0.0
3007229,534.8244934082031
3007230,10.0
3007231,994.0
3007232,902.0
3007233,161.41799926757812
3007234,151.0
3007235,106.13600158691406
3007236,3905.5
3007237,59.5
3007238,1.5
3007239,32.5
3007240,28.0
3007241,0.0
3007242,265.0
3007243,27.0
3007244,20.5
3007245,2.0
3007246,156.5
3007247,14.5
3007248,224.6344985961914
3007249,276.5
3007250,12.0
3007251,14.0
3007252,296.1389923095703
3007253,55.18149948120117
3007254,2629.4810791015625
3007255,0.0
3007256,12.388999938964844
3007257,7.5
3007258,0.0
3007259,13.5
3007260,3618.0
3007261,0.0
3007262,510.83299255371094
3007263,19.5
3007264,1423.5
3007265,984.0
3007266,186.2845001220703
3007267,129.5
3007268,126.0
3007269,4830.5
3007270,36.5
3007271,1.0
3007272,41.5
3007273,79.5
3007274,0.0
3007275,466.5
3007276,32.5
3007277,25.0
3007278,12.0
3007279,153.0
3007280,18.0
3007281,166.54199981689453
3007282,563.5
3007283,9.0
3007284,14.5
3007285,162.31700134277344
3007286,99.2665023803711
3007287,2178.7939453125
3007288,0.5
3007289,22.95300006866455
3007290,11.0
3007291,1.0
3007292,2.0
3007293,3997.0
3007294,0.0
3007295,714.0
3007296,8.0
3007297,1521.0
3007298,690.0
3007299,214.07150268554688
3007300,313.0
3007301,115.5
3007302,5156.18408203125
3007303,35.0
3007304,2.0
3007305,35.5
3007306,21.5
3007307,0.0
3007308,334.5
3007309,9.0
3007310,14.0
3007311,6.0
3007312,100.5
3007313,5.0
3007314,188.82000732421875
3007315,343.0
3007316,7.0
3007317,15.5
3007318,267.99949645996094
3007319,63.60600280761719
3007320,1732.1395263671875
3007321,3.5
3007322,20.065500259399414
3007323,5.5
3007324,0.5
3007325,6.5
3007326,2969.0
3007327,0.0
3007328,393.26499938964844
3007329,14.0
3007330,906.5
3007331,859.5
3007332,217.75399780273438
3007333,160.0
3007334,134.57749938964844
3007335,3813.5
3007336,37.5
3007337,1.0
3007338,17.0
3007339,15.5
3007340,0.0
3007341,306.5
3007342,20.0
3007343,21.5
3007344,1.5
3007345,170.5
3007346,9.0
3007347,360.73899841308594
3007348,275.5
3007349,8.0
3007350,11.0
3007351,446.9250030517578
3007352,61.19599914550781
3007353,2488.8590087890625
3007354,0.0
3007355,28.52400016784668
3007356,6.5
3007357,0.0
3007358,5.0
3007359,5132.0
3007360,0.0
3007361,431.0
3007362,22.0
3007363,2224.0
3007364,681.5
3007365,269.5
3007366,175.0
3007367,101.40250015258789
3007368,8013.0
3007369,12.5
3007370,1.5
3007371,37.0
3007372,26.0
3007373,0.0
3007374,402.5
3007375,0.0
3007376,0.5
3007377,10.5
3007378,107.5
3007379,3.0
3007380,157.5330047607422
3007381,331.0
3007382,4.0
3007383,11.5
3007384,165.0790023803711
3007385,65.5
3007386,1131.134033203125
3007387,0.0
3007388,8.0
3007389,10.5
3007390,0.0
3007391,8.0
3007392,3508.5
3007393,0.0
3007394,568.9670104980469
3007395,15.5
3007396,1140.5
3007397,822.5
3007398,251.8115005493164
3007399,162.0
3007400,222.87349700927734
3007401,4670.5
3007402,63.0
3007403,1.0
3007404,32.0
3007405,37.5
3007406,0.0
3007407,290.0
3007408,29.5
3007409,21.0
3007410,12.5
3007411,207.0
3007412,17.5
3007413,258.2989959716797
3007414,397.5
3007415,11.5
3007416,9.5
3007417,206.7125015258789
3007418,71.30500030517578
3007419,2121.282958984375
3007420,0.0
3007421,8.0
3007422,5.5
3007423,0.0
3007424,3.5
3007425,3099.5
3007426,0.0
3007427,549.0914916992188
3007428,15.0
3007429,841.0
3007430,920.5
3007431,201.45849609375
3007432,158.5
3007433,129.6604995727539
3007434,3535.0
3007435,36.5
3007436,1.0
3007437,31.5
3007438,23.0
3007439,0.0
3007440,249.0
3007441,26.5
3007442,58.0
3007443,9.0
3007444,109.5
3007445,12.5
3007446,275.7124938964844
3007447,244.0
3007448,9.5
3007449,9.5
3007450,261.29901123046875
3007451,62.28449821472168
3007452,2547.7020263671875
3007453,0.0
3007454,12.256999969482422
3007455,8.0
3007456,0.0
3007457,4.5
3007458,5036.0
3007459,0.0
3007460,570.5
3007461,20.5
3007462,1308.0
3007463,661.5
3007464,297.5225067138672
3007465,187.0
3007466,109.78099822998047
3007467,4951.16796875
3007468,11.0
3007469,0.0
3007470,20.5
3007471,26.5
3007472,0.0
3007473,244.5
3007474,0.0
3007475,8.5
3007476,2.5
3007477,169.5
3007478,3.0
3007479,188.44149780273438
3007480,306.0
3007481,4.0
3007482,3.0
3007483,218.6179962158203
3007484,95.1349983215332
3007485,1194.7979736328125
3007486,2.5
3007487,0.0
3007488,17.5
3007489,0.0
3007490,25.5
3007491,13751.5
3007492,0.0
3007493,1910.6109619140625
3007494,29.5
3007495,3153.0
3007496,3267.5
3007497,707.9140014648438
3007498,773.0
3007499,632.8144836425781
3007500,12459.0
3007501,96.0
3007502,4.5
3007503,129.0
3007504,159.5
3007505,0.0
3007506,977.0
3007507,38.5
3007508,42.5
3007509,35.5
3007510,593.0
3007511,36.0
3007512,1110.3955078125
3007513,863.5
3007514,57.0
3007515,41.0
3007516,1411.1945190429688
3007517,299.9394989013672
3007518,10845.1953125
3007519,310.0
3007520,113.83499908447266
3007521,19.5
3007522,0.0
3007523,14.5
3007524,11571.5
3007525,0.0
3007526,1385.3179931640625
3007527,37.5
3007528,3262.0
3007529,2649.0
3007530,873.697509765625
3007531,467.0
3007532,451.81199645996094
3007533,13013.0
3007534,201.0
3007535,2.0
3007536,102.0
3007537,108.5
3007538,0.5
3007539,916.5
3007540,37.5
3007541,46.0
3007542,5.5
3007543,379.5
3007544,25.5
3007545,1406.4464721679688
3007546,954.0
3007547,36.5
3007548,35.5
3007549,1551.3519897460938
3007550,298.9804992675781
3007551,7198.598388671875
3007552,403.0
3007553,100.94950103759766
3007554,20.5
3007555,0.0
3007556,25.5
3007557,8871.5
3007558,0.0
3007559,1167.5
3007560,26.5
3007561,3343.5
3007562,2075.0
3007563,1129.6189575195312
3007564,237.0
3007565,352.8590087890625
3007566,12778.5
3007567,67.5
3007568,3.0
3007569,57.0
3007570,28.5
3007571,0.0
3007572,967.5
3007573,47.0
3007574,41.0
3007575,13.0
3007576,228.5
3007577,14.5
3007578,1071.4429931640625
3007579,1077.5
3007580,33.5
3007581,70.0
3007582,1046.2454833984375
3007583,169.58550262451172
3007584,3702.0106201171875
3007585,500.5
3007586,75.82650184631348
3007587,21.0
3007588,0.0
3007589,26.0
3007590,12706.0
3007591,0.0
3007592,1241.0899658203125
3007593,36.0
3007594,2949.0
3007595,2601.5
3007596,833.6299743652344
3007597,429.5
3007598,363.7510070800781
3007599,12351.0
3007600,70.5
3007601,2.0
3007602,81.5
3007603,97.0
3007604,1.0
3007605,920.5
3007606,31.0
3007607,33.5
3007608,6.0
3007609,338.0
3007610,21.0
3007611,1031.9449462890625
3007612,996.5
3007613,38.5
3007614,40.0
3007615,1316.6185302734375
3007616,296.5014953613281
3007617,6320.406494140625
3007618,281.5
3007619,82.79100036621094
3007620,18.5
3007621,0.0
3007622,30.0
3007623,6751.5
3007624,0.0
3007625,972.5
3007626,24.5
3007627,2871.5
3007628,1611.0
3007629,807.4909973144531
3007630,159.0
3007631,259.03050231933594
3007632,10625.0
3007633,61.0
3007634,0.0
3007635,41.0
3007636,41.5
3007637,0.0
3007638,807.5
3007639,48.0
3007640,15.0
3007641,1.5
3007642,226.0
3007643,10.0
3007644,1033.177978515625
3007645,966.5
3007646,24.0
3007647,35.5
3007648,1125.012451171875
3007649,122.72799682617188
3007650,2448.426025390625
3007651,234.5
3007652,28.253500938415527
3007653,10.0
3007654,0.0
3007655,12.0
3007656,7740.5
3007657,0.0
3007658,1136.614501953125
3007659,25.5
3007660,1875.0
3007661,2240.0
3007662,488.6025085449219
3007663,475.5
3007664,388.3155059814453
3007665,7860.5
3007666,65.5
3007667,2.0
3007668,49.5
3007669,61.5
3007670,0.0
3007671,574.5
3007672,17.0
3007673,33.5
3007674,8.0
3007675,406.5
3007676,21.5
3007677,799.0744934082031
3007678,584.5
3007679,26.5
3007680,37.0
3007681,1056.7615356445312
3007682,228.5135040283203
3007683,7234.608642578125
3007684,297.5
3007685,79.90749740600586
3007686,5.0
3007687,0.5
3007688,7.5
3007689,2166.5
3007690,0.0
3007691,320.5895080566406
3007692,29.5
3007693,1031.5
3007694,539.0
3007695,227.9939956665039
3007696,84.5
3007697,162.68900299072266
3007698,3233.5
3007699,66.0
3007700,2.0
3007701,32.5
3007702,17.5
3007703,0.0
3007704,239.0
3007705,12.5
3007706,11.5
3007707,10.0
3007708,114.5
3007709,9.5
3007710,244.28499603271484
3007711,254.0
3007712,2.5
3007713,6.5
3007714,244.69950103759766
3007715,56.43499946594238
3007716,1579.7319946289062
3007717,1.0
3007718,6.869000196456909
3007719,11.5
3007720,0.0
3007721,20.0
3007722,6231.0
3007723,0.0
3007724,690.0924987792969
3007725,42.0
3007726,2422.5
3007727,1384.5
3007728,607.927001953125
3007729,149.5
3007730,206.71299743652344
3007731,8705.0
3007732,156.5
3007733,2.5
3007734,79.0
3007735,43.5
3007736,0.0
3007737,637.5
3007738,33.5
3007739,13.0
3007740,5.0
3007741,197.5
3007742,15.0
3007743,689.5794982910156
3007744,784.5
3007745,25.5
3007746,34.0
3007747,460.8725128173828
3007748,103.51249694824219
3007749,2436.1224365234375
3007750,188.0
3007751,19.61500072479248
3007752,7.5
3007753,0.0
3007754,6.0
3007755,5547.5
3007756,0.0
3007757,955.2565002441406
3007758,12.5
3007759,1628.0
3007760,1644.0
3007761,279.1054992675781
3007762,351.5
3007763,418.9910125732422
3007764,5616.5
3007765,53.5
3007766,2.0
3007767,61.0
3007768,43.0
3007769,0.0
3007770,415.5
3007771,1.5
3007772,61.5
3007773,6.5
3007774,310.5
3007775,11.5
3007776,649.2704772949219
3007777,353.0
3007778,17.5
3007779,11.0
3007780,674.9319763183594
3007781,133.81999969482422
3007782,5617.1259765625
3007783,3.0
3007784,52.46199989318848
3007785,14.0
3007786,0.0
3007787,10.5
3007788,5285.0
3007789,0.0
3007790,923.2325134277344
3007791,14.0
3007792,1971.5
3007793,1237.5
3007794,434.0900115966797
3007795,226.5
3007796,491.28900146484375
3007797,7255.0
3007798,54.0
3007799,6.0
3007800,71.5
3007801,44.0
3007802,0.5
3007803,502.5
3007804,15.0
3007805,84.0
3007806,11.0
3007807,407.0
3007808,14.0
3007809,532.6415100097656
3007810,429.0
3007811,17.5
3007812,30.0
3007813,539.323486328125
3007814,109.90399932861328
3007815,5285.732666015625
3007816,3.0
3007817,11.36549997329712
3007818,12.5
3007819,0.0
3007820,5.5
3007821,2738.5
3007822,0.0
3007823,519.8600006103516
3007824,12.0
3007825,1099.0
3007826,588.0
3007827,284.2875061035156
3007828,105.5
3007829,242.63499450683594
3007830,3792.5
3007831,23.0
3007832,1.0
3007833,47.0
3007834,23.5
3007835,0.0
3007836,259.5
3007837,5.0
3007838,19.0
3007839,12.0
3007840,228.5
3007841,3.0
3007842,351.04400634765625
3007843,298.5
3007844,6.0
3007845,11.5
3007846,228.41100311279297
3007847,78.17999649047852
3007848,2339.96142578125
3007849,0.0
3007850,2.0
3007851,11.5
3007852,0.0
3007853,3.0
3007854,2665.0
3007855,0.0
3007856,202.0
3007857,7.5
3007858,1079.5
3007859,262.0
3007860,221.50399780273438
3007861,59.0
3007862,54.0
3007863,3693.0
3007864,8.0
3007865,1.0
3007866,32.0
3007867,12.0
3007868,0.0
3007869,241.5
3007870,0.0
3007871,0.0
3007872,6.0
3007873,46.5
3007874,2.5
3007875,51.84250068664551
3007876,171.5
3007877,0.0
3007878,3.0
3007879,86.9834976196289
3007880,81.0
3007881,685.6114807128906
3007882,0.0
3007883,3.0
3007884,7.5
3007885,0.0
3007886,5.5
3007887,4306.5
3007888,0.0
3007889,625.7295227050781
3007890,15.0
3007891,1392.0
3007892,1061.0
3007893,369.1629943847656
3007894,211.0
3007895,247.18150329589844
3007896,5403.0
3007897,43.5
3007898,1.0
3007899,32.5
3007900,53.0
3007901,0.0
3007902,376.5
3007903,30.0
3007904,25.5
3007905,11.5
3007906,197.5
3007907,9.0
3007908,502.2899932861328
3007909,334.5
3007910,12.5
3007911,13.5
3007912,614.5265197753906
3007913,130.03149795532227
3007914,2647.896484375
3007915,0.0
3007916,36.26949882507324
3007917,6.0
3007918,0.0
3007919,3.0
3007920,3705.5
3007921,0.0
3007922,590.08349609375
3007923,24.0
3007924,773.5
3007925,1149.0
3007926,184.19100189208984
3007927,244.5
3007928,309.5
3007929,3274.5
3007930,37.0
3007931,2.5
3007932,28.0
3007933,18.5
3007934,0.5
3007935,214.5
3007936,19.0
3007937,62.0
3007938,6.5
3007939,286.5
3007940,13.5
3007941,405.33750915527344
3007942,201.5
3007943,5.5
3007944,21.0
3007945,569.7470092773438
3007946,133.06999969482422
3007947,4303.66162109375
3007948,0.0
3007949,38.1254997253418
3007950,9.5
3007951,0.0
3007952,18.5
3007953,6151.5
3007954,0.0
3007955,836.6109924316406
3007956,24.0
3007957,1414.0
3007958,1752.5
3007959,350.2850036621094
3007960,409.5
3007961,207.73600006103516
3007962,6130.0
3007963,45.5
3007964,4.0
3007965,51.0
3007966,51.5
3007967,0.0
3007968,461.0
3007969,44.5
3007970,47.0
3007971,18.0
3007972,219.5
3007973,30.0
3007974,516.2460021972656
3007975,403.5
3007976,23.0
3007977,27.0
3007978,721.1270141601562
3007979,179.86100006103516
3007980,5465.265625
3007981,0.0
3007982,42.93350028991699
3007983,14.0
3007984,0.0
3007985,9.0
3007986,4214.5
3007987,0.0
3007988,566.0
3007989,28.0
3007990,1786.0
3007991,937.0
3007992,578.6119995117188
3007993,188.5
3007994,149.04550170898438
3007995,7273.9140625
3007996,19.0
3007997,2.5
3007998,55.5
3007999,54.5
3008000,0.0
3008001,444.5
3008002,14.0
3008003,4.5
3008004,6.0
3008005,114.5
3008006,2.0
3008007,349.3280029296875
3008008,515.5
3008009,7.5
3008010,9.0
3008011,456.3970031738281
3008012,141.24749755859375
3008013,1754.6234741210938
3008014,79.5
3008015,19.387500762939453
3008016,1.0
3008017,0.0
3008018,2.0
3008019,996.0
3008020,0.0
3008021,140.4489974975586
3008022,0.5
3008023,235.5
3008024,314.0
3008025,51.03300094604492
3008026,68.0
3008027,45.0
3008028,1055.5
3008029,8.0
3008030,0.5
3008031,4.0
3008032,8.0
3008033,0.0
3008034,87.5
3008035,5.5
3008036,10.5
3008037,2.0
3008038,39.0
3008039,3.5
3008040,129.80199813842773
3008041,68.0
3008042,3.0
3008043,1.0
3008044,116.77050018310547
3008045,36.56149864196777
3008046,1103.0800170898438
3008047,0.0
3008048,11.666500091552734
3008049,1.0
3008050,0.0
3008051,2.5
3008052,1546.0
3008053,0.0
3008054,115.0
3008055,4.5
3008056,814.5
3008057,281.5
3008058,270.5
3008059,54.5
3008060,41.0
3008061,2771.5
3008062,5.5
3008063,0.0
3008064,12.0
3008065,11.0
3008066,0.0
3008067,174.0
3008068,5.0
3008069,0.0
3008070,2.5
3008071,13.0
3008072,0.5
3008073,177.0634994506836
3008074,196.5
3008075,0.5
3008076,3.0
3008077,203.66100311279297
3008078,23.5
3008079,289.4095001220703
3008080,0.0
3008081,0.5
3008082,8.0
3008083,0.0
3008084,4.5
3008085,4748.0
3008086,0.0
3008087,739.5
3008088,9.0
3008089,1890.5
3008090,798.0
3008091,536.4929809570312
3008092,251.5
3008093,117.5
3008094,7878.121337890625
3008095,22.0
3008096,0.5
3008097,37.0
3008098,25.0
3008099,0.5
3008100,469.5
3008101,11.5
3008102,3.0
3008103,7.0
3008104,20.5
3008105,3.5
3008106,674.6315002441406
3008107,436.0
3008108,4.0
3008109,14.0
3008110,484.9169921875
3008111,79.42150115966797
3008112,1520.2310180664062
3008113,12.5
3008114,14.5
3008115,8.0
3008116,0.0
3008117,1.0
3008118,1822.5
3008119,0.0
3008120,226.5
3008121,13.0
3008122,821.5
3008123,444.0
3008124,223.5
3008125,52.5
3008126,34.0
3008127,3092.5
3008128,9.0
3008129,0.5
3008130,12.5
3008131,25.0
3008132,0.5
3008133,181.0
3008134,9.0
3008135,0.0
3008136,3.5
3008137,34.0
3008138,1.0
3008139,148.41449737548828
3008140,208.0
3008141,3.0
3008142,8.0
3008143,170.39800262451172
3008144,24.5
3008145,374.84950256347656
3008146,0.0
3008147,2.0
3008148,2.5
3008149,0.0
3008150,3.5
3008151,1435.5
3008152,0.0
3008153,144.0
3008154,8.0
3008155,663.5
3008156,257.5
3008157,159.0
3008158,56.5
3008159,25.5
3008160,2416.0
3008161,18.5
3008162,0.0
3008163,19.0
3008164,10.5
3008165,0.0
3008166,141.0
3008167,1.5
3008168,0.0
3008169,4.0
3008170,17.0
3008171,1.0
3008172,109.5620002746582
3008173,157.5
3008174,0.5
3008175,7.5
3008176,97.46850204467773
3008177,28.5
3008178,173.84200286865234
3008179,0.0
3008180,1.5
3008181,3.5
3008182,0.0
3008183,2.5
3008184,1836.0
3008185,0.0
3008186,147.5
3008187,5.5
3008188,817.5
3008189,303.0
3008190,190.5
3008191,52.5
3008192,32.0
3008193,2712.5
3008194,3.5
3008195,0.5
3008196,8.0
3008197,13.5
3008198,0.0
3008199,152.5
3008200,0.5
3008201,0.0
3008202,1.0
3008203,17.0
3008204,3.5
3008205,221.8125
3008206,169.5
3008207,2.0
3008208,4.0
3008209,66.74399948120117
3008210,60.0
3008211,373.5395050048828
3008212,0.0
3008213,3.0
3008214,6.0
3008215,0.0
3008216,4.0
3008217,1335.0
3008218,0.0
3008219,147.0
3008220,2.0
3008221,710.5
3008222,238.5
3008223,195.0
3008224,78.0
3008225,55.5
3008226,2333.5
3008227,2.0
3008228,1.0
3008229,13.0
3008230,13.5
3008231,0.0
3008232,176.0
3008233,7.5
3008234,0.0
3008235,1.5
3008236,11.5
3008237,1.5
3008238,85.34449768066406
3008239,160.0
3008240,1.5
3008241,4.5
3008242,84.42649841308594
3008243,32.5
3008244,494.0745086669922
3008245,0.0
3008246,2.0
3008247,5.0
3008248,0.0
3008249,3.0
3008250,1723.0
3008251,0.0
3008252,223.5
3008253,3.5
3008254,921.5
3008255,387.5
3008256,245.0
3008257,176.0
3008258,37.0
3008259,2929.0
3008260,3.0
3008261,0.5
3008262,13.5
3008263,22.0
3008264,0.0
3008265,226.0
3008266,0.0
3008267,0.0
3008268,2.0
3008269,26.0
3008270,1.0
3008271,71.9900016784668
3008272,209.0
3008273,1.0
3008274,4.0
3008275,75.90850067138672
3008276,48.0
3008277,632.5119934082031
3008278,0.0
3008279,1.5
3008280,7.0
3008281,1.0
3008282,3.0
3008283,4211.5
3008284,0.0
3008285,509.0
3008286,6.5
3008287,1533.0
3008288,949.5
3008289,607.0
3008290,250.5
3008291,137.5
3008292,5872.5
3008293,17.5
3008294,3.0
3008295,33.0
3008296,36.5
3008297,0.0
3008298,422.5
3008299,0.5
3008300,0.0
3008301,5.0
3008302,53.5
3008303,3.5
3008304,292.3820037841797
3008305,374.5
3008306,2.5
3008307,13.5
3008308,493.3144836425781
3008309,68.0
3008310,1913.8195190429688
3008311,0.0
3008312,23.5
3008313,6.0
3008314,0.0
3008315,8.5
3008316,2871.0
3008317,0.0
3008318,793.0
3008319,5.5
3008320,776.5
3008321,789.5
3008322,259.24949645996094
3008323,264.0
3008324,83.0
3008325,3439.113525390625
3008326,19.5
3008327,2.5
3008328,29.0
3008329,20.5
3008330,0.0
3008331,276.5
3008332,16.5
3008333,4.0
3008334,6.0
3008335,43.0
3008336,2.5
3008337,128.58499908447266
3008338,209.5
3008339,7.5
3008340,11.0
3008341,279.9830017089844
3008342,63.105499267578125
3008343,2256.03955078125
3008344,51.0
3008345,20.368000030517578
3008346,8.5
3008347,0.5
3008348,3.5
3008349,2301.0
3008350,0.0
3008351,201.5
3008352,3.5
3008353,824.0
3008354,358.5
3008355,305.5
3008356,76.0
3008357,47.232500076293945
3008358,3278.5
3008359,18.5
3008360,1.0
3008361,14.0
3008362,16.5
3008363,0.0
3008364,178.0
3008365,10.5
3008366,0.0
3008367,3.5
3008368,29.0
3008369,3.5
3008370,138.50450134277344
3008371,205.0
3008372,3.5
3008373,6.5
3008374,77.76499938964844
3008375,26.5
3008376,477.2115020751953
3008377,0.0
3008378,2.5
3008379,10.5
3008380,0.0
3008381,9.5
3008382,3851.5
3008383,0.0
3008384,750.0
3008385,10.5
3008386,1026.0
3008387,1036.5
3008388,255.53250122070312
3008389,240.5
3008390,126.0
3008391,4741.0
3008392,56.0
3008393,1.0
3008394,29.5
3008395,31.5
3008396,0.0
3008397,337.5
3008398,40.5
3008399,24.5
3008400,5.0
3008401,83.5
3008402,11.0
3008403,372.8304901123047
3008404,324.5
3008405,8.5
3008406,9.0
3008407,564.0340270996094
3008408,110.8275032043457
3008409,2880.381591796875
3008410,0.0
3008411,46.27750015258789
3008412,11.5
3008413,0.0
3008414,11.5
3008415,5893.0
3008416,0.0
3008417,969.5
3008418,12.0
3008419,2038.0
3008420,1251.5
3008421,954.4455261230469
3008422,184.5
3008423,100.59249877929688
3008424,9036.796875
3008425,16.5
3008426,1.0
3008427,31.0
3008428,34.5
3008429,0.0
3008430,569.0
3008431,4.5
3008432,10.0
3008433,5.5
3008434,59.5
3008435,3.0
3008436,474.74598693847656
3008437,711.5
3008438,5.5
3008439,13.5
3008440,564.8089904785156
3008441,127.02949523925781
3008442,1763.1974487304688
3008443,61.5
3008444,20.62049961090088
3008445,20.0
3008446,1.0
3008447,10.5
3008448,4712.5
3008449,0.0
3008450,803.0
3008451,5.5
3008452,2003.0
3008453,1096.5
3008454,545.8034973144531
3008455,390.5
3008456,83.33699798583984
3008457,6967.48388671875
3008458,29.5
3008459,0.0
3008460,51.0
3008461,50.0
3008462,0.5
3008463,551.0
3008464,12.0
3008465,5.0
3008466,18.0
3008467,54.5
3008468,3.0
3008469,202.54650115966797
3008470,523.5
3008471,5.0
3008472,9.0
3008473,271.885498046875
3008474,215.06649780273438
3008475,2052.3325805664062
3008476,1.0
3008477,7.5
3008478,7.0
3008479,0.0
3008480,3.0
3008481,1835.0
3008482,0.0
3008483,145.5
3008484,8.0
3008485,708.0
3008486,353.0
3008487,175.5
3008488,40.0
3008489,44.5
3008490,2546.5
3008491,5.5
3008492,1.0
3008493,19.0
3008494,19.5
3008495,0.0
3008496,196.0
3008497,1.0
3008498,0.0
3008499,3.0
3008500,28.5
3008501,4.5
3008502,136.74149322509766
3008503,172.5
3008504,1.0
3008505,7.0
3008506,169.80699920654297
3008507,36.5
3008508,471.5874938964844
3008509,0.5
3008510,1.5
3008511,3.0
3008512,0.0
3008513,1.0
3008514,1907.0
3008515,0.0
3008516,240.34349822998047
3008517,10.0
3008518,590.5
3008519,559.0
3008520,133.92350006103516
3008521,51.5
3008522,64.74300003051758
3008523,2145.0
3008524,17.5
3008525,0.0
3008526,13.5
3008527,10.5
3008528,0.0
3008529,169.5
3008530,17.5
3008531,4.0
3008532,1.0
3008533,39.5
3008534,6.0
3008535,993.9900207519531
3008536,195.5
3008537,4.5
3008538,8.0
3008539,328.8420104980469
3008540,34.381500244140625
3008541,1177.4660034179688
3008542,0.0
3008543,7.2804999351501465
3008544,4.5
3008545,0.0
3008546,5.5
3008547,3625.5
3008548,0.0
3008549,784.3569946289062
3008550,10.0
3008551,1046.0
3008552,1277.0
3008553,247.46399688720703
3008554,230.5
3008555,125.13200378417969
3008556,3720.5
3008557,34.5
3008558,1.0
3008559,21.5
3008560,33.5
3008561,0.0
3008562,258.0
3008563,16.5
3008564,31.0
3008565,6.5
3008566,61.0
3008567,12.0
3008568,335.27549743652344
3008569,309.5
3008570,20.0
3008571,10.0
3008572,461.12998962402344
3008573,105.22549819946289
3008574,3267.4459228515625
3008575,0.0
3008576,18.336000442504883
3008577,4.0
3008578,0.0
3008579,4.5
3008580,2245.0
3008581,0.0
3008582,409.0220031738281
3008583,6.5
3008584,464.0
3008585,626.0
3008586,165.99799346923828
3008587,118.0
3008588,99.15499877929688
3008589,2026.5
3008590,25.0
3008591,2.0
3008592,20.0
3008593,20.0
3008594,0.0
3008595,112.5
3008596,0.0
3008597,24.0
3008598,9.5
3008599,161.0
3008600,9.5
3008601,172.53299713134766
3008602,132.0
3008603,6.5
3008604,10.0
3008605,183.4540023803711
3008606,48.052001953125
3008607,1493.45654296875
3008608,2.5
3008609,5.0
3008610,5.5
3008611,0.0
3008612,0.5
3008613,1352.5
3008614,0.0
3008615,275.5
3008616,8.0
3008617,562.0
3008618,389.5
3008619,127.72300338745117
3008620,56.0
3008621,46.43550109863281
3008622,2047.5
3008623,9.5
3008624,1.0
3008625,14.0
3008626,15.0
3008627,0.5
3008628,128.0
3008629,0.5
3008630,11.5
3008631,1.0
3008632,23.5
3008633,0.0
3008634,369.56300354003906
3008635,171.5
3008636,3.0
3008637,1.5
3008638,198.4219970703125
3008639,34.0
3008640,574.3865051269531
3008641,0.0
3008642,4.0
3008643,13.0
3008644,0.0
3008645,6.0
3008646,4831.5
3008647,0.5
3008648,954.1274719238281
3008649,14.5
3008650,1074.5
3008651,1551.5
3008652,428.9810028076172
3008653,339.5
3008654,164.4459991455078
3008655,5545.0
3008656,45.0
3008657,4.0
3008658,30.5
3008659,37.0
3008660,0.0
3008661,316.0
3008662,15.0
3008663,52.5
3008664,12.0
3008665,186.0
3008666,6.0
3008667,356.10400390625
3008668,356.5
3008669,14.5
3008670,12.5
3008671,531.0020141601562
3008672,125.09499740600586
3008673,3494.958984375
3008674,3.0
3008675,21.278499603271484
3008676,8.5
3008677,0.0
3008678,5.0
3008679,5446.0
3008680,0.0
3008681,1059.0
3008682,15.0
3008683,1682.0
3008684,1467.5
3008685,564.4869995117188
3008686,362.0
3008687,91.5
3008688,8713.71875
3008689,20.5
3008690,2.0
3008691,37.5
3008692,26.0
3008693,0.0
3008694,410.5
3008695,0.0
3008696,4.0
3008697,10.0
3008698,53.0
3008699,1.0
3008700,240.75149536132812
3008701,416.5
3008702,8.0
3008703,10.0
3008704,324.04949951171875
3008705,113.7334976196289
3008706,2154.2880249023438
3008707,5.0
3008708,6.0
3008709,6.5
3008710,0.5
3008711,4.5
3008712,5105.5
3008713,0.0
3008714,1164.5
3008715,11.5
3008716,1425.0
3008717,1213.5
3008718,432.54701232910156
3008719,289.5
3008720,102.46200180053711
3008721,6018.527587890625
3008722,33.5
3008723,1.5
3008724,32.0
3008725,28.0
3008726,0.0
3008727,376.0
3008728,0.0
3008729,9.5
3008730,8.0
3008731,90.0
3008732,2.5
3008733,156.5709991455078
3008734,338.5
3008735,8.0
3008736,7.0
3008737,248.44049835205078
3008738,94.36999893188477
3008739,1541.60302734375
3008740,2.5
3008741,10.0
3008742,15.5
3008743,2.5
3008744,23.0
3008745,11057.0
3008746,0.0
3008747,1410.863525390625
3008748,25.5
3008749,2293.0
3008750,2620.0
3008751,419.2325134277344
3008752,635.5
3008753,431.17250061035156
3008754,9684.5
3008755,93.0
3008756,2.5
3008757,71.5
3008758,74.5
3008759,0.0
3008760,724.0
3008761,75.0
3008762,66.0
3008763,24.0
3008764,220.0
3008765,33.0
3008766,867.6800231933594
3008767,821.5
3008768,24.5
3008769,35.5
3008770,1364.052978515625
3008771,315.40599060058594
3008772,9190.3349609375
3008773,1.5
3008774,96.72000122070312
3008775,1.5
3008776,0.0
3008777,0.5
3008778,1722.5
3008779,0.0
3008780,220.0
3008781,9.0
3008782,567.0
3008783,323.0
3008784,126.5
3008785,170.5
3008786,47.0
3008787,1976.0
3008788,10.5
3008789,1.0
3008790,19.5
3008791,11.0
3008792,0.5
3008793,117.0
3008794,1.5
3008795,0.0
3008796,2.5
3008797,34.5
3008798,0.5
3008799,57.45250129699707
3008800,94.0
3008801,1.5
3008802,5.0
3008803,123.68850326538086
3008804,27.0
3008805,559.0395050048828
3008806,0.0
3008807,4.0
3008808,9.0
3008809,0.0
3008810,3.0
3008811,4632.0
3008812,0.0
3008813,785.5
3008814,6.5
3008815,1723.0
3008816,1088.0
3008817,319.8789978027344
3008818,417.5
3008819,62.040000915527344
3008820,6166.35546875
3008821,18.0
3008822,0.5
3008823,39.5
3008824,27.5
3008825,0.0
3008826,415.0
3008827,3.0
3008828,6.5
3008829,12.5
3008830,13.5
3008831,2.0
3008832,454.23350524902344
3008833,441.0
3008834,4.5
3008835,8.5
3008836,157.9229965209961
3008837,111.02750015258789
3008838,1550.9200439453125
3008839,5.0
3008840,5.0
3008841,1.5
3008842,0.0
3008843,1.0
3008844,1196.5
3008845,0.0
3008846,173.5
3008847,3.0
3008848,462.5
3008849,240.0
3008850,115.0
3008851,144.0
3008852,22.5
3008853,1898.5
3008854,1.0
3008855,0.0
3008856,8.0
3008857,3.0
3008858,0.0
3008859,94.0
3008860,0.0
3008861,0.0
3008862,0.0
3008863,37.0
3008864,0.5
3008865,72.65199661254883
3008866,90.0
3008867,0.0
3008868,1.0
3008869,69.51649856567383
3008870,12.5
3008871,234.4000015258789
3008872,0.0
3008873,2.0
3008874,10.5
3008875,0.0
3008876,5.5
3008877,2651.0
3008878,0.0
3008879,334.5
3008880,6.0
3008881,1248.5
3008882,568.5
3008883,201.0
3008884,154.0
3008885,43.6515007019043
3008886,3719.0
3008887,6.5
3008888,1.0
3008889,32.0
3008890,30.5
3008891,0.0
3008892,296.0
3008893,0.0
3008894,0.0
3008895,17.5
3008896,25.0
3008897,1.5
3008898,335.9355010986328
3008899,299.0
3008900,2.0
3008901,5.0
3008902,240.95999908447266
3008903,27.5
3008904,1421.6525268554688
3008905,0.0
3008906,1.5
3008907,3.5
3008908,0.0
3008909,1.0
3008910,2894.0
3008911,0.0
3008912,689.5
3008913,4.5
3008914,839.0
3008915,656.0
3008916,239.04550170898438
3008917,124.0
3008918,65.0
3008919,4718.1640625
3008920,6.0
3008921,1.5
3008922,39.0
3008923,38.0
3008924,0.0
3008925,198.0
3008926,2.5
3008927,4.0
3008928,2.0
3008929,26.5
3008930,2.0
3008931,179.84549713134766
3008932,241.5
3008933,2.0
3008934,9.0
3008935,150.3740005493164
3008936,28.0
3008937,633.0090026855469
3008938,6.5
3008939,2.5
3008940,4.5
3008941,0.0
3008942,1.0
3008943,1874.0
3008944,0.0
3008945,155.0
3008946,1.5
3008947,564.0
3008948,243.0
3008949,106.0
3008950,177.5
3008951,64.0
3008952,2336.5
3008953,14.0
3008954,0.0
3008955,13.5
3008956,11.0
3008957,0.0
3008958,108.0
3008959,0.0
3008960,0.0
3008961,0.0
3008962,87.5
3008963,1.0
3008964,229.13999938964844
3008965,106.0
3008966,0.5
3008967,2.0
3008968,74.5009994506836
3008969,31.0
3008970,408.8140106201172
3008971,0.0
3008972,0.5
3008973,7.0
3008974,0.0
3008975,0.5
3008976,4625.5
3008977,0.0
3008978,667.5
3008979,7.0
3008980,1013.0
3008981,809.5
3008982,273.2985076904297
3008983,128.5
3008984,106.66799926757812
3008985,4916.136474609375
3008986,6.5
3008987,0.0
3008988,21.5
3008989,17.0
3008990,0.0
3008991,274.5
3008992,0.0
3008993,23.5
3008994,1.0
3008995,82.5
3008996,2.0
3008997,204.260498046875
3008998,276.0
3008999,3.0
3009000,3.5
3009001,144.52149963378906
3009002,43.54249954223633
3009003,1233.6220092773438
3009004,1.5
3009005,1.5
3009006,3.0
3009007,0.0
3009008,7.5
3009009,2233.5
3009010,0.0
3009011,406.2530059814453
3009012,5.0
3009013,749.5
3009014,670.5
3009015,123.03950119018555
3009016,107.5
3009017,87.1974983215332
3009018,2660.0
3009019,58.5
3009020,0.5
3009021,26.0
3009022,21.0
3009023,0.0
3009024,210.5
3009025,25.0
3009026,14.5
3009027,1.0
3009028,76.0
3009029,8.0
3009030,170.40349578857422
3009031,255.5
3009032,13.5
3009033,14.0
3009034,217.3125
3009035,50.996999740600586
3009036,1836.0199584960938
3009037,0.0
3009038,10.116499900817871
3009039,9.0
3009040,0.0
3009041,11.5
3009042,2741.0
3009043,0.0
3009044,542.3404998779297
3009045,11.5
3009046,1133.5
3009047,859.5
3009048,163.0
3009049,128.0
3009050,111.10300064086914
3009051,4474.5
3009052,25.0
3009053,2.0
3009054,41.0
3009055,34.5
3009056,0.0
3009057,442.5
3009058,34.5
3009059,16.0
3009060,10.0
3009061,112.5
3009062,14.5
3009063,144.2040023803711
3009064,498.5
3009065,6.5
3009066,14.0
3009067,143.84650421142578
3009068,88.63250350952148
3009069,2182.2635498046875
3009070,0.0
3009071,18.586999893188477
3009072,8.5
3009073,0.0
3009074,3.5
3009075,4367.0
3009076,0.0
3009077,816.0
3009078,7.0
3009079,1634.0
3009080,739.0
3009081,189.3144989013672
3009082,353.5
3009083,72.0
3009084,5952.45361328125
3009085,29.5
3009086,5.0
3009087,32.0
3009088,14.5
3009089,0.0
3009090,385.0
3009091,8.5
3009092,11.5
3009093,4.0
3009094,44.5
3009095,3.5
3009096,154.53099822998047
3009097,419.5
3009098,9.5
3009099,10.0
3009100,253.25399780273438
3009101,49.70650100708008
3009102,1750.7389526367188
3009103,5.5
3009104,18.46150016784668
3009105,6.0
3009106,0.0
3009107,6.5
3009108,3628.5
3009109,0.0
3009110,469.28099060058594
3009111,8.5
3009112,1033.5
3009113,995.5
3009114,247.63099670410156
3009115,217.0
3009116,130.0
3009117,4493.5
3009118,35.0
3009119,1.5
3009120,20.0
3009121,15.0
3009122,0.0
3009123,305.5
3009124,33.5
3009125,28.0
3009126,3.5
3009127,94.5
3009128,6.0
3009129,357.0070037841797
3009130,382.0
3009131,10.5
3009132,14.0
3009133,504.9595031738281
3009134,54.42250061035156
3009135,3090.3699951171875
3009136,0.0
3009137,34.59000015258789
3009138,4.5
3009139,0.0
3009140,2.0
3009141,4595.5
3009142,0.0
3009143,514.0
3009144,3.5
3009145,1564.0
3009146,749.0
3009147,299.5
3009148,176.0
3009149,54.5
3009150,6088.5
3009151,10.5
3009152,2.5
3009153,32.5
3009154,27.5
3009155,0.5
3009156,389.5
3009157,0.0
3009158,0.0
3009159,9.0
3009160,16.0
3009161,3.0
3009162,154.7540054321289
3009163,348.5
3009164,3.0
3009165,13.0
3009166,172.38400268554688
3009167,61.0
3009168,1051.489501953125
3009169,0.0
3009170,7.0
3009171,10.0
3009172,0.0
3009173,10.5
3009174,4171.0
3009175,0.0
3009176,733.5465087890625
3009177,9.0
3009178,1554.0
3009179,1090.0
3009180,353.21099853515625
3009181,215.5
3009182,158.73400115966797
3009183,5718.5
3009184,54.5
3009185,1.5
3009186,36.0
3009187,48.0
3009188,0.0
3009189,442.5
3009190,48.0
3009191,27.0
3009192,11.0
3009193,71.5
3009194,19.5
3009195,273.5820007324219
3009196,539.5
3009197,17.5
3009198,13.5
3009199,261.03199005126953
3009200,85.95950317382812
3009201,2739.5074462890625
3009202,1.5
3009203,9.5
3009204,7.0
3009205,0.0
3009206,6.0
3009207,3126.0
3009208,0.0
3009209,493.01548767089844
3009210,9.0
3009211,850.5
3009212,870.5
3009213,180.9540023803711
3009214,159.5
3009215,118.81050109863281
3009216,3486.0
3009217,40.5
3009218,2.0
3009219,29.0
3009220,21.0
3009221,0.0
3009222,249.5
3009223,28.5
3009224,34.5
3009225,4.0
3009226,58.0
3009227,15.0
3009228,248.03700256347656
3009229,291.5
3009230,10.0
3009231,12.5
3009232,248.9959945678711
3009233,53.45800018310547
3009234,2457.6934814453125
3009235,0.5
3009236,19.838500022888184
3009237,8.0
3009238,0.0
3009239,2.0
3009240,5900.5
3009241,0.0
3009242,774.0
3009243,26.5
3009244,1446.0
3009245,938.0
3009246,370.33299255371094
3009247,239.0
3009248,66.0
3009249,6461.56640625
3009250,9.0
3009251,0.0
3009252,19.0
3009253,19.0
3009254,0.5
3009255,317.0
3009256,0.0
3009257,12.5
3009258,1.0
3009259,141.5
3009260,1.5
3009261,238.67950439453125
3009262,361.5
3009263,6.5
3009264,3.5
3009265,293.10499572753906
3009266,165.17250061035156
3009267,1433.5029907226562
3009268,2.5
3009269,2.5
3009270,19.5
3009271,0.0
3009272,27.5
3009273,13654.5
3009274,0.0
3009275,2212.2509765625
3009276,19.5
3009277,3465.0
3009278,3525.5
3009279,833.2994995117188
3009280,961.5
3009281,578.4555053710938
3009282,13822.5
3009283,89.5
3009284,6.5
3009285,161.0
3009286,144.0
3009287,0.0
3009288,1254.0
3009289,53.5
3009290,24.0
3009291,53.0
3009292,342.5
3009293,38.0
3009294,1086.0574951171875
3009295,1013.5
3009296,64.0
3009297,55.5
3009298,1647.7864990234375
3009299,326.77699279785156
3009300,12783.6396484375
3009301,215.0
3009302,110.00450134277344
3009303,25.0
3009304,0.0
3009305,23.5
3009306,13682.0
3009307,0.0
3009308,1644.281494140625
3009309,20.5
3009310,3696.5
3009311,3135.5
3009312,1074.0794677734375
3009313,591.0
3009314,454.0345001220703
3009315,15438.0
3009316,132.0
3009317,5.0
3009318,96.5
3009319,94.0
3009320,1.5
3009321,1118.5
3009322,46.5
3009323,52.0
3009324,4.0
3009325,209.5
3009326,30.0
3009327,1468.1060180664062
3009328,1250.0
3009329,35.5
3009330,39.5
3009331,1836.0139770507812
3009332,337.60450744628906
3009333,8614.4345703125
3009334,660.0
3009335,132.51499938964844
3009336,18.0
3009337,0.0
3009338,33.5
3009339,9647.5
3009340,0.0
3009341,1240.5
3009342,11.5
3009343,3640.0
3009344,2395.0
3009345,1258.2105102539062
3009346,262.5
3009347,366.2879943847656
3009348,14493.0
3009349,74.0
3009350,4.5
3009351,66.0
3009352,39.5
3009353,0.0
3009354,1063.0
3009355,68.5
3009356,37.0
3009357,13.0
3009358,125.0
3009359,9.0
3009360,1214.5485229492188
3009361,1271.0
3009362,39.0
3009363,77.5
3009364,1273.8255004882812
3009365,154.47450256347656
3009366,4437.450439453125
3009367,456.0
3009368,77.8115005493164
3009369,24.5
3009370,0.0
3009371,28.5
3009372,13614.0
3009373,0.0
3009374,1509.4505004882812
3009375,16.0
3009376,3305.0
3009377,2898.0
3009378,935.1920166015625
3009379,540.0
3009380,327.83399963378906
3009381,13561.5
3009382,68.0
3009383,3.0
3009384,81.0
3009385,96.0
3009386,0.0
3009387,982.0
3009388,51.5
3009389,33.5
3009390,5.5
3009391,188.0
3009392,22.0
3009393,1158.2909545898438
3009394,1185.5
3009395,37.5
3009396,55.0
3009397,1632.550048828125
3009398,275.75599670410156
3009399,7933.405517578125
3009400,247.5
3009401,95.30050277709961
3009402,23.5
3009403,0.0
3009404,39.0
3009405,8488.5
3009406,0.0
3009407,1222.5
3009408,17.5
3009409,3572.0
3009410,2144.0
3009411,1084.7030029296875
3009412,243.0
3009413,313.8789978027344
3009414,13719.5
3009415,73.0
3009416,1.0
3009417,50.5
3009418,42.5
3009419,0.0
3009420,1090.0
3009421,39.5
3009422,24.0
3009423,4.5
3009424,105.5
3009425,12.5
3009426,1291.281494140625
3009427,1279.5
3009428,32.5
3009429,42.5
3009430,1440.5800170898438
3009431,145.61199951171875
3009432,3471.136962890625
3009433,232.0
3009434,38.38599967956543
3009435,13.0
3009436,0.0
3009437,19.0
3009438,9208.0
3009439,0.0
3009440,1319.3404541015625
3009441,19.0
3009442,2259.0
3009443,2536.5
3009444,594.2409973144531
3009445,582.0
3009446,377.739501953125
3009447,9298.5
3009448,76.5
3009449,1.5
3009450,72.5
3009451,52.0
3009452,0.0
3009453,718.0
3009454,27.5
3009455,27.5
3009456,11.0
3009457,240.0
3009458,22.0
3009459,880.9354858398438
3009460,799.0
3009461,32.0
3009462,46.0
3009463,1191.697021484375
3009464,241.2010040283203
3009465,8717.455078125
3009466,250.5
3009467,77.51399993896484
3009468,9.5
3009469,0.5
3009470,10.5
3009471,2508.0
3009472,0.0
3009473,388.9859924316406
3009474,21.0
3009475,1047.0
3009476,697.5
3009477,248.73749542236328
3009478,107.0
3009479,78.76900100708008
3009480,3620.0
3009481,80.5
3009482,2.0
3009483,27.0
3009484,30.5
3009485,0.0
3009486,278.0
3009487,20.0
3009488,10.5
3009489,15.5
3009490,59.0
3009491,7.0
3009492,241.37100219726562
3009493,334.5
3009494,5.5
3009495,9.0
3009496,257.37149810791016
3009497,64.46549987792969
3009498,1808.7525024414062
3009499,0.0
3009500,10.234000205993652
3009501,10.0
3009502,0.0
3009503,22.5
3009504,6448.0
3009505,0.0
3009506,707.4005126953125
3009507,32.0
3009508,2437.5
3009509,1422.5
3009510,624.7400207519531
3009511,154.0
3009512,150.35000610351562
3009513,8785.0
3009514,161.0
3009515,2.5
3009516,47.0
3009517,42.0
3009518,0.0
3009519,604.5
3009520,28.0
3009521,10.5
3009522,3.0
3009523,118.5
3009524,13.5
3009525,550.3089904785156
3009526,728.0
3009527,18.0
3009528,34.5
3009529,509.95298767089844
3009530,87.08300018310547
3009531,2663.799560546875
3009532,226.0
3009533,22.81399917602539
3009534,9.0
3009535,0.0
3009536,8.0
3009537,5982.0
3009538,0.0
3009539,1154.8004760742188
3009540,6.0
3009541,1615.5
3009542,2017.0
3009543,321.6394958496094
3009544,447.5
3009545,281.10650634765625
3009546,6400.0
3009547,51.5
3009548,3.0
3009549,38.5
3009550,53.5
3009551,0.0
3009552,412.0
3009553,10.5
3009554,46.0
3009555,4.0
3009556,150.0
3009557,13.0
3009558,673.6005249023438
3009559,397.0
3009560,26.5
3009561,12.5
3009562,828.3965148925781
3009563,157.72349548339844
3009564,6370.31201171875
3009565,5.5
3009566,55.6564998626709
3009567,22.5
3009568,0.0
3009569,10.5
3009570,5609.0
3009571,0.0
3009572,1096.0275268554688
3009573,14.5
3009574,1929.5
3009575,1493.0
3009576,463.63800048828125
3009577,293.0
3009578,293.11749267578125
3009579,7829.0
3009580,71.0
3009581,2.5
3009582,50.5
3009583,57.5
3009584,0.5
3009585,535.5
3009586,14.0
3009587,58.5
3009588,9.5
3009589,176.0
3009590,12.5
3009591,512.8675079345703
3009592,519.0
3009593,14.5
3009594,36.5
3009595,616.7740173339844
3009596,144.6804962158203
3009597,4821.36767578125
3009598,9.0
3009599,10.154999732971191
3009600,17.0
3009601,0.0
3009602,5.5
3009603,3436.0
3009604,0.0
3009605,659.1095275878906
3009606,11.0
3009607,1323.5
3009608,766.5
3009609,302.4425048828125
3009610,145.5
3009611,114.04949951171875
3009612,4479.5
3009613,24.5
3009614,2.0
3009615,36.0
3009616,26.5
3009617,0.0
3009618,340.5
3009619,9.0
3009620,16.5
3009621,10.5
3009622,91.0
3009623,4.5
3009624,329.33900451660156
3009625,363.5
3009626,6.0
3009627,8.0
3009628,281.9209899902344
3009629,80.29399871826172
3009630,2627.9630126953125
3009631,1.5
3009632,2.5
3009633,12.0
3009634,0.0
3009635,3.0
3009636,6468.5
3009637,0.0
3009638,434.5
3009639,6.0
3009640,1650.5
3009641,387.0
3009642,324.51300048828125
3009643,87.0
3009644,41.5
3009645,4815.0
3009646,9.5
3009647,1.0
3009648,41.5
3009649,14.0
3009650,0.0
3009651,351.0
3009652,0.0
3009653,0.0
3009654,5.0
3009655,16.5
3009656,2.0
3009657,73.12649917602539
3009658,288.0
3009659,0.0
3009660,2.0
3009661,83.6084976196289
3009662,134.5
3009663,835.2254943847656
3009664,0.0
3009665,3.0
3009666,10.0
3009667,0.0
3009668,9.5
3009669,5147.5
3009670,0.0
3009671,629.79150390625
3009672,11.5
3009673,1664.0
3009674,1335.0
3009675,482.5574951171875
3009676,268.5
3009677,197.8874969482422
3009678,6543.0
3009679,54.0
3009680,2.5
3009681,35.5
3009682,55.0
3009683,0.0
3009684,526.5
3009685,46.0
3009686,23.0
3009687,8.5
3009688,105.5
3009689,11.5
3009690,543.0650024414062
3009691,501.5
3009692,12.0
3009693,22.5
3009694,698.9045104980469
3009695,122.51100158691406
3009696,3466.58642578125
3009697,0.0
3009698,50.88850021362305
3009699,5.0
3009700,0.0
3009701,7.0
3009702,3872.5
3009703,0.0
3009704,606.0350036621094
3009705,7.5
3009706,846.5
3009707,1138.0
3009708,170.4844970703125
3009709,260.0
3009710,220.81749725341797
3009711,3437.0
3009712,32.0
3009713,1.5
3009714,25.5
3009715,17.5
3009716,0.5
3009717,258.5
3009718,18.0
3009719,31.0
3009720,9.5
3009721,189.0
3009722,14.0
3009723,414.1179962158203
3009724,238.5
3009725,9.0
3009726,18.0
3009727,561.3870239257812
3009728,127.61600494384766
3009729,4335.18603515625
3009730,0.0
3009731,32.576499938964844
3009732,6.5
3009733,0.5
3009734,12.5
3009735,6223.5
3009736,0.0
3009737,926.9344787597656
3009738,17.0
3009739,1433.5
3009740,1699.5
3009741,379.30650329589844
3009742,441.0
3009743,184.22699737548828
3009744,5894.5
3009745,53.0
3009746,6.0
3009747,45.5
3009748,46.5
3009749,0.0
3009750,452.5
3009751,33.0
3009752,39.5
3009753,20.0
3009754,112.5
3009755,23.5
3009756,448.77049255371094
3009757,464.0
3009758,33.0
3009759,22.0
3009760,733.6300048828125
3009761,180.2614974975586
3009762,5848.471435546875
3009763,1.0
3009764,41.319000244140625
3009765,16.0
3009766,1.0
3009767,13.0
3009768,4554.0
3009769,0.0
3009770,668.5
3009771,16.0
3009772,1948.5
3009773,1046.0
3009774,621.1220092773438
3009775,273.5
3009776,139.7949981689453
3009777,7557.113037109375
3009778,10.0
3009779,1.0
3009780,51.5
3009781,64.0
3009782,0.0
3009783,480.0
3009784,19.0
3009785,4.0
3009786,7.0
3009787,56.0
3009788,3.0
3009789,429.55101013183594
3009790,532.5
3009791,9.5
3009792,12.5
3009793,517.1195068359375
3009794,125.32950210571289
3009795,1879.3930053710938
3009796,118.0
3009797,19.954500198364258
3009798,5.5
3009799,0.0
3009800,4.0
3009801,2179.5
3009802,0.0
3009803,355.6940002441406
3009804,11.0
3009805,662.0
3009806,722.0
3009807,155.9134979248047
3009808,157.0
3009809,134.1709976196289
3009810,2581.5
3009811,19.5
3009812,1.0
3009813,21.5
3009814,27.5
3009815,1.0
3009816,197.5
3009817,18.0
3009818,18.5
3009819,6.0
3009820,64.5
3009821,8.5
3009822,245.43099975585938
3009823,182.0
3009824,4.0
3009825,7.0
3009826,365.51051330566406
3009827,70.86399841308594
3009828,2596.5455322265625
3009829,0.0
3009830,28.719999313354492
3009831,2.5
3009832,0.0
3009833,4.5
3009834,1290.0
3009835,0.0
3009836,112.0
3009837,3.0
3009838,722.5
3009839,326.5
3009840,257.0
3009841,111.5
3009842,34.0
3009843,2801.0
3009844,1.0
3009845,1.0
3009846,9.0
3009847,8.5
3009848,0.0
3009849,179.0
3009850,1.5
3009851,0.0
3009852,0.5
3009853,7.0
3009854,0.0
3009855,202.9550018310547
3009856,179.5
3009857,0.5
3009858,3.0
3009859,129.7295036315918
3009860,31.5
3009861,249.1114959716797
3009862,0.0
3009863,1.0
3009864,5.0
3009865,0.5
3009866,4.0
3009867,4284.5
3009868,0.0
3009869,643.5
3009870,9.5
3009871,1859.0
3009872,690.5
3009873,555.2210083007812
3009874,299.5
3009875,64.0
3009876,7598.031005859375
3009877,18.0
3009878,1.0
3009879,10.0
3009880,25.5
3009881,0.0
3009882,552.0
3009883,4.5
3009884,1.0
3009885,7.0
3009886,29.5
3009887,2.0
3009888,564.7280120849609
3009889,407.0
3009890,2.5
3009891,19.5
3009892,276.40399169921875
3009893,92.86199951171875
3009894,1439.0995483398438
3009895,14.5
3009896,7.0
3009897,5.0
3009898,0.0
3009899,1.5
3009900,1786.0
3009901,0.0
3009902,239.5
3009903,12.0
3009904,889.5
3009905,404.0
3009906,208.0
3009907,64.5
3009908,36.5
3009909,3284.0
3009910,6.0
3009911,0.5
3009912,17.0
3009913,18.0
3009914,0.5
3009915,205.0
3009916,7.0
3009917,0.0
3009918,7.5
3009919,17.5
3009920,2.0
3009921,150.03600311279297
3009922,174.5
3009923,1.0
3009924,9.0
3009925,160.7665023803711
3009926,27.0
3009927,324.02899169921875
3009928,1.0
3009929,2.0
3009930,4.5
3009931,0.0
3009932,5.5
3009933,1888.0
3009934,0.0
3009935,151.5
3009936,5.0
3009937,726.0
3009938,278.5
3009939,181.0
3009940,101.5
3009941,34.5
3009942,2950.0
3009943,12.5
3009944,0.0
3009945,14.0
3009946,13.5
3009947,0.0
3009948,156.5
3009949,1.0
3009950,0.0
3009951,2.5
3009952,26.5
3009953,0.5
3009954,184.86800384521484
3009955,269.0
3009956,0.5
3009957,6.5
3009958,61.71949768066406
3009959,23.0
3009960,193.7874984741211
3009961,0.0
3009962,0.5
3009963,2.0
3009964,0.0
3009965,2.0
3009966,1547.0
3009967,0.0
3009968,162.5
3009969,5.0
3009970,1087.0
3009971,369.5
3009972,255.0
3009973,51.0
3009974,30.5
3009975,2792.5
3009976,3.5
3009977,0.0
3009978,9.0
3009979,30.5
3009980,0.0
3009981,245.0
3009982,0.0
3009983,0.0
3009984,2.0
3009985,6.0
3009986,2.5
3009987,247.24250030517578
3009988,287.5
3009989,1.0
3009990,3.5
3009991,65.0265007019043
3009992,97.0
3009993,401.21900939941406
3009994,0.5
3009995,3.0
3009996,2.5
3009997,0.5
3009998,4.0
3009999,1811.5
3010000,0.0
3010001,157.0
3010002,2.5
3010003,1000.5
3010004,390.5
3010005,290.0
3010006,152.0
3010007,64.0
3010008,3135.0
3010009,8.0
3010010,0.5
3010011,9.5
3010012,16.5
3010013,0.5
3010014,272.5
3010015,9.0
3010016,0.0
3010017,4.5
3010018,14.0
3010019,2.5
3010020,154.8909912109375
3010021,233.5
3010022,0.0
3010023,7.5
3010024,114.26250076293945
3010025,34.0
3010026,646.4089965820312
3010027,0.0
3010028,4.5
3010029,6.0
3010030,0.0
3010031,0.0
3010032,1435.5
3010033,0.0
3010034,163.0
3010035,4.0
3010036,705.0
3010037,261.5
3010038,156.5
3010039,409.5
3010040,20.5
3010041,2169.0
3010042,7.5
3010043,0.0
3010044,11.5
3010045,11.5
3010046,1.0
3010047,161.0
3010048,0.0
3010049,0.0
3010050,1.0
3010051,13.5
3010052,2.5
3010053,69.072998046875
3010054,133.5
3010055,1.5
3010056,4.5
3010057,65.78499984741211
3010058,51.5
3010059,557.8379821777344
3010060,0.0
3010061,0.0
3010062,10.5
3010063,1.5
3010064,4.0
3010065,3061.5
3010066,0.0
3010067,319.5
3010068,1.0
3010069,1190.5
3010070,703.5
3010071,503.5
3010072,308.0
3010073,92.3479995727539
3010074,4653.5
3010075,12.5
3010076,1.5
3010077,26.5
3010078,20.0
3010079,0.0
3010080,324.0
3010081,0.5
3010082,0.0
3010083,5.0
3010084,21.5
3010085,4.0
3010086,271.2644958496094
3010087,305.5
3010088,2.0
3010089,9.0
3010090,392.91749572753906
3010091,59.5
3010092,1332.8145141601562
3010093,0.0
3010094,7.0
3010095,2.5
3010096,0.0
3010097,4.0
3010098,1951.0
3010099,0.0
3010100,524.5
3010101,5.5
3010102,601.0
3010103,540.0
3010104,194.45449829101562
3010105,203.0
3010106,46.42049980163574
3010107,2804.41796875
3010108,12.0
3010109,2.0
3010110,24.0
3010111,22.0
3010112,0.5
3010113,184.5
3010114,15.0
3010115,3.5
3010116,5.5
3010117,24.5
3010118,1.0
3010119,88.3740005493164
3010120,165.0
3010121,3.5
3010122,6.0
3010123,163.70549774169922
3010124,46.16299819946289
3010125,1512.9974975585938
3010126,34.0
3010127,12.16450023651123
3010128,6.5
3010129,0.5
3010130,4.0
3010131,2712.5
3010132,0.0
3010133,180.5
3010134,2.0
3010135,953.5
3010136,356.0
3010137,316.0
3010138,107.0
3010139,43.9635009765625
3010140,3645.0
3010141,32.0
3010142,0.5
3010143,14.5
3010144,25.0
3010145,0.5
3010146,193.0
3010147,12.0
3010148,0.0
3010149,7.0
3010150,18.0
3010151,2.0
3010152,151.3969955444336
3010153,185.0
3010154,1.5
3010155,8.0
3010156,86.9734992980957
3010157,28.0
3010158,509.5904998779297
3010159,0.5
3010160,4.5
3010161,3.5
3010162,0.0
3010163,7.0
3010164,2776.0
3010165,0.0
3010166,612.0
3010167,7.5
3010168,849.5
3010169,803.0
3010170,226.1155014038086
3010171,173.5
3010172,92.0
3010173,3647.0
3010174,55.5
3010175,1.5
3010176,16.0
3010177,21.5
3010178,0.0
3010179,255.0
3010180,16.0
3010181,11.5
3010182,4.5
3010183,38.5
3010184,12.0
3010185,361.3815002441406
3010186,267.5
3010187,8.0
3010188,8.0
3010189,449.44801330566406
3010190,115.41449737548828
3010191,2204.0169677734375
3010192,0.0
3010193,34.76449966430664
3010194,6.0
3010195,0.0
3010196,6.0
3010197,3617.5
3010198,0.0
3010199,464.0
3010200,7.0
3010201,1257.5
3010202,714.0
3010203,564.8890075683594
3010204,182.5
3010205,58.24300003051758
3010206,6286.304931640625
3010207,12.5
3010208,0.0
3010209,22.0
3010210,13.5
3010211,0.0
3010212,360.5
3010213,1.5
3010214,7.0
3010215,4.0
3010216,22.0
3010217,1.0
3010218,279.5955047607422
3010219,356.0
3010220,4.5
3010221,6.0
3010222,305.08799743652344
3010223,58.229501724243164
3010224,1009.6640319824219
3010225,28.0
3010226,14.788000106811523
3010227,7.0
3010228,0.0
3010229,5.0
3010230,3856.0
3010231,0.0
3010232,456.5
3010233,6.5
3010234,1309.5
3010235,635.0
3010236,327.7150115966797
3010237,429.5
3010238,69.5
3010239,4405.781005859375
3010240,16.5
3010241,0.5
3010242,30.5
3010243,32.0
3010244,0.5
3010245,334.0
3010246,5.0
3010247,2.5
3010248,8.0
3010249,51.5
3010250,2.0
3010251,104.96099853515625
3010252,310.5
3010253,1.5
3010254,5.0
3010255,154.177001953125
3010256,154.21949768066406
3010257,1239.6694946289062
3010258,0.5
3010259,6.5
3010260,5.0
3010261,1.0
3010262,2.0
3010263,2154.5
3010264,0.0
3010265,181.0
3010266,9.5
3010267,689.0
3010268,353.5
3010269,164.5
3010270,73.0
3010271,44.0
3010272,2746.5
3010273,3.5
3010274,0.0
3010275,19.0
3010276,18.5
3010277,0.0
3010278,181.5
3010279,0.0
3010280,0.0
3010281,6.5
3010282,32.5
3010283,2.0
3010284,148.75299835205078
3010285,199.0
3010286,2.5
3010287,5.5
3010288,182.4885025024414
3010289,26.0
3010290,666.3455047607422
3010291,0.0
3010292,1.5
3010293,2.0
3010294,0.0
3010295,1.0
3010296,1350.5
3010297,0.0
3010298,280.55149841308594
3010299,6.0
3010300,528.5
3010301,468.5
3010302,139.86949920654297
3010303,46.0
3010304,54.777000427246094
3010305,2070.0
3010306,18.5
3010307,0.0
3010308,10.5
3010309,17.5
3010310,0.0
3010311,147.0
3010312,14.5
3010313,2.0
3010314,0.5
3010315,32.5
3010316,5.0
3010317,362.03399658203125
3010318,137.0
3010319,3.5
3010320,5.5
3010321,355.7154998779297
3010322,23.820000648498535
3010323,1178.4989624023438
3010324,0.0
3010325,6.178499937057495
3010326,1.5
3010327,0.0
3010328,6.0
3010329,3372.0
3010330,0.0
3010331,745.8185119628906
3010332,17.0
3010333,932.0
3010334,1269.5
3010335,266.33399963378906
3010336,240.5
3010337,148.29900360107422
3010338,3967.5
3010339,36.0
3010340,1.0
3010341,11.5
3010342,21.0
3010343,0.0
3010344,253.5
3010345,12.5
3010346,32.5
3010347,11.0
3010348,58.0
3010349,15.5
3010350,361.2919921875
3010351,272.5
3010352,17.5
3010353,9.5
3010354,519.6814880371094
3010355,110.4729995727539
3010356,3599.072509765625
3010357,0.0
3010358,20.362000465393066
3010359,1.5
3010360,0.0
3010361,4.0
3010362,1846.5
3010363,0.0
3010364,369.78550720214844
3010365,4.0
3010366,392.0
3010367,552.5
3010368,129.39249801635742
3010369,123.0
3010370,72.66650009155273
3010371,1753.5
3010372,23.5
3010373,1.5
3010374,14.0
3010375,19.0
3010376,0.0
3010377,106.0
3010378,0.0
3010379,10.0
3010380,2.0
3010381,96.5
3010382,9.0
3010383,170.27999877929688
3010384,97.5
3010385,5.0
3010386,6.0
3010387,152.79999923706055
3010388,33.37150001525879
3010389,1531.62451171875
3010390,0.5
3010391,5.0
3010392,3.5
3010393,0.0
3010394,0.0
3010395,918.5
3010396,0.0
3010397,220.0
3010398,4.5
3010399,439.0
3010400,259.5
3010401,93.97949981689453
3010402,38.5
3010403,29.40250015258789
3010404,1520.0
3010405,17.5
3010406,0.0
3010407,14.0
3010408,5.5
3010409,0.5
3010410,100.0
3010411,0.0
3010412,4.5
3010413,0.0
3010414,8.0
3010415,0.0
3010416,239.69400024414062
3010417,129.0
3010418,2.5
3010419,1.0
3010420,142.6240005493164
3010421,20.5
3010422,426.66900634765625
3010423,1.0
3010424,1.0
3010425,6.5
3010426,0.0
3010427,5.5
3010428,3458.0
3010429,0.0
3010430,703.3965148925781
3010431,17.0
3010432,1000.0
3010433,1178.0
3010434,292.8905029296875
3010435,259.0
3010436,102.93249893188477
3010437,4275.0
3010438,35.5
3010439,1.5
3010440,13.5
3010441,27.5
3010442,0.0
3010443,272.0
3010444,6.0
3010445,36.5
3010446,6.5
3010447,66.0
3010448,3.5
3010449,322.39349365234375
3010450,299.0
3010451,10.5
3010452,9.0
3010453,444.80250549316406
3010454,78.822998046875
3010455,2922.1590576171875
3010456,3.0
3010457,17.630000114440918
3010458,9.0
3010459,0.0
3010460,3.0
3010461,3485.5
3010462,0.0
3010463,686.5
3010464,9.0
3010465,1283.0
3010466,809.0
3010467,338.9129943847656
3010468,340.0
3010469,51.0
3010470,5710.116943359375
3010471,16.5
3010472,0.0
3010473,28.0
3010474,18.5
3010475,0.5
3010476,264.5
3010477,0.0
3010478,5.0
3010479,7.5
3010480,25.5
3010481,0.5
3010482,174.38150024414062
3010483,312.5
3010484,4.5
3010485,2.5
3010486,177.70349884033203
3010487,79.5
3010488,1374.9005126953125
3010489,1.5
3010490,2.5
3010491,7.5
3010492,0.5
3010493,3.0
3010494,3124.5
3010495,0.0
3010496,741.0
3010497,6.0
3010498,901.0
3010499,756.0
3010500,269.5664978027344
3010501,488.5
3010502,47.0
3010503,4086.5860595703125
3010504,17.0
3010505,1.5
3010506,28.0
3010507,15.5
3010508,0.0
3010509,253.5
3010510,0.0
3010511,3.5
3010512,3.5
3010513,38.0
3010514,1.0
3010515,135.5449981689453
3010516,260.5
3010517,3.5
3010518,5.0
3010519,206.72550201416016
3010520,64.1875
3010521,1057.8569946289062
3010522,3.0
3010523,5.5
3010524,9.0
3010525,0.5
3010526,17.0
3010527,7906.5
3010528,0.0
3010529,1162.20947265625
3010530,21.5
3010531,1932.5
3010532,2060.5
3010533,333.3345031738281
3010534,475.0
3010535,311.34800720214844
3010536,7544.5
3010537,93.0
3010538,4.5
3010539,47.0
3010540,62.0
3010541,0.5
3010542,496.0
3010543,43.0
3010544,39.0
3010545,24.0
3010546,130.5
3010547,22.5
3010548,676.3269958496094
3010549,526.0
3010550,13.5
3010551,26.5
3010552,1150.2885131835938
3010553,215.10649871826172
3010554,7807.930908203125
3010555,0.5
3010556,81.0829963684082
3010557,2.0
3010558,0.5
3010559,1.0
3010560,1458.0
3010561,0.0
3010562,158.5
3010563,1.5
3010564,435.5
3010565,279.5
3010566,119.5
3010567,200.0
3010568,37.5
3010569,1942.0
3010570,6.5
3010571,0.0
3010572,12.5
3010573,2.5
3010574,0.0
3010575,118.0
3010576,0.0
3010577,0.0
3010578,2.0
3010579,25.0
3010580,1.0
3010581,46.65049934387207
3010582,84.5
3010583,2.0
3010584,3.5
3010585,100.0634994506836
3010586,21.0
3010587,561.4100036621094
3010588,0.0
3010589,8.0
3010590,6.0
3010591,0.5
3010592,2.0
3010593,3469.0
3010594,0.0
3010595,560.0
3010596,9.5
3010597,1163.0
3010598,651.0
3010599,210.54449462890625
3010600,528.0
3010601,51.91950035095215
3010602,4235.1558837890625
3010603,18.0
3010604,0.0
3010605,18.0
3010606,17.0
3010607,0.0
3010608,277.5
3010609,1.0
3010610,4.5
3010611,6.0
3010612,11.5
3010613,0.5
3010614,334.3354949951172
3010615,262.5
3010616,4.0
3010617,4.0
3010618,114.61449813842773
3010619,57.06500053405762
3010620,1037.1880187988281
3010621,2.0
3010622,7.0
3010623,1.0
3010624,0.0
3010625,1.0
3010626,1030.5
3010627,0.0
3010628,154.0
3010629,2.5
3010630,587.5
3010631,191.0
3010632,88.0
3010633,607.0
3010634,22.0
3010635,1725.0
3010636,2.5
3010637,0.0
3010638,6.5
3010639,4.5
3010640,0.0
3010641,95.5
3010642,0.0
3010643,0.0
3010644,0.0
3010645,3.0
3010646,0.5
3010647,67.17250061035156
3010648,74.5
3010649,0.0
3010650,2.0
3010651,67.01799964904785
3010652,11.5
3010653,184.79150390625
3010654,0.0
3010655,3.0
3010656,5.5
3010657,0.0
3010658,1.5
3010659,2344.0
3010660,0.0
3010661,243.5
3010662,3.0
3010663,1028.0
3010664,394.0
3010665,161.0
3010666,531.0
3010667,35.5
3010668,3146.5
3010669,1.5
3010670,0.5
3010671,29.0
3010672,11.5
3010673,0.0
3010674,204.5
3010675,0.0
3010676,0.0
3010677,11.0
3010678,7.5
3010679,1.5
3010680,217.36599731445312
3010681,227.5
3010682,0.5
3010683,3.5
3010684,175.62100219726562
3010685,31.5
3010686,1197.39404296875
3010687,0.0
3010688,0.0
3010689,4.5
3010690,1.0
3010691,1.5
3010692,2732.5
3010693,0.0
3010694,757.5
3010695,8.0
3010696,958.5
3010697,681.5
3010698,226.93099975585938
3010699,182.0
3010700,61.5
3010701,4109.5465087890625
3010702,7.0
3010703,3.5
3010704,14.5
3010705,40.5
3010706,0.0
3010707,200.0
3010708,1.5
3010709,7.5
3010710,4.0
3010711,17.5
3010712,2.0
3010713,188.77149963378906
3010714,292.0
3010715,4.5
3010716,9.0
3010717,148.80449676513672
3010718,32.170000076293945
3010719,663.9840087890625
3010720,3.0
3010721,4.0
3010722,4.5
3010723,0.0
3010724,0.0
3010725,1587.5
3010726,0.0
3010727,97.5
3010728,0.5
3010729,486.5
3010730,186.0
3010731,93.0
3010732,256.0
3010733,29.0
3010734,2111.0
3010735,8.5
3010736,0.0
3010737,12.0
3010738,4.5
3010739,0.0
3010740,100.0
3010741,0.0
3010742,0.0
3010743,0.5
3010744,10.0
3010745,0.5
3010746,202.98899841308594
3010747,87.0
3010748,1.5
3010749,0.5
3010750,49.0989990234375
3010751,16.0
3010752,341.2119903564453
3010753,0.0
3010754,1.0
3010755,6.0
3010756,0.0
3010757,1.0
3010758,3361.5
3010759,0.0
3010760,525.5
3010761,14.0
3010762,743.5
3010763,542.5
3010764,180.99449920654297
3010765,151.0
3010766,42.5
3010767,3668.3514404296875
3010768,3.5
3010769,1.0
3010770,18.0
3010771,11.0
3010772,0.0
3010773,210.0
3010774,0.0
3010775,8.0
3010776,0.0
3010777,21.0
3010778,0.5
3010779,212.531005859375
3010780,189.0
3010781,2.0
3010782,2.5
3010783,116.1775016784668
3010784,42.927499771118164
3010785,1084.7534790039062
3010786,0.0
3010787,0.0
3010788,3.5
3010789,0.0
3010790,8.0
3010791,2709.5
3010792,0.0
3010793,567.3089904785156
3010794,2.5
3010795,892.5
3010796,952.0
3010797,164.39049530029297
3010798,134.5
3010799,98.7130012512207
3010800,3639.0
3010801,46.5
3010802,0.5
3010803,26.0
3010804,23.5
3010805,0.0
3010806,255.5
3010807,24.5
3010808,22.5
3010809,1.0
3010810,74.5
3010811,11.5
3010812,194.9235076904297
3010813,270.5
3010814,16.0
3010815,16.5
3010816,238.09749603271484
3010817,68.79150199890137
3010818,2466.35107421875
3010819,0.0
3010820,11.343000173568726
3010821,4.5
3010822,0.0
3010823,7.0
3010824,2115.5
3010825,0.0
3010826,481.51499938964844
3010827,15.5
3010828,896.0
3010829,726.5
3010830,153.69549560546875
3010831,91.0
3010832,91.87699890136719
3010833,3587.5
3010834,26.0
3010835,0.5
3010836,48.0
3010837,42.5
3010838,0.0
3010839,300.0
3010840,24.5
3010841,9.0
3010842,5.0
3010843,55.0
3010844,10.5
3010845,225.79399871826172
3010846,373.0
3010847,10.5
3010848,6.5
3010849,118.552001953125
3010850,75.23849868774414
3010851,1964.9784545898438
3010852,0.0
3010853,15.603000164031982
3010854,10.5
3010855,0.0
3010856,5.5
3010857,3912.0
3010858,0.0
3010859,701.5
3010860,3.0
3010861,1533.5
3010862,656.5
3010863,204.55950164794922
3010864,1697.5
3010865,56.0
3010866,5662.25
3010867,43.0
3010868,1.5
3010869,23.0
3010870,21.5
3010871,0.0
3010872,339.5
3010873,4.0
3010874,13.0
3010875,2.0
3010876,30.0
3010877,3.5
3010878,167.39449310302734
3010879,335.0
3010880,6.0
3010881,6.5
3010882,219.4854965209961
3010883,53.12100028991699
3010884,1668.3469848632812
3010885,2.5
3010886,16.010000228881836
3010887,2.5
3010888,0.0
3010889,2.5
3010890,2315.5
3010891,0.0
3010892,372.0139923095703
3010893,4.0
3010894,753.0
3010895,724.0
3010896,166.75699615478516
3010897,140.5
3010898,82.65900039672852
3010899,2984.0
3010900,23.5
3010901,0.0
3010902,12.0
3010903,9.0
3010904,0.0
3010905,213.0
3010906,16.5
3010907,17.5
3010908,2.5
3010909,49.0
3010910,7.0
3010911,339.468505859375
3010912,227.5
3010913,7.5
3010914,7.0
3010915,349.6184997558594
3010916,54.933000564575195
3010917,2096.843505859375
3010918,0.0
3010919,24.373000144958496
3010920,2.5
3010921,0.5
3010922,2.0
3010923,4729.5
3010924,0.0
3010925,493.0
3010926,4.5
3010927,1621.5
3010928,732.5
3010929,273.5
3010930,266.0
3010931,62.0
3010932,6275.0
3010933,7.5
3010934,1.5
3010935,29.5
3010936,27.0
3010937,0.0
3010938,433.5
3010939,0.0
3010940,0.0
3010941,9.0
3010942,17.0
3010943,2.0
3010944,137.35549926757812
3010945,336.0
3010946,3.0
3010947,8.0
3010948,181.41400146484375
3010949,64.0
3010950,1236.2479858398438
3010951,0.0
3010952,9.5
3010953,7.5
3010954,0.0
3010955,7.5
3010956,2417.5
3010957,0.0
3010958,497.6370086669922
3010959,7.5
3010960,980.0
3010961,724.5
3010962,190.67400360107422
3010963,147.0
3010964,94.66749954223633
3010965,3562.5
3010966,36.5
3010967,2.0
3010968,20.0
3010969,23.5
3010970,0.0
3010971,265.5
3010972,11.0
3010973,11.5
3010974,7.5
3010975,54.5
3010976,10.5
3010977,195.8895034790039
3010978,276.5
3010979,16.0
3010980,8.5
3010981,207.79999542236328
3010982,58.24600028991699
3010983,2222.2490234375
3010984,1.5
3010985,8.0
3010986,3.0
3010987,0.0
3010988,6.0
3010989,2566.5
3010990,0.0
3010991,528.0055084228516
3010992,9.0
3010993,764.5
3010994,852.5
3010995,166.32699584960938
3010996,142.0
3010997,104.76699829101562
3010998,3188.5
3010999,38.0
3011000,2.5
3011001,26.5
3011002,12.5
3011003,0.0
3011004,236.0
3011005,10.0
3011006,36.5
3011007,2.5
3011008,44.5
3011009,14.5
3011010,221.0590057373047
3011011,218.0
3011012,7.5
3011013,8.5
3011014,204.76399993896484
3011015,65.61300277709961
3011016,2409.1839599609375
3011017,0.0
3011018,17.01949977874756
3011019,5.0
3011020,0.0
3011021,2.0
3011022,5782.5
3011023,0.0
3011024,686.5
3011025,11.0
3011026,1344.5
3011027,828.5
3011028,327.3979949951172
3011029,507.5
3011030,61.5
3011031,5662.07861328125
3011032,11.5
3011033,0.0
3011034,20.0
3011035,22.0
3011036,0.0
3011037,302.5
3011038,0.0
3011039,1.5
3011040,1.5
3011041,55.0
3011042,3.0
3011043,234.15450286865234
3011044,338.0
3011045,5.5
3011046,5.0
3011047,208.98749542236328
3011048,156.01599884033203
3011049,1359.7769775390625
3011050,3.0
3011051,1.0
3011052,13.0
3011053,0.0
3011054,17.5
3011055,9042.0
3011056,0.0
3011057,1533.4655151367188
3011058,20.5
3011059,2189.5
3011060,2183.0
3011061,528.6454925537109
3011062,586.5
3011063,360.3699951171875
3011064,8933.5
3011065,84.0
3011066,5.5
3011067,88.0
3011068,101.5
3011069,0.0
3011070,637.5
3011071,27.0
3011072,24.0
3011073,27.0
3011074,190.0
3011075,27.5
3011076,736.1570129394531
3011077,551.5
3011078,32.0
3011079,33.5
3011080,1055.573974609375
3011081,310.86500549316406
3011082,8726.25244140625
3011083,206.5
3011084,91.20299911499023
3011085,17.0
3011086,0.0
3011087,13.0
3011088,8707.0
3011089,0.0
3011090,1137.406982421875
3011091,18.0
3011092,2528.0
3011093,2096.5
3011094,673.0475158691406
3011095,389.5
3011096,282.72349548339844
3011097,10719.0
3011098,136.0
3011099,1.5
3011100,51.0
3011101,82.5
3011102,1.0
3011103,658.0
3011104,25.0
3011105,21.0
3011106,4.0
3011107,131.5
3011108,18.0
3011109,1009.0180358886719
3011110,802.5
3011111,20.0
3011112,34.5
3011113,1269.6790161132812
3011114,232.44749450683594
3011115,6065.572509765625
3011116,484.0
3011117,86.8479995727539
3011118,10.0
3011119,0.0
3011120,14.0
3011121,5661.0
3011122,0.0
3011123,845.5
3011124,11.5
3011125,2093.5
3011126,1505.5
3011127,762.3919982910156
3011128,148.5
3011129,220.4104995727539
3011130,9106.0
3011131,47.5
3011132,4.0
3011133,27.5
3011134,25.5
3011135,1.5
3011136,635.0
3011137,19.0
3011138,18.5
3011139,6.5
3011140,91.0
3011141,9.5
3011142,990.1275024414062
3011143,686.5
3011144,18.0
3011145,33.0
3011146,755.1820068359375
3011147,151.54449462890625
3011148,2727.0355224609375
3011149,239.5
3011150,40.40450096130371
3011151,16.5
3011152,0.0
3011153,14.5
3011154,7887.5
3011155,0.0
3011156,1173.6339721679688
3011157,19.5
3011158,2198.5
3011159,1970.5
3011160,654.8619995117188
3011161,361.0
3011162,202.88999938964844
3011163,9315.5
3011164,51.5
3011165,1.5
3011166,57.5
3011167,70.0
3011168,0.5
3011169,631.5
3011170,20.0
3011171,23.5
3011172,3.5
3011173,126.5
3011174,16.0
3011175,790.6635131835938
3011176,721.5
3011177,20.0
3011178,19.5
3011179,1265.00048828125
3011180,252.18899536132812
3011181,5371.75341796875
3011182,282.0
3011183,73.9630012512207
3011184,13.5
3011185,0.0
3011186,16.0
3011187,4285.5
3011188,0.0
3011189,855.5
3011190,17.0
3011191,2096.0
3011192,1219.5
3011193,617.614501953125
3011194,113.5
3011195,161.59549713134766
3011196,7924.0
3011197,38.0
3011198,0.5
3011199,23.5
3011200,22.5
3011201,0.0
3011202,618.0
3011203,19.5
3011204,9.0
3011205,0.5
3011206,91.0
3011207,5.5
3011208,888.8815002441406
3011209,786.0
3011210,17.0
3011211,23.5
3011212,826.56201171875
3011213,91.34049987792969
3011214,1897.2319946289062
3011215,167.5
3011216,21.906999588012695
3011217,11.0
3011218,0.0
3011219,9.5
3011220,6762.5
3011221,0.0
3011222,1186.3045043945312
3011223,27.0
3011224,1880.5
3011225,2204.5
3011226,456.8005065917969
3011227,481.0
3011228,296.35499572753906
3011229,7948.0
3011230,80.0
3011231,2.0
3011232,39.0
3011233,52.5
3011234,0.0
3011235,500.0
3011236,13.0
3011237,22.0
3011238,9.0
3011239,162.0
3011240,22.5
3011241,825.1919860839844
3011242,544.0
3011243,22.0
3011244,34.5
3011245,1081.8529663085938
3011246,218.79550170898438
3011247,7784.764404296875
3011248,304.0
3011249,82.85799789428711
3011250,3.5
3011251,0.5
3011252,6.5
3011253,1973.5
3011254,0.0
3011255,379.635498046875
3011256,27.0
3011257,889.5
3011258,595.5
3011259,221.3165054321289
3011260,85.0
3011261,81.57500076293945
3011262,3182.0
3011263,61.5
3011264,1.0
3011265,26.0
3011266,27.5
3011267,0.0
3011268,223.0
3011269,14.5
3011270,10.0
3011271,13.5
3011272,33.0
3011273,6.5
3011274,273.8085021972656
3011275,252.0
3011276,5.0
3011277,6.5
3011278,206.5384979248047
3011279,71.51100158691406
3011280,1456.7339477539062
3011281,0.5
3011282,9.851500034332275
3011283,5.0
3011284,0.0
3011285,12.5
3011286,4061.0
3011287,0.0
3011288,597.5820007324219
3011289,23.5
3011290,1880.0
3011291,1112.0
3011292,472.2145080566406
3011293,125.5
3011294,119.38150024414062
3011295,6762.0
3011296,76.5
3011297,0.5
3011298,42.5
3011299,33.5
3011300,0.0
3011301,436.0
3011302,13.5
3011303,10.5
3011304,1.5
3011305,101.0
3011306,12.5
3011307,546.1849975585938
3011308,612.0
3011309,14.5
3011310,24.0
3011311,439.760009765625
3011312,85.84150314331055
3011313,2141.68359375
3011314,159.0
3011315,12.105999946594238
3011316,7.5
3011317,0.0
3011318,5.0
3011319,4274.5
3011320,0.0
3011321,910.4850158691406
3011322,7.0
3011323,1463.0
3011324,1574.0
3011325,245.34949493408203
3011326,347.0
3011327,206.1094970703125
3011328,5353.5
3011329,53.0
3011330,1.0
3011331,30.5
3011332,32.5
3011333,0.0
3011334,364.0
3011335,1.5
3011336,40.5
3011337,3.0
3011338,69.0
3011339,13.0
3011340,562.7454833984375
3011341,311.5
3011342,22.5
3011343,8.0
3011344,689.3139953613281
3011345,119.36949920654297
3011346,5257.20166015625
3011347,4.0
3011348,42.242000579833984
3011349,7.0
3011350,0.0
3011351,9.0
3011352,4269.5
3011353,0.0
3011354,815.8204956054688
3011355,10.0
3011356,1451.0
3011357,1129.5
3011358,320.5849914550781
3011359,227.5
3011360,272.3710021972656
3011361,5783.0
3011362,65.5
3011363,4.0
3011364,47.5
3011365,40.5
3011366,0.0
3011367,332.0
3011368,11.5
3011369,42.0
3011370,10.0
3011371,165.0
3011372,9.5
3011373,416.38450622558594
3011374,292.5
3011375,13.5
3011376,19.0
3011377,443.10850524902344
3011378,141.15750122070312
3011379,4226.18115234375
3011380,5.0
3011381,6.7815001010894775
3011382,8.0
3011383,0.0
3011384,2.0
3011385,2294.0
3011386,0.0
3011387,450.08349609375
3011388,4.0
3011389,961.5
3011390,509.5
3011391,202.60649871826172
3011392,92.5
3011393,88.6714973449707
3011394,3255.0
3011395,18.0
3011396,1.5
3011397,30.0
3011398,25.5
3011399,0.0
3011400,217.0
3011401,2.0
3011402,8.5
3011403,7.0
3011404,34.5
3011405,4.0
3011406,235.73650360107422
3011407,222.5
3011408,5.5
3011409,5.5
3011410,172.4425048828125
3011411,53.87849998474121
3011412,1878.5634765625
3011413,0.0
3011414,2.5
3011415,4.0
3011416,0.0
3011417,1.0
3011418,3765.0
3011419,0.0
3011420,278.0
3011421,2.0
3011422,1096.0
3011423,295.5
3011424,219.51200103759766
3011425,85.5
3011426,24.5
3011427,3388.5
3011428,8.0
3011429,2.0
3011430,26.0
3011431,10.5
3011432,0.0
3011433,236.0
3011434,0.0
3011435,0.0
3011436,1.5
3011437,18.0
3011438,1.0
3011439,53.30550003051758
3011440,202.5
3011441,0.0
3011442,1.0
3011443,58.8439998626709
3011444,106.0
3011445,625.2204895019531
3011446,0.0
3011447,0.5
3011448,6.0
3011449,0.0
3011450,6.5
3011451,3382.0
3011452,0.0
3011453,533.3634948730469
3011454,10.0
3011455,1189.5
3011456,956.0
3011457,318.62750244140625
3011458,177.0
3011459,123.95650100708008
3011460,5083.0
3011461,36.0
3011462,0.5
3011463,33.5
3011464,47.0
3011465,0.0
3011466,372.0
3011467,18.0
3011468,12.5
3011469,7.0
3011470,48.0
3011471,6.0
3011472,427.0695037841797
3011473,320.5
3011474,7.0
3011475,10.0
3011476,535.0835266113281
3011477,81.15549850463867
3011478,2530.3150634765625
3011479,0.0
3011480,37.90650177001953
3011481,5.5
3011482,0.0
3011483,5.5
3011484,3888.0
3011485,0.0
3011486,711.2830200195312
3011487,18.5
3011488,1092.5
3011489,1360.5
3011490,205.5345001220703
3011491,319.0
3011492,189.13500213623047
3011493,3923.0
3011494,45.5
3011495,3.0
3011496,31.5
3011497,33.5
3011498,0.0
3011499,267.5
3011500,15.5
3011501,36.0
3011502,10.0
3011503,96.5
3011504,10.0
3011505,490.8774871826172
3011506,279.5
3011507,9.5
3011508,11.5
3011509,667.875
3011510,130.89749908447266
3011511,5377.964599609375
3011512,1.0
3011513,44.9734992980957
3011514,4.5
3011515,0.0
3011516,8.0
3011517,3996.5
3011518,0.0
3011519,798.886474609375
3011520,16.0
3011521,1129.0
3011522,1351.5
3011523,269.65550231933594
3011524,313.0
3011525,160.89949798583984
3011526,4498.0
3011527,47.0
3011528,6.0
3011529,22.0
3011530,44.0
3011531,0.0
3011532,316.5
3011533,25.5
3011534,29.0
3011535,27.5
3011536,87.0
3011537,16.0
3011538,422.1679992675781
3011539,320.5
3011540,17.0
3011541,20.0
3011542,612.3949890136719
3011543,146.6374969482422
3011544,4251.7730712890625
3011545,0.5
3011546,40.296499252319336
3011547,7.0
3011548,0.0
3011549,6.0
3011550,3610.0
3011551,0.0
3011552,555.5
3011553,11.0
3011554,1645.5
3011555,804.0
3011556,526.9850158691406
3011557,292.0
3011558,76.18450164794922
3011559,6768.75
3011560,14.0
3011561,2.0
3011562,55.0
3011563,42.5
3011564,0.0
3011565,439.0
3011566,13.0
3011567,7.0
3011568,5.5
3011569,29.5
3011570,2.0
3011571,326.44000244140625
3011572,455.5
3011573,8.5
3011574,5.0
3011575,375.8669891357422
3011576,102.86149978637695
3011577,1531.5650024414062
3011578,101.0
3011579,16.52999973297119
3011580,4.5
3011581,0.0
3011582,4.0
3011583,2428.0
3011584,0.0
3011585,367.56048583984375
3011586,16.0
3011587,735.0
3011588,635.0
3011589,132.13299560546875
3011590,130.5
3011591,128.8380012512207
3011592,2690.0
3011593,24.0
3011594,3.0
3011595,26.0
3011596,31.5
3011597,0.0
3011598,218.5
3011599,12.0
3011600,20.5
3011601,11.5
3011602,80.0
3011603,7.0
3011604,261.5595016479492
3011605,169.5
3011606,4.0
3011607,11.5
3011608,294.8185119628906
3011609,66.78850173950195
3011610,2188.633544921875
3011611,0.0
3011612,27.98849868774414
3011613,0.5
3011614,0.0
3011615,3.0
3011616,1599.5
3011617,0.0
3011618,109.0
3011619,4.5
3011620,737.5
3011621,316.5
3011622,262.0
3011623,43.0
3011624,28.5
3011625,2861.0
3011626,5.5
3011627,0.0
3011628,4.5
3011629,7.5
3011630,0.0
3011631,184.5
3011632,3.0
3011633,0.0
3011634,1.0
3011635,9.5
3011636,0.5
3011637,195.21450805664062
3011638,174.0
3011639,1.5
3011640,5.0
3011641,148.6719970703125
3011642,26.5
3011643,368.9390106201172
3011644,2.0
3011645,3.5
3011646,9.0
3011647,0.0
3011648,5.0
3011649,4493.0
3011650,0.0
3011651,720.5
3011652,12.0
3011653,1862.5
3011654,667.5
3011655,550.0295104980469
3011656,498.5
3011657,71.5
3011658,7208.41796875
3011659,25.0
3011660,0.5
3011661,24.0
3011662,15.0
3011663,0.0
3011664,461.0
3011665,11.5
3011666,1.5
3011667,10.5
3011668,18.0
3011669,2.0
3011670,763.2195129394531
3011671,397.0
3011672,1.5
3011673,14.5
3011674,547.0115051269531
3011675,112.66400146484375
3011676,2292.4375
3011677,21.0
3011678,5.5
3011679,4.0
3011680,0.0
3011681,1.5
3011682,1659.5
3011683,0.0
3011684,174.5
3011685,9.5
3011686,769.5
3011687,390.0
3011688,190.5
3011689,36.0
3011690,39.0
3011691,2581.5
3011692,8.5
3011693,0.5
3011694,13.0
3011695,17.0
3011696,0.5
3011697,167.0
3011698,8.0
3011699,0.0
3011700,4.5
3011701,25.5
3011702,2.5
3011703,210.76900482177734
3011704,188.5
3011705,1.0
3011706,4.5
3011707,162.8115005493164
3011708,38.0
3011709,415.22450256347656
3011710,2.0
3011711,6.0
3011712,4.5
3011713,0.0
3011714,5.5
3011715,1413.0
3011716,0.0
3011717,138.5
3011718,4.0
3011719,678.5
3011720,276.0
3011721,180.5
3011722,39.0
3011723,25.5
3011724,2640.5
3011725,12.5
3011726,0.0
3011727,19.5
3011728,7.5
3011729,0.0
3011730,133.0
3011731,1.5
3011732,0.0
3011733,2.5
3011734,19.5
3011735,1.5
3011736,209.85700225830078
3011737,169.5
3011738,0.5
3011739,6.0
3011740,107.71649932861328
3011741,20.0
3011742,239.09549713134766
3011743,2.5
3011744,1.0
3011745,2.5
3011746,0.0
3011747,3.0
3011748,1493.0
3011749,0.0
3011750,212.5
3011751,6.5
3011752,951.0
3011753,385.0
3011754,261.0
3011755,37.0
3011756,39.0
3011757,3208.0
3011758,5.5
3011759,0.0
3011760,10.0
3011761,17.5
3011762,0.0
3011763,166.5
3011764,0.0
3011765,0.0
3011766,2.0
3011767,15.5
3011768,3.0
3011769,228.44500732421875
3011770,239.0
3011771,0.5
3011772,4.0
3011773,67.96249961853027
3011774,93.5
3011775,513.0475006103516
3011776,0.0
3011777,4.0
3011778,4.0
3011779,1.0
3011780,5.0
3011781,1796.0
3011782,0.0
3011783,173.5
3011784,2.0
3011785,877.5
3011786,373.0
3011787,261.0
3011788,94.5
3011789,71.0
3011790,2681.0
3011791,5.0
3011792,0.5
3011793,14.0
3011794,24.5
3011795,0.0
3011796,229.5
3011797,8.5
3011798,0.0
3011799,1.0
3011800,15.0
3011801,1.0
3011802,138.04000091552734
3011803,196.5
3011804,0.5
3011805,5.5
3011806,126.8234977722168
3011807,53.5
3011808,1020.384521484375
3011809,0.0
3011810,6.5
3011811,4.5
3011812,0.0
3011813,0.5
3011814,1370.0
3011815,0.0
3011816,177.0
3011817,2.0
3011818,894.0
3011819,243.0
3011820,173.5
3011821,100.5
3011822,25.992000579833984
3011823,2087.0
3011824,4.5
3011825,0.0
3011826,9.5
3011827,14.0
3011828,0.0
3011829,126.0
3011830,0.0
3011831,0.0
3011832,2.0
3011833,11.0
3011834,1.0
3011835,59.221500396728516
3011836,120.0
3011837,0.5
3011838,1.5
3011839,64.92649841308594
3011840,38.5
3011841,914.9030151367188
3011842,0.0
3011843,1.5
3011844,7.0
3011845,0.5
3011846,2.0
3011847,2980.5
3011848,0.0
3011849,322.5
3011850,5.5
3011851,1105.0
3011852,674.0
3011853,430.5
3011854,177.5
3011855,114.0
3011856,5040.5
3011857,17.0
3011858,2.5
3011859,18.0
3011860,26.0
3011861,0.5
3011862,265.5
3011863,1.0
3011864,0.0
3011865,4.5
3011866,16.0
3011867,3.5
3011868,297.92449951171875
3011869,249.0
3011870,2.5
3011871,6.5
3011872,363.00950622558594
3011873,57.5
3011874,2275.8533935546875
3011875,0.0
3011876,16.0
3011877,3.5
3011878,0.0
3011879,6.5
3011880,2176.0
3011881,0.0
3011882,590.5
3011883,10.5
3011884,579.5
3011885,636.5
3011886,216.0885009765625
3011887,174.5
3011888,53.647499084472656
3011889,2870.35546875
3011890,14.0
3011891,0.5
3011892,9.5
3011893,23.0
3011894,0.0
3011895,177.5
3011896,5.5
3011897,4.5
3011898,8.0
3011899,39.0
3011900,2.0
3011901,97.67399978637695
3011902,139.0
3011903,2.5
3011904,7.5
3011905,184.43199920654297
3011906,68.45500183105469
3011907,3219.5574951171875
3011908,32.5
3011909,20.763500213623047
3011910,3.5
3011911,0.5
3011912,3.0
3011913,2572.0
3011914,0.0
3011915,183.5
3011916,9.5
3011917,945.5
3011918,331.5
3011919,356.0
3011920,54.5
3011921,36.5
3011922,3470.5
3011923,20.5
3011924,0.0
3011925,11.0
3011926,15.0
3011927,0.0
3011928,207.5
3011929,7.5
3011930,0.0
3011931,2.0
3011932,46.5
3011933,1.5
3011934,161.41200256347656
3011935,175.0
3011936,1.5
3011937,3.0
3011938,101.99049758911133
3011939,35.5
3011940,555.1184997558594
3011941,3.0
3011942,6.5
3011943,3.5
3011944,0.0
3011945,8.5
3011946,2557.0
3011947,0.0
3011948,596.5
3011949,8.5
3011950,731.5
3011951,762.0
3011952,185.3404998779297
3011953,148.5
3011954,89.30749893188477
3011955,3268.0
3011956,35.5
3011957,1.0
3011958,17.0
3011959,25.0
3011960,0.0
3011961,220.0
3011962,19.5
3011963,11.0
3011964,4.5
3011965,54.5
3011966,7.0
3011967,425.2675018310547
3011968,211.0
3011969,10.5
3011970,9.0
3011971,412.72950744628906
3011972,89.26699829101562
3011973,2011.218994140625
3011974,0.0
3011975,30.384501457214355
3011976,7.0
3011977,0.0
3011978,4.5
3011979,3895.5
3011980,0.0
3011981,439.0
3011982,4.0
3011983,1147.5
3011984,647.5
3011985,716.177001953125
3011986,95.5
3011987,71.5
3011988,5177.843994140625
3011989,11.0
3011990,0.5
3011991,17.0
3011992,13.0
3011993,0.0
3011994,301.5
3011995,0.0
3011996,6.5
3011997,5.5
3011998,26.5
3011999,1.0
3012000,307.1520080566406
3012001,366.0
3012002,2.5
3012003,5.5
3012004,262.62650299072266
3012005,61.763498306274414
3012006,1336.0579833984375
3012007,48.5
3012008,11.558000087738037
3012009,9.5
3012010,1.0
3012011,3.5
3012012,3826.5
3012013,0.0
3012014,460.0
3012015,8.0
3012016,1118.0
3012017,614.0
3012018,341.41949462890625
3012019,271.0
3012020,78.86800003051758
3012021,4304.363525390625
3012022,18.5
3012023,0.0
3012024,47.0
3012025,30.5
3012026,0.0
3012027,305.0
3012028,2.0
3012029,4.0
3012030,11.0
3012031,82.5
3012032,1.5
3012033,127.15950393676758
3012034,267.5
3012035,2.0
3012036,8.0
3012037,190.47799682617188
3012038,144.68700408935547
3012039,2247.8160400390625
3012040,0.0
3012041,9.5
3012042,4.0
3012043,0.0
3012044,1.5
3012045,1985.0
3012046,0.0
3012047,126.0
3012048,5.0
3012049,565.5
3012050,289.0
3012051,140.5
3012052,53.5
3012053,43.1875
3012054,2525.5
3012055,9.0
3012056,1.0
3012057,28.5
3012058,21.0
3012059,0.0
3012060,160.0
3012061,1.0
3012062,0.0
3012063,4.0
3012064,32.5
3012065,3.0
3012066,92.41200256347656
3012067,121.5
3012068,0.5
3012069,4.5
3012070,147.8889923095703
3012071,28.5
3012072,628.9284973144531
3012073,0.0
3012074,1.5
3012075,2.0
3012076,0.0
3012077,1.5
3012078,1359.5
3012079,0.0
3012080,261.9509963989258
3012081,11.5
3012082,502.5
3012083,476.5
3012084,111.44649887084961
3012085,50.0
3012086,52.5
3012087,2043.5
3012088,25.5
3012089,0.5
3012090,10.5
3012091,9.0
3012092,0.0
3012093,117.0
3012094,15.5
3012095,0.0
3012096,3.5
3012097,35.5
3012098,4.0
3012099,727.7425231933594
3012100,138.0
3012101,4.0
3012102,4.0
3012103,372.3155059814453
3012104,27.0625
3012105,1147.51904296875
3012106,0.0
3012107,10.507999897003174
3012108,2.0
3012109,0.5
3012110,4.0
3012111,3397.5
3012112,0.0
3012113,727.5604858398438
3012114,14.5
3012115,1101.0
3012116,1210.0
3012117,276.9209899902344
3012118,221.5
3012119,146.1935043334961
3012120,3871.0
3012121,30.0
3012122,1.0
3012123,19.0
3012124,31.0
3012125,0.0
3012126,248.0
3012127,23.0
3012128,36.0
3012129,8.5
3012130,59.0
3012131,11.5
3012132,390.01499938964844
3012133,268.0
3012134,19.5
3012135,8.5
3012136,501.91798400878906
3012137,102.95899963378906
3012138,3268.0670166015625
3012139,0.0
3012140,23.897500038146973
3012141,5.0
3012142,0.0
3012143,3.0
3012144,1676.0
3012145,0.0
3012146,314.3524932861328
3012147,4.0
3012148,321.5
3012149,487.0
3012150,114.27099990844727
3012151,104.0
3012152,63.662498474121094
3012153,1538.5
3012154,19.0
3012155,0.5
3012156,18.0
3012157,9.0
3012158,0.0
3012159,84.0
3012160,0.0
3012161,12.5
3012162,4.0
3012163,163.0
3012164,7.5
3012165,174.65699768066406
3012166,97.0
3012167,3.0
3012168,4.5
3012169,155.30599975585938
3012170,27.777999877929688
3012171,1176.697021484375
3012172,1.0
3012173,3.0
3012174,4.0
3012175,0.0
3012176,0.0
3012177,1000.0
3012178,0.0
3012179,222.5
3012180,3.5
3012181,296.0
3012182,246.0
3012183,78.72200012207031
3012184,34.0
3012185,29.0
3012186,1315.0
3012187,18.5
3012188,0.5
3012189,8.5
3012190,9.0
3012191,0.0
3012192,76.5
3012193,0.0
3012194,1.5
3012195,0.0
3012196,8.0
3012197,0.0
3012198,225.4314956665039
3012199,114.5
3012200,2.5
3012201,1.0
3012202,110.0895004272461
3012203,32.5
3012204,373.3455047607422
3012205,0.0
3012206,1.0
3012207,7.0
3012208,0.5
3012209,2.0
3012210,3017.0
3012211,0.0
3012212,620.7359924316406
3012213,15.0
3012214,890.0
3012215,948.0
3012216,297.0279998779297
3012217,238.0
3012218,85.42250061035156
3012219,3838.0
3012220,25.5
3012221,5.0
3012222,21.0
3012223,19.0
3012224,0.0
3012225,235.5
3012226,5.0
3012227,30.5
3012228,9.0
3012229,68.0
3012230,3.5
3012231,246.5865020751953
3012232,224.0
3012233,8.5
3012234,8.0
3012235,373.6554870605469
3012236,67.62300109863281
3012237,2242.69140625
3012238,1.0
3012239,11.352499723434448
3012240,9.0
3012241,0.0
3012242,4.5
3012243,3500.5
3012244,0.0
3012245,667.5
3012246,12.5
3012247,1147.0
3012248,1065.5
3012249,372.02049255371094
3012250,336.0
3012251,69.5
3012252,4479.047119140625
3012253,23.0
3012254,0.0
3012255,41.5
3012256,12.0
3012257,1.0
3012258,281.5
3012259,0.0
3012260,7.5
3012261,5.5
3012262,25.0
3012263,2.0
3012264,231.17250061035156
3012265,337.0
3012266,4.0
3012267,3.0
3012268,195.9654998779297
3012269,89.49650192260742
3012270,3094.03955078125
3012271,2.0
3012272,8.0
3012273,5.5
3012274,0.5
3012275,4.5
3012276,3723.0
3012277,0.0
3012278,779.5
3012279,12.0
3012280,962.0
3012281,685.5
3012282,318.9990005493164
3012283,252.0
3012284,69.5
3012285,4122.9295654296875
3012286,23.5
3012287,1.5
3012288,31.5
3012289,19.5
3012290,0.0
3012291,254.0
3012292,0.0
3012293,6.0
3012294,3.0
3012295,31.5
3012296,3.0
3012297,125.20800018310547
3012298,220.5
3012299,7.5
3012300,4.0
3012301,227.26200103759766
3012302,68.3224983215332
3012303,2396.366455078125
3012304,1.5
3012305,7.0
3012306,12.5
3012307,0.0
3012308,14.0
3012309,6953.0
3012310,0.0
3012311,1069.4695434570312
3012312,27.5
3012313,1810.0
3012314,1789.5
3012315,308.91749572753906
3012316,409.5
3012317,282.3789978027344
3012318,6890.0
3012319,70.0
3012320,3.0
3012321,44.5
3012322,49.5
3012323,0.0
3012324,483.5
3012325,32.0
3012326,52.0
3012327,24.5
3012328,154.0
3012329,24.5
3012330,631.7764892578125
3012331,464.0
3012332,16.0
3012333,22.5
3012334,1022.1675109863281
3012335,241.781005859375
3012336,6690.199462890625
3012337,1.0
3012338,69.57099914550781
3012339,3.0
3012340,0.0
3012341,0.5
3012342,1838.5
3012343,0.0
3012344,186.5
3012345,3.0
3012346,713.0
3012347,311.5
3012348,124.5
3012349,101.5
3012350,50.5
3012351,2318.5
3012352,3.5
3012353,0.0
3012354,10.0
3012355,8.0
3012356,0.5
3012357,267.5
3012358,0.0
3012359,0.0
3012360,2.0
3012361,10.0
3012362,0.0
3012363,82.70899963378906
3012364,93.0
3012365,1.5
3012366,5.5
3012367,113.05299758911133
3012368,27.0
3012369,1277.7620239257812
3012370,0.0
3012371,3.5
3012372,6.0
3012373,0.0
3012374,1.0
3012375,4139.0
3012376,0.0
3012377,645.0
3012378,10.0
3012379,1008.0
3012380,639.0
3012381,204.4375
3012382,353.5
3012383,94.21799850463867
3012384,4528.64453125
3012385,14.5
3012386,0.0
3012387,22.5
3012388,16.0
3012389,0.0
3012390,253.5
3012391,0.5
3012392,5.5
3012393,14.0
3012394,18.0
3012395,1.0
3012396,315.6334991455078
3012397,225.0
3012398,3.5
3012399,8.0
3012400,154.03700256347656
3012401,57.98050117492676
3012402,2819.195556640625
3012403,2.0
3012404,4.5
3012405,0.0
3012406,0.0
3012407,1.0
3012408,1363.0
3012409,0.0
3012410,109.0
3012411,3.5
3012412,627.5
3012413,154.0
3012414,107.0
3012415,161.0
3012416,18.0
3012417,2280.0
3012418,1.5
3012419,0.0
3012420,7.0
3012421,3.5
3012422,0.0
3012423,80.0
3012424,0.0
3012425,0.0
3012426,0.0
3012427,5.0
3012428,0.0
3012429,83.64450073242188
3012430,71.0
3012431,1.5
3012432,2.0
3012433,52.97200012207031
3012434,10.5
3012435,368.56300354003906
3012436,0.0
3012437,1.0
3012438,9.0
3012439,0.0
3012440,2.0
3012441,2642.5
3012442,0.0
3012443,244.5
3012444,9.0
3012445,1064.5
3012446,398.5
3012447,200.5
3012448,129.5
3012449,47.5
3012450,3106.0
3012451,3.0
3012452,0.5
3012453,30.5
3012454,16.5
3012455,0.0
3012456,194.0
3012457,0.0
3012458,0.0
3012459,15.0
3012460,19.0
3012461,2.0
3012462,249.38450622558594
3012463,227.0
3012464,2.0
3012465,4.0
3012466,245.65049743652344
3012467,42.5
3012468,2272.7994384765625
3012469,0.0
3012470,1.0
3012471,3.5
3012472,0.0
3012473,3.0
3012474,2208.5
3012475,0.0
3012476,640.0
3012477,7.0
3012478,828.5
3012479,563.0
3012480,214.26950073242188
3012481,131.5
3012482,55.5
3012483,4235.1209716796875
3012484,9.0
3012485,6.0
3012486,19.5
3012487,45.0
3012488,0.0
3012489,207.5
3012490,0.5
3012491,3.0
3012492,3.5
3012493,15.5
3012494,2.5
3012495,166.6084976196289
3012496,252.0
3012497,4.0
3012498,4.0
3012499,132.15499877929688
3012500,32.4995002746582
3012501,1006.2524719238281
3012502,4.0
3012503,2.5
3012504,4.0
3012505,0.0
3012506,0.5
3012507,1256.5
3012508,0.0
3012509,134.0
3012510,2.5
3012511,367.5
3012512,148.0
3012513,98.0
3012514,133.0
3012515,31.5
3012516,1872.5
3012517,5.5
3012518,0.0
3012519,7.5
3012520,4.5
3012521,0.0
3012522,107.5
3012523,0.0
3012524,0.0
3012525,0.0
3012526,19.0
3012527,1.0
3012528,236.20700073242188
3012529,80.5
3012530,1.0
3012531,1.0
3012532,46.90099906921387
3012533,18.0
3012534,609.0054931640625
3012535,0.0
3012536,1.0
3012537,2.5
3012538,0.0
3012539,1.0
3012540,3853.0
3012541,0.0
3012542,618.5
3012543,7.0
3012544,909.0
3012545,700.5
3012546,208.72350311279297
3012547,177.5
3012548,67.51399993896484
3012549,4162.991943359375
3012550,9.5
3012551,0.0
3012552,32.0
3012553,12.5
3012554,0.0
3012555,220.0
3012556,0.0
3012557,22.0
3012558,3.5
3012559,42.5
3012560,1.0
3012561,262.50750732421875
3012562,208.0
3012563,4.0
3012564,3.5
3012565,160.5084991455078
3012566,50.423500061035156
3012567,2984.41552734375
3012568,1.5
3012569,1.0
3012570,6.0
3012571,0.0
3012572,6.5
3012573,2726.0
3012574,0.0
3012575,498.0609893798828
3012576,8.0
3012577,1018.0
3012578,795.5
3012579,148.61100006103516
3012580,125.0
3012581,133.21949768066406
3012582,3879.0
3012583,57.0
3012584,1.0
3012585,24.5
3012586,20.0
3012587,0.5
3012588,257.0
3012589,23.5
3012590,22.0
3012591,0.5
3012592,75.5
3012593,12.0
3012594,222.9095001220703
3012595,273.5
3012596,7.5
3012597,11.5
3012598,238.0
3012599,66.78899765014648
3012600,2238.1109619140625
3012601,0.0
3012602,11.288500308990479
3012603,4.0
3012604,0.0
3012605,7.5
3012606,1785.0
3012607,0.0
3012608,410.01499938964844
3012609,11.0
3012610,769.0
3012611,747.5
3012612,140.65900421142578
3012613,76.0
3012614,97.16699981689453
3012615,2975.0
3012616,33.0
3012617,2.0
3012618,32.0
3012619,43.0
3012620,0.0
3012621,260.0
3012622,23.5
3012623,17.5
3012624,10.5
3012625,52.0
3012626,12.0
3012627,134.8054962158203
3012628,289.5
3012629,11.0
3012630,12.5
3012631,97.29199981689453
3012632,68.00149917602539
3012633,1778.4974975585938
3012634,0.0
3012635,11.876500129699707
3012636,6.5
3012637,0.0
3012638,2.0
3012639,4086.5
3012640,0.0
3012641,662.5
3012642,4.0
3012643,1292.0
3012644,692.0
3012645,200.07949829101562
3012646,350.0
3012647,74.5
3012648,5535.69140625
3012649,31.0
3012650,1.0
3012651,27.0
3012652,18.0
3012653,0.0
3012654,434.0
3012655,6.5
3012656,14.0
3012657,7.0
3012658,33.0
3012659,1.0
3012660,181.447998046875
3012661,314.0
3012662,6.0
3012663,11.0
3012664,194.38999938964844
3012665,57.866498947143555
3012666,2771.0634765625
3012667,3.5
3012668,17.494999885559082
3012669,4.0
3012670,0.0
3012671,4.0
3012672,2136.0
3012673,0.0
3012674,314.2570037841797
3012675,6.0
3012676,736.0
3012677,647.5
3012678,179.35699462890625
3012679,127.0
3012680,72.0
3012681,3031.0
3012682,22.0
3012683,1.0
3012684,13.0
3012685,11.0
3012686,0.0
3012687,212.5
3012688,16.5
3012689,16.5
3012690,2.0
3012691,45.5
3012692,8.5
3012693,301.2099914550781
3012694,211.5
3012695,4.0
3012696,5.5
3012697,366.52349853515625
3012698,57.480499267578125
3012699,2004.2410278320312
3012700,0.0
3012701,20.395999908447266
3012702,4.0
3012703,0.0
3012704,3.0
3012705,4714.5
3012706,0.0
3012707,516.0
3012708,5.0
3012709,2308.0
3012710,622.5
3012711,275.0
3012712,198.0
3012713,81.09000015258789
3012714,5201.0
3012715,7.0
3012716,2.5
3012717,35.5
3012718,25.0
3012719,0.0
3012720,548.5
3012721,0.0
3012722,0.0
3012723,9.0
3012724,23.0
3012725,2.0
3012726,142.31999969482422
3012727,296.5
3012728,4.0
3012729,15.5
3012730,200.56999969482422
3012731,61.0
3012732,2198.21044921875
3012733,0.0
3012734,3.0
3012735,7.0
3012736,0.0
3012737,6.5
3012738,1943.0
3012739,0.0
3012740,415.4049987792969
3012741,3.5
3012742,902.5
3012743,584.5
3012744,194.5644989013672
3012745,113.0
3012746,89.48149871826172
3012747,3057.5
3012748,26.5
3012749,1.5
3012750,26.0
3012751,50.0
3012752,0.0
3012753,224.0
3012754,17.0
3012755,12.5
3012756,4.0
3012757,69.0
3012758,9.0
3012759,171.03150177001953
3012760,544.5
3012761,11.5
3012762,7.0
3012763,191.9314956665039
3012764,48.371999740600586
3012765,1743.7410278320312
3012766,0.0
3012767,2.611999988555908
3012768,3.0
3012769,0.0
3012770,5.0
3012771,2259.0
3012772,0.0
3012773,401.2955017089844
3012774,6.5
3012775,696.0
3012776,793.0
3012777,167.0574951171875
3012778,116.5
3012779,121.72249984741211
3012780,2799.0
3012781,29.0
3012782,1.5
3012783,33.0
3012784,18.5
3012785,0.0
3012786,177.5
3012787,11.5
3012788,30.5
3012789,2.5
3012790,45.0
3012791,8.0
3012792,201.26850128173828
3012793,205.0
3012794,12.0
3012795,9.5
3012796,212.39649963378906
3012797,56.343000411987305
3012798,2074.0390014648438
3012799,0.0
3012800,10.582000255584717
3012801,6.0
3012802,0.0
3012803,4.5
3012804,5110.0
3012805,0.0
3012806,616.5
3012807,14.0
3012808,1201.0
3012809,731.0
3012810,300.11351013183594
3012811,201.5
3012812,65.70700073242188
3012813,4756.702880859375
3012814,8.0
3012815,0.0
3012816,24.0
3012817,17.5
3012818,0.0
3012819,257.5
3012820,0.0
3012821,7.0
3012822,0.5
3012823,54.0
3012824,1.5
3012825,228.79850006103516
3012826,277.5
3012827,2.5
3012828,2.0
3012829,284.7770080566406
3012830,161.33899688720703
3012831,2074.2839965820312
3012832,3.0
3012833,0.0
3012834,15.0
3012835,0.0
3012836,10.0
3012837,7159.0
3012838,0.0
3012839,1337.300537109375
3012840,26.0
3012841,2222.5
3012842,1934.5
3012843,469.3354949951172
3012844,476.0
3012845,349.8139953613281
3012846,8162.0
3012847,93.0
3012848,3.5
3012849,126.0
3012850,111.5
3012851,0.0
3012852,598.0
3012853,26.5
3012854,20.0
3012855,31.5
3012856,215.5
3012857,22.5
3012858,682.7145080566406
3012859,475.5
3012860,29.5
3012861,29.5
3012862,866.2899780273438
3012863,296.1784973144531
3012864,7091.85205078125
3012865,211.0
3012866,85.96149826049805
3012867,15.0
3012868,0.0
3012869,13.5
3012870,6853.5
3012871,0.0
3012872,1021.4820251464844
3012873,17.5
3012874,2091.0
3012875,1811.5
3012876,607.1295166015625
3012877,305.0
3012878,204.96649932861328
3012879,9169.5
3012880,140.0
3012881,3.0
3012882,60.5
3012883,87.0
3012884,0.0
3012885,565.0
3012886,15.0
3012887,26.0
3012888,6.0
3012889,149.5
3012890,19.5
3012891,876.8869934082031
3012892,601.5
3012893,21.0
3012894,24.5
3012895,1151.0809936523438
3012896,191.35950469970703
3012897,4930.4814453125
3012898,435.0
3012899,75.1415023803711
3012900,10.5
3012901,0.0
3012902,17.0
3012903,4566.0
3012904,0.0
3012905,761.5
3012906,12.0
3012907,1712.5
3012908,1228.0
3012909,653.1134948730469
3012910,117.5
3012911,191.0
3012912,7269.0
3012913,54.5
3012914,3.0
3012915,43.5
3012916,25.0
3012917,0.0
3012918,516.0
3012919,27.0
3012920,21.5
3012921,8.0
3012922,80.5
3012923,12.0
3012924,912.3574829101562
3012925,650.5
3012926,22.0
3012927,39.5
3012928,624.27099609375
3012929,108.83500289916992
3012930,2136.0894775390625
3012931,279.0
3012932,41.434499740600586
3012933,17.5
3012934,0.0
3012935,19.0
3012936,6818.0
3012937,0.0
3012938,1051.0140075683594
3012939,21.5
3012940,1908.0
3012941,1730.5
3012942,533.1170196533203
3012943,299.5
3012944,211.82550048828125
3012945,8711.0
3012946,48.0
3012947,1.5
3012948,48.5
3012949,58.5
3012950,0.0
3012951,541.5
3012952,23.5
3012953,16.5
3012954,5.5
3012955,155.0
3012956,11.0
3012957,772.572509765625
3012958,625.5
3012959,19.0
3012960,24.5
3012961,937.2470092773438
3012962,204.71600341796875
3012963,4727.036376953125
3012964,389.5
3012965,65.4625015258789
3012966,12.0
3012967,0.0
3012968,20.0
3012969,3641.0
3012970,0.0
3012971,672.5
3012972,14.0
3012973,1635.5
3012974,993.0
3012975,472.9095001220703
3012976,85.0
3012977,144.7375030517578
3012978,6281.0
3012979,44.0
3012980,0.0
3012981,34.0
3012982,32.5
3012983,0.0
3012984,467.5
3012985,27.5
3012986,6.0
3012987,1.0
3012988,79.0
3012989,7.0
3012990,761.6780090332031
3012991,580.0
3012992,14.5
3012993,20.0
3012994,679.7059936523438
3012995,79.05550003051758
3012996,1446.9719848632812
3012997,104.5
3012998,17.251500129699707
3012999,12.0
3013000,0.0
3013001,11.5
3013002,5645.0
3013003,0.0
3013004,1096.6785278320312
3013005,31.5
3013006,1678.5
3013007,1804.5
3013008,366.4875030517578
3013009,418.0
3013010,264.5
3013011,6767.5
3013012,96.0
3013013,0.5
3013014,43.0
3013015,48.0
3013016,1.0
3013017,486.0
3013018,14.0
3013019,19.5
3013020,19.0
3013021,150.0
3013022,19.5
3013023,698.969970703125
3013024,460.0
3013025,16.0
3013026,22.0
3013027,859.8590087890625
3013028,198.6179962158203
3013029,6070.3466796875
3013030,265.0
3013031,69.17649841308594
3013032,8.5
3013033,0.0
3013034,6.0
3013035,1571.5
3013036,0.0
3013037,342.69248962402344
3013038,25.0
3013039,739.0
3013040,513.0
3013041,199.66299438476562
3013042,78.0
3013043,73.83050155639648
3013044,2539.0
3013045,66.0
3013046,1.0
3013047,24.5
3013048,16.5
3013049,0.0
3013050,203.5
3013051,14.5
3013052,6.5
3013053,13.0
3013054,33.0
3013055,7.0
3013056,234.88700103759766
3013057,265.5
3013058,4.0
3013059,5.0
3013060,223.6395034790039
3013061,51.41250038146973
3013062,1416.4654541015625
3013063,1.0
3013064,10.274499893188477
3013065,11.5
3013066,0.0
3013067,12.5
3013068,3870.0
3013069,0.0
3013070,474.63099670410156
3013071,30.5
3013072,1518.5
3013073,1011.0
3013074,422.9809875488281
3013075,89.0
3013076,93.35150146484375
3013077,6125.5
3013078,87.0
3013079,1.5
3013080,46.0
3013081,18.5
3013082,0.5
3013083,410.0
3013084,12.5
3013085,5.5
3013086,2.0
3013087,97.0
3013088,8.5
3013089,563.9510192871094
3013090,505.5
3013091,10.5
3013092,24.0
3013093,377.6419982910156
3013094,76.11700057983398
3013095,1889.7230224609375
3013096,271.5
3013097,16.69949960708618
3013098,10.0
3013099,0.0
3013100,5.0
3013101,4147.5
3013102,0.0
3013103,734.9455261230469
3013104,9.5
3013105,1360.5
3013106,1417.5
3013107,205.8105010986328
3013108,342.0
3013109,226.38499450683594
3013110,4846.0
3013111,47.5
3013112,2.5
3013113,26.5
3013114,42.5
3013115,0.0
3013116,326.0
3013117,4.5
3013118,40.5
3013119,6.5
3013120,80.5
3013121,9.0
3013122,562.0285034179688
3013123,273.0
3013124,16.5
3013125,7.0
3013126,648.1484985351562
3013127,106.56399917602539
3013128,4898.42041015625
3013129,4.5
3013130,44.440500259399414
3013131,4.0
3013132,0.0
3013133,9.0
3013134,3838.0
3013135,0.0
3013136,696.3919982910156
3013137,12.5
3013138,1403.0
3013139,1023.5
3013140,302.83250427246094
3013141,174.0
3013142,233.60700225830078
3013143,5203.0
3013144,39.0
3013145,2.0
3013146,52.0
3013147,54.0
3013148,0.0
3013149,314.5
3013150,5.0
3013151,38.5
3013152,9.5
3013153,176.0
3013154,9.0
3013155,387.6134948730469
3013156,283.0
3013157,11.5
3013158,19.0
3013159,379.3560028076172
3013160,112.47650146484375
3013161,3566.281494140625
3013162,6.0
3013163,7.049000024795532
3013164,7.5
3013165,0.0
3013166,5.0
3013167,1760.5
3013168,0.0
3013169,415.2485046386719
3013170,5.0
3013171,788.0
3013172,477.0
3013173,189.01499938964844
3013174,78.5
3013175,97.75400161743164
3013176,2418.0
3013177,15.5
3013178,0.5
3013179,17.0
3013180,15.5
3013181,0.0
3013182,191.0
3013183,6.0
3013184,13.0
3013185,5.5
3013186,35.5
3013187,4.0
3013188,202.1510009765625
3013189,178.5
3013190,3.5
3013191,5.5
3013192,161.30950164794922
3013193,52.63949966430664
3013194,1496.1685180664062
3013195,0.0
3013196,5.5
3013197,5.5
3013198,0.0
3013199,1.0
3013200,3826.0
3013201,0.0
3013202,268.0
3013203,2.5
3013204,1193.0
3013205,251.0
3013206,211.03099822998047
3013207,82.0
3013208,30.0
3013209,3844.5
3013210,11.0
3013211,0.5
3013212,16.5
3013213,16.0
3013214,0.0
3013215,249.0
3013216,0.0
3013217,0.0
3013218,4.0
3013219,13.0
3013220,0.5
3013221,59.533498764038086
3013222,163.5
3013223,0.0
3013224,2.5
3013225,65.96100044250488
3013226,90.0
3013227,915.1649780273438
3013228,0.0
3013229,5.0
3013230,6.5
3013231,0.0
3013232,6.0
3013233,2960.5
3013234,0.0
3013235,518.3800048828125
3013236,8.5
3013237,1237.5
3013238,863.0
3013239,352.56800842285156
3013240,140.5
3013241,147.66099548339844
3013242,4260.5
3013243,38.5
3013244,1.0
3013245,19.5
3013246,62.5
3013247,0.0
3013248,293.5
3013249,20.5
3013250,11.0
3013251,6.0
3013252,54.0
3013253,6.5
3013254,420.5744934082031
3013255,328.5
3013256,11.0
3013257,9.5
3013258,483.9149932861328
3013259,85.69149780273438
3013260,2042.907470703125
3013261,0.0
3013262,31.413999557495117
3013263,4.0
3013264,0.0
3013265,8.5
3013266,3775.0
3013267,0.0
3013268,646.2760009765625
3013269,18.5
3013270,1085.0
3013271,1248.0
3013272,184.26950073242188
3013273,274.5
3013274,223.2925033569336
3013275,3845.5
3013276,36.5
3013277,1.5
3013278,25.5
3013279,28.5
3013280,1.5
3013281,235.5
3013282,13.0
3013283,49.0
3013284,7.0
3013285,110.0
3013286,16.0
3013287,473.57350158691406
3013288,238.5
3013289,6.0
3013290,15.0
3013291,671.4375
3013292,113.5994987487793
3013293,4814.238037109375
3013294,0.5
3013295,43.612998962402344
3013296,3.5
3013297,1.0
3013298,7.5
3013299,3796.5
3013300,0.0
3013301,750.1679992675781
3013302,16.0
3013303,1102.0
3013304,1216.5
3013305,260.0975036621094
3013306,277.5
3013307,144.99649810791016
3013308,4190.0
3013309,27.0
3013310,2.0
3013311,37.0
3013312,41.5
3013313,0.0
3013314,311.5
3013315,24.5
3013316,30.0
3013317,18.5
3013318,113.5
3013319,16.0
3013320,356.79100036621094
3013321,292.5
3013322,13.0
3013323,18.0
3013324,512.9609985351562
3013325,110.6709976196289
3013326,3762.924560546875
3013327,0.0
3013328,29.02649974822998
3013329,15.0
3013330,0.0
3013331,8.5
3013332,3437.5
3013333,0.0
3013334,516.0
3013335,18.0
3013336,1381.0
3013337,781.0
3013338,510.4715118408203
3013339,227.5
3013340,101.09000015258789
3013341,6284.801025390625
3013342,10.0
3013343,1.0
3013344,59.5
3013345,43.5
3013346,0.0
3013347,389.5
3013348,13.0
3013349,10.5
3013350,7.0
3013351,38.0
3013352,3.0
3013353,380.3215026855469
3013354,488.0
3013355,6.5
3013356,6.5
3013357,398.1324920654297
3013358,82.41650199890137
3013359,2359.7220458984375
3013360,145.5
3013361,16.689000129699707
3013362,4.75
3013363,0.0
3013364,3.0
3013365,2325.5
3013366,0.0
3013367,402.4257507324219
3013368,12.0
3013369,760.25
3013370,787.0
3013371,139.1372528076172
3013372,145.0
3013373,156.58374786376953
3013374,2924.75
3013375,25.25
3013376,1.0
3013377,25.75
3013378,18.25
3013379,0.0
3013380,226.25
3013381,18.5
3013382,27.5
3013383,6.75
3013384,94.5
3013385,4.5
3013386,284.5507507324219
3013387,168.5
3013388,2.0
3013389,12.25
3013390,355.59375762939453
3013391,61.19624996185303
3013392,3841.746337890625
3013393,0.0
3013394,22.297250270843506
3013395,0.75
3013396,0.0
3013397,2.0
3013398,1130.25
3013399,0.0
3013400,78.25
3013401,2.75
3013402,669.5
3013403,415.25
3013404,225.75
3013405,25.25
3013406,30.0
3013407,2378.5
3013408,2.0
3013409,0.75
3013410,6.5
3013411,6.5
3013412,0.0
3013413,136.25
3013414,1.5
3013415,0.0
3013416,2.25
3013417,6.75
3013418,0.75
3013419,182.98949813842773
3013420,146.0
3013421,0.0
3013422,2.25
3013423,138.89075088500977
3013424,20.25
3013425,220.8657569885254
3013426,0.0
3013427,1.25
3013428,3.0
3013429,0.0
3013430,3.5
3013431,3925.25
3013432,0.0
3013433,573.25
3013434,12.0
3013435,1746.5
3013436,620.0
3013437,452.8199996948242
3013438,187.25
3013439,76.1254997253418
3013440,6705.8963623046875
3013441,50.0
3013442,0.25
3013443,22.75
3013444,16.5
3013445,0.0
3013446,516.75
3013447,7.0
3013448,0.25
3013449,12.25
3013450,29.25
3013451,1.5
3013452,704.4412841796875
3013453,389.5
3013454,1.75
3013455,13.5
3013456,424.28724670410156
3013457,111.64350318908691
3013458,1194.4617614746094
3013459,12.25
3013460,11.0
3013461,3.0
3013462,0.0
3013463,0.75
3013464,1398.0
3013465,0.0
3013466,179.75
3013467,3.25
3013468,781.25
3013469,460.0
3013470,190.5
3013471,55.25
3013472,37.75
3013473,2746.75
3013474,9.25
3013475,0.0
3013476,11.0
3013477,18.75
3013478,0.0
3013479,163.5
3013480,10.0
3013481,0.0
3013482,2.5
3013483,27.75
3013484,2.0
3013485,142.90099716186523
3013486,174.0
3013487,1.25
3013488,4.25
3013489,136.9782485961914
3013490,30.5
3013491,314.1187438964844
3013492,0.0
3013493,3.75
3013494,4.0
3013495,0.0
3013496,3.5
3013497,1295.75
3013498,0.0
3013499,99.25
3013500,2.5
3013501,650.25
3013502,256.25
3013503,148.0
3013504,43.75
3013505,32.0
3013506,2287.5
3013507,17.75
3013508,0.0
3013509,6.0
3013510,7.0
3013511,0.0
3013512,125.5
3013513,0.75
3013514,0.0
3013515,1.5
3013516,45.25
3013517,0.0
3013518,127.49999809265137
3013519,197.75
3013520,0.0
3013521,6.0
3013522,60.34525012969971
3013523,22.25
3013524,161.39499282836914
3013525,0.0
3013526,1.25
3013527,3.75
3013528,0.0
3013529,2.0
3013530,1343.25
3013531,0.0
3013532,145.25
3013533,4.25
3013534,805.0
3013535,440.25
3013536,265.75
3013537,35.0
3013538,38.5
3013539,2353.75
3013540,6.0
3013541,0.0
3013542,14.75
3013543,15.25
3013544,0.0
3013545,187.5
3013546,1.75
3013547,0.0
3013548,2.0
3013549,18.25
3013550,2.0
3013551,133.21400451660156
3013552,253.0
3013553,0.75
3013554,3.0
3013555,88.15350151062012
3013556,82.75
3013557,313.7412414550781
3013558,0.75
3013559,5.0
3013560,2.25
3013561,1.25
3013562,2.25
3013563,1502.25
3013564,0.0
3013565,136.75
3013566,2.5
3013567,743.25
3013568,366.25
3013569,220.0
3013570,101.0
3013571,62.25
3013572,2630.0
3013573,9.25
3013574,0.75
3013575,13.5
3013576,21.75
3013577,0.0
3013578,201.75
3013579,9.0
3013580,0.0
3013581,4.0
3013582,21.0
3013583,1.75
3013584,125.62799835205078
3013585,185.0
3013586,1.25
3013587,4.5
3013588,101.94050025939941
3013589,47.0
3013590,566.2282409667969
3013591,0.0
3013592,4.5
3013593,2.25
3013594,0.0
3013595,3.0
3013596,1395.75
3013597,0.0
3013598,135.75
3013599,5.75
3013600,719.25
3013601,266.5
3013602,163.5
3013603,133.5
3013604,25.25
3013605,2591.25
3013606,8.0
3013607,0.25
3013608,12.0
3013609,6.75
3013610,0.0
3013611,160.5
3013612,0.0
3013613,0.0
3013614,2.25
3013615,20.5
3013616,0.75
3013617,59.82174873352051
3013618,130.0
3013619,0.75
3013620,3.25
3013621,69.6624984741211
3013622,32.75
3013623,485.56949615478516
3013624,0.0
3013625,1.75
3013626,5.75
3013627,0.0
3013628,3.0
3013629,2345.5
3013630,0.0
3013631,279.25
3013632,3.0
3013633,915.25
3013634,1128.0
3013635,417.5
3013636,137.75
3013637,77.25
3013638,3841.5
3013639,11.5
3013640,0.0
3013641,21.0
3013642,25.5
3013643,0.0
3013644,230.5
3013645,0.0
3013646,0.0
3013647,6.25
3013648,21.25
3013649,4.0
3013650,229.6199951171875
3013651,223.75
3013652,4.0
3013653,5.5
3013654,286.3860092163086
3013655,45.25
3013656,1111.4592895507812
3013657,0.0
3013658,8.75
3013659,3.5
3013660,0.0
3013661,2.0
3013662,1769.25
3013663,0.0
3013664,490.5
3013665,6.0
3013666,445.25
3013667,687.5
3013668,179.4462547302246
3013669,165.0
3013670,41.5
3013671,2202.09375
3013672,12.5
3013673,1.0
3013674,13.75
3013675,13.0
3013676,0.0
3013677,139.75
3013678,13.5
3013679,4.25
3013680,2.75
3013681,54.25
3013682,3.25
3013683,77.92474746704102
3013684,124.5
3013685,2.75
3013686,3.75
3013687,146.45449447631836
3013688,55.32849979400635
3013689,1184.4080505371094
3013690,12.25
3013691,11.04924988746643
3013692,7.75
3013693,1.0
3013694,2.0
3013695,2250.5
3013696,0.0
3013697,157.0
3013698,6.75
3013699,724.5
3013700,333.5
3013701,251.5
3013702,32.5
3013703,29.0
3013704,3060.5
3013705,21.75
3013706,1.0
3013707,13.0
3013708,14.0
3013709,0.0
3013710,139.5
3013711,4.0
3013712,0.0
3013713,5.0
3013714,23.5
3013715,2.25
3013716,118.7612476348877
3013717,136.0
3013718,0.0
3013719,2.75
3013720,76.63075065612793
3013721,21.0
3013722,355.11299896240234
3013723,0.0
3013724,2.0
3013725,6.0
3013726,0.0
3013727,9.75
3013728,2989.0
3013729,0.0
3013730,611.0
3013731,9.25
3013732,932.0
3013733,788.25
3013734,200.66375350952148
3013735,159.75
3013736,114.14550018310547
3013737,3690.0
3013738,41.75
3013739,0.0
3013740,21.25
3013741,32.75
3013742,0.0
3013743,240.75
3013744,15.0
3013745,18.5
3013746,6.25
3013747,51.0
3013748,7.25
3013749,399.38800048828125
3013750,243.0
3013751,9.25
3013752,7.0
3013753,461.57799530029297
3013754,119.60175323486328
3013755,3137.6724853515625
3013756,0.0
3013757,35.25
3013758,7.75
3013759,0.0
3013760,4.75
3013761,2920.75
3013762,0.0
3013763,396.5
3013764,7.0
3013765,907.0
3013766,783.5
3013767,475.7737503051758
3013768,56.0
3013769,57.27025032043457
3013770,4181.740661621094
3013771,9.75
3013772,0.75
3013773,21.75
3013774,6.75
3013775,0.0
3013776,257.75
3013777,1.5
3013778,3.75
3013779,4.5
3013780,47.25
3013781,0.0
3013782,273.36474609375
3013783,307.5
3013784,2.75
3013785,4.5
3013786,197.4482536315918
3013787,53.31350040435791
3013788,814.1174774169922
3013789,16.0
3013790,13.591749668121338
3013791,8.0
3013792,0.25
3013793,4.0
3013794,2371.75
3013795,0.0
3013796,397.25
3013797,4.0
3013798,873.25
3013799,727.5
3013800,266.7524948120117
3013801,260.0
3013802,86.16975021362305
3013803,3441.3302001953125
3013804,21.0
3013805,0.0
3013806,36.25
3013807,27.75
3013808,0.0
3013809,240.0
3013810,1.75
3013811,2.75
3013812,7.0
3013813,94.75
3013814,0.25
3013815,124.04424858093262
3013816,199.0
3013817,2.5
3013818,1.75
3013819,148.28775787353516
3013820,133.94975662231445
3013821,1069.8412475585938
3013822,0.0
3013823,5.5
3013824,3.25
3013825,0.0
3013826,2.25
3013827,1603.0
3013828,0.0
3013829,130.25
3013830,7.75
3013831,816.75
3013832,309.25
3013833,150.75
3013834,38.25
3013835,40.0
3013836,2651.0
3013837,11.75
3013838,0.0
3013839,22.25
3013840,17.75
3013841,0.0
3013842,153.0
3013843,0.5
3013844,0.0
3013845,2.25
3013846,41.5
3013847,1.0
3013848,113.64299964904785
3013849,161.25
3013850,1.25
3013851,8.5
3013852,155.87999725341797
3013853,28.0
3013854,398.29248809814453
3013855,0.0
3013856,1.25
3013857,1.25
3013858,0.0
3013859,1.0
3013860,1480.0
3013861,0.0
3013862,300.13075256347656
3013863,9.0
3013864,561.25
3013865,489.0
3013866,133.47099685668945
3013867,45.5
3013868,55.75
3013869,2279.0
3013870,33.0
3013871,0.25
3013872,15.5
3013873,11.0
3013874,0.0
3013875,157.5
3013876,16.25
3013877,0.5
3013878,2.5
3013879,35.75
3013880,4.0
3013881,848.1787719726562
3013882,149.75
3013883,4.0
3013884,7.0
3013885,318.31226348876953
3013886,35.225250244140625
3013887,1485.4559936523438
3013888,0.0
3013889,9.919749975204468
3013890,2.75
3013891,0.0
3013892,4.75
3013893,3633.5
3013894,0.0
3013895,734.8564758300781
3013896,11.75
3013897,1223.75
3013898,1386.75
3013899,305.0902557373047
3013900,243.0
3013901,175.13925552368164
3013902,4503.75
3013903,28.75
3013904,0.5
3013905,17.75
3013906,28.0
3013907,0.0
3013908,342.5
3013909,11.25
3013910,50.25
3013911,9.5
3013912,74.25
3013913,10.75
3013914,452.6577606201172
3013915,282.5
3013916,13.0
3013917,15.25
3013918,559.9587249755859
3013919,105.42024803161621
3013920,5982.597412109375
3013921,0.0
3013922,24.004250526428223
3013923,1.0
3013924,0.0
3013925,3.75
3013926,1803.25
3013927,0.0
3013928,382.5867385864258
3013929,6.5
3013930,428.75
3013931,541.25
3013932,154.8577537536621
3013933,114.25
3013934,75.14175033569336
3013935,1903.5
3013936,19.25
3013937,0.75
3013938,16.25
3013939,20.75
3013940,0.0
3013941,99.5
3013942,0.0
3013943,35.25
3013944,3.0
3013945,115.0
3013946,5.25
3013947,231.05249786376953
3013948,101.0
3013949,4.0
3013950,3.25
3013951,186.9935073852539
3013952,44.041001319885254
3013953,2888.1904907226562
3013954,1.0
3013955,3.25
3013956,6.0
3013957,0.0
3013958,0.0
3013959,824.75
3013960,0.0
3013961,207.75
3013962,6.75
3013963,338.25
3013964,218.5
3013965,76.35599708557129
3013966,27.75
3013967,20.0
3013968,1416.75
3013969,14.5
3013970,0.75
3013971,7.75
3013972,16.75
3013973,0.0
3013974,72.5
3013975,0.0
3013976,2.75
3013977,0.0
3013978,17.75
3013979,0.0
3013980,222.96699905395508
3013981,112.25
3013982,1.25
3013983,0.0
3013984,129.0639991760254
3013985,22.75
3013986,966.1335144042969
3013987,0.0
3013988,1.5
3013989,5.0
3013990,0.0
3013991,2.75
3013992,3025.0
3013993,0.0
3013994,660.7710113525391
3013995,9.25
3013996,965.75
3013997,938.25
3013998,287.7587432861328
3013999,254.0
3014000,101.48700141906738
3014001,3599.75
3014002,25.0
3014003,3.0
3014004,21.0
3014005,15.25
3014006,0.0
3014007,259.75
3014008,2.0
3014009,26.25
3014010,5.0
3014011,83.75
3014012,3.5
3014013,272.13074493408203
3014014,200.5
3014015,10.75
3014016,11.0
3014017,358.0649871826172
3014018,79.49225044250488
3014019,4174.302734375
3014020,0.25
3014021,19.339999675750732
3014022,5.0
3014023,0.0
3014024,3.25
3014025,2105.0
3014026,0.0
3014027,499.5
3014028,20.25
3014029,709.0
3014030,769.25
3014031,306.30924224853516
3014032,177.75
3014033,49.0
3014034,3069.5157470703125
3014035,11.75
3014036,0.75
3014037,20.0
3014038,12.5
3014039,0.25
3014040,187.75
3014041,0.0
3014042,6.75
3014043,5.0
3014044,24.5
3014045,1.5
3014046,162.8382453918457
3014047,282.5
3014048,5.0
3014049,1.5
3014050,168.70650100708008
3014051,70.22074699401855
3014052,1105.999755859375
3014053,3.25
3014054,2.25
3014055,3.25
3014056,1.0
3014057,2.75
3014058,2609.5
3014059,0.0
3014060,511.5
3014061,8.25
3014062,691.75
3014063,695.25
3014064,212.28900527954102
3014065,137.75
3014066,55.5
3014067,3101.4686889648438
3014068,11.5
3014069,0.25
3014070,13.25
3014071,13.5
3014072,0.0
3014073,188.75
3014074,0.0
3014075,7.0
3014076,5.0
3014077,61.0
3014078,0.25
3014079,107.6257495880127
3014080,161.0
3014081,3.5
3014082,1.0
3014083,168.6892547607422
3014084,60.55724906921387
3014085,882.0187530517578
3014086,0.75
3014087,4.5
3014088,10.5
3014089,1.75
3014090,13.75
3014091,7836.0
3014092,0.0
3014093,1190.0767517089844
3014094,24.0
3014095,1851.25
3014096,1972.25
3014097,301.30149841308594
3014098,433.25
3014099,336.7470016479492
3014100,7527.75
3014101,97.0
3014102,3.0
3014103,53.25
3014104,46.5
3014105,0.0
3014106,531.75
3014107,36.0
3014108,79.75
3014109,15.25
3014110,174.25
3014111,21.75
3014112,640.8325042724609
3014113,484.75
3014114,13.75
3014115,20.75
3014116,1023.6687316894531
3014117,212.61324310302734
3014118,10244.1396484375
3014119,2.0
3014120,76.82649803161621
3014121,1.25
3014122,0.0
3014123,1.0
3014124,1552.25
3014125,0.0
3014126,160.25
3014127,4.5
3014128,399.5
3014129,342.25
3014130,104.75
3014131,94.25
3014132,44.0
3014133,2017.25
3014134,2.0
3014135,0.0
3014136,11.5
3014137,10.5
3014138,0.0
3014139,129.25
3014140,0.0
3014141,0.0
3014142,3.0
3014143,15.25
3014144,0.75
3014145,57.98150062561035
3014146,71.5
3014147,1.5
3014148,3.0
3014149,99.20275115966797
3014150,18.5
3014151,473.8489990234375
3014152,0.0
3014153,3.5
3014154,6.75
3014155,0.0
3014156,2.75
3014157,2689.0
3014158,0.0
3014159,423.75
3014160,7.25
3014161,868.0
3014162,689.5
3014163,192.02650451660156
3014164,210.25
3014165,62.51700019836426
3014166,4463.5484619140625
3014167,8.75
3014168,0.0
3014169,13.25
3014170,17.75
3014171,0.0
3014172,204.5
3014173,0.75
3014174,5.75
3014175,5.25
3014176,9.5
3014177,1.75
3014178,292.03623962402344
3014179,198.75
3014180,5.25
3014181,4.75
3014182,97.43999481201172
3014183,82.17600059509277
3014184,963.0585021972656
3014185,1.25
3014186,4.5
3014187,0.75
3014188,0.0
3014189,0.5
3014190,716.0
3014191,0.0
3014192,107.0
3014193,1.25
3014194,618.25
3014195,154.75
3014196,92.25
3014197,155.0
3014198,12.0
3014199,1516.0
3014200,2.0
3014201,0.0
3014202,13.25
3014203,6.75
3014204,0.0
3014205,73.25
3014206,0.0
3014207,0.0
3014208,0.0
3014209,7.5
3014210,0.75
3014211,58.03400135040283
3014212,61.5
3014213,0.25
3014214,1.0
3014215,46.63849925994873
3014216,8.5
3014217,162.02324676513672
3014218,0.0
3014219,1.75
3014220,6.5
3014221,0.0
3014222,0.75
3014223,1919.75
3014224,0.0
3014225,190.0
3014226,6.75
3014227,764.75
3014228,535.0
3014229,155.0
3014230,103.25
3014231,45.25
3014232,2516.75
3014233,3.75
3014234,0.75
3014235,20.25
3014236,10.5
3014237,0.0
3014238,183.0
3014239,0.0
3014240,0.0
3014241,13.75
3014242,49.75
3014243,0.75
3014244,268.93800354003906
3014245,164.25
3014246,1.5
3014247,3.5
3014248,222.5587501525879
3014249,27.0
3014250,937.1797332763672
3014251,0.0
3014252,0.0
3014253,2.25
3014254,0.25
3014255,1.0
3014256,1977.5
3014257,0.0
3014258,597.5
3014259,7.5
3014260,755.25
3014261,692.25
3014262,196.9852523803711
3014263,89.5
3014264,64.56775283813477
3014265,3238.8204345703125
3014266,6.0
3014267,3.75
3014268,28.75
3014269,27.5
3014270,0.0
3014271,164.0
3014272,0.5
3014273,3.75
3014274,4.25
3014275,24.0
3014276,1.25
3014277,196.00124740600586
3014278,212.25
3014279,0.75
3014280,4.0
3014281,169.3504981994629
3014282,17.5
3014283,604.8230133056641
3014284,3.0
3014285,6.0
3014286,2.0
3014287,0.0
3014288,0.25
3014289,1179.5
3014290,0.0
3014291,88.5
3014292,2.0
3014293,481.0
3014294,207.25
3014295,86.25
3014296,110.25
3014297,40.0
3014298,1787.0
3014299,1.25
3014300,1.0
3014301,4.5
3014302,9.75
3014303,0.0
3014304,102.5
3014305,0.0
3014306,0.0
3014307,0.0
3014308,3.75
3014309,0.0
3014310,177.0612564086914
3014311,86.25
3014312,1.0
3014313,2.25
3014314,33.46099853515625
3014315,17.5
3014316,339.58949279785156
3014317,0.0
3014318,0.0
3014319,2.5
3014320,0.0
3014321,1.0
3014322,3801.75
3014323,0.0
3014324,392.0
3014325,5.75
3014326,756.75
3014327,573.25
3014328,222.56524658203125
3014329,86.0
3014330,67.96374893188477
3014331,3520.9022216796875
3014332,3.5
3014333,0.0
3014334,14.0
3014335,10.0
3014336,0.0
3014337,172.75
3014338,0.0
3014339,25.0
3014340,3.75
3014341,44.5
3014342,0.0
3014343,206.54000091552734
3014344,176.0
3014345,3.0
3014346,3.0
3014347,95.84000015258789
3014348,54.522000312805176
3014349,1033.5345153808594
3014350,0.0
3014351,0.0
3014352,3.75
3014353,0.0
3014354,10.5
3014355,3005.75
3014356,0.0
3014357,554.7519836425781
3014358,8.0
3014359,1061.0
3014360,855.0
3014361,155.89550399780273
3014362,131.75
3014363,125.47500228881836
3014364,4155.0
3014365,68.5
3014366,3.0
3014367,27.5
3014368,24.25
3014369,0.0
3014370,255.5
3014371,25.0
3014372,34.75
3014373,3.25
3014374,115.75
3014375,8.0
3014376,227.46200561523438
3014377,262.75
3014378,12.0
3014379,22.5
3014380,267.5844955444336
3014381,85.08825302124023
3014382,3800.72119140625
3014383,0.0
3014384,12.71774959564209
3014385,5.75
3014386,0.0
3014387,5.75
3014388,2164.0
3014389,0.0
3014390,466.26600646972656
3014391,6.0
3014392,1197.0
3014393,799.75
3014394,128.64950370788574
3014395,89.75
3014396,163.49500274658203
3014397,3711.5
3014398,40.25
3014399,1.0
3014400,53.25
3014401,44.25
3014402,0.0
3014403,302.0
3014404,19.0
3014405,27.5
3014406,7.0
3014407,76.25
3014408,11.5
3014409,154.44850540161133
3014410,884.5
3014411,9.25
3014412,8.5
3014413,131.62774467468262
3014414,64.32149887084961
3014415,3054.1456909179688
3014416,0.0
3014417,16.052749395370483
3014418,8.5
3014419,0.75
3014420,2.0
3014421,2956.75
3014422,0.0
3014423,660.25
3014424,8.75
3014425,967.0
3014426,605.25
3014427,199.20275115966797
3014428,192.75
3014429,55.75
3014430,4699.2066650390625
3014431,21.0
3014432,0.75
3014433,20.0
3014434,24.0
3014435,0.0
3014436,276.5
3014437,2.75
3014438,12.25
3014439,7.0
3014440,35.5
3014441,2.75
3014442,144.7912483215332
3014443,252.5
3014444,4.0
3014445,8.75
3014446,188.96549606323242
3014447,53.006248474121094
3014448,1431.0142822265625
3014449,2.5
3014450,13.699000120162964
3014451,4.75
3014452,0.0
3014453,4.75
3014454,2201.0
3014455,0.0
3014456,350.13475036621094
3014457,5.25
3014458,783.5
3014459,680.75
3014460,166.33025360107422
3014461,115.0
3014462,80.19475173950195
3014463,2929.75
3014464,33.0
3014465,1.25
3014466,16.0
3014467,15.0
3014468,0.0
3014469,211.5
3014470,18.0
3014471,34.5
3014472,1.75
3014473,53.25
3014474,6.75
3014475,281.33924102783203
3014476,208.5
3014477,4.75
3014478,8.75
3014479,325.1435012817383
3014480,51.665000915527344
3014481,2949.021240234375
3014482,0.0
3014483,21.45075035095215
3014484,3.0
3014485,0.0
3014486,1.25
3014487,4152.0
3014488,0.0
3014489,426.0
3014490,17.0
3014491,1153.5
3014492,930.0
3014493,250.0
3014494,166.75
3014495,40.999250411987305
3014496,4701.75
3014497,11.75
3014498,1.25
3014499,28.0
3014500,21.0
3014501,0.0
3014502,337.25
3014503,0.0
3014504,0.0
3014505,10.0
3014506,33.75
3014507,1.0
3014508,135.99850463867188
3014509,243.75
3014510,3.25
3014511,5.5
3014512,140.91675186157227
3014513,54.25
3014514,1011.6437530517578
3014515,0.0
3014516,0.75
3014517,6.25
3014518,0.0
3014519,9.25
3014520,2815.5
3014521,0.0
3014522,473.6000061035156
3014523,10.5
3014524,1386.25
3014525,715.25
3014526,193.02924728393555
3014527,128.75
3014528,108.23724937438965
3014529,4459.0
3014530,28.5
3014531,2.75
3014532,24.5
3014533,33.0
3014534,0.0
3014535,275.5
3014536,11.25
3014537,21.5
3014538,8.5
3014539,118.5
3014540,9.75
3014541,222.4622573852539
3014542,801.75
3014543,18.25
3014544,8.0
3014545,214.69775009155273
3014546,92.13274955749512
3014547,2899.003173828125
3014548,0.25
3014549,9.24649977684021
3014550,3.0
3014551,0.0
3014552,5.0
3014553,3113.0
3014554,0.0
3014555,472.60899353027344
3014556,12.75
3014557,729.0
3014558,804.5
3014559,149.48825073242188
3014560,138.75
3014561,115.27374839782715
3014562,3037.25
3014563,32.0
3014564,0.75
3014565,17.75
3014566,15.5
3014567,0.0
3014568,212.25
3014569,13.75
3014570,32.5
3014571,4.75
3014572,55.5
3014573,7.5
3014574,237.36375045776367
3014575,239.75
3014576,13.5
3014577,7.5
3014578,238.77350234985352
3014579,53.94374942779541
3014580,3161.8106689453125
3014581,0.0
3014582,12.471999883651733
3014583,6.25
3014584,0.0
3014585,3.75
3014586,4340.75
3014587,0.0
3014588,494.25
3014589,11.0
3014590,1072.5
3014591,640.75
3014592,245.5135040283203
3014593,174.5
3014594,39.69799995422363
3014595,3963.9727172851562
3014596,9.25
3014597,0.75
3014598,11.75
3014599,14.25
3014600,0.0
3014601,232.75
3014602,0.0
3014603,10.5
3014604,0.0
3014605,37.5
3014606,2.5
3014607,183.92449951171875
3014608,252.75
3014609,3.5
3014610,1.25
3014611,234.99950408935547
3014612,104.3272476196289
3014613,1094.094467163086
3014614,1.25
3014615,0.0
3014616,14.25
3014617,0.0
3014618,14.5
3014619,8124.5
3014620,0.0
3014621,1608.61328125
3014622,39.5
3014623,3025.25
3014624,2267.75
3014625,480.2619934082031
3014626,565.75
3014627,407.85400390625
3014628,8950.5
3014629,110.75
3014630,2.75
3014631,116.5
3014632,132.75
3014633,0.25
3014634,766.5
3014635,25.75
3014636,27.0
3014637,18.5
3014638,264.0
3014639,20.25
3014640,790.7077484130859
3014641,541.25
3014642,39.5
3014643,34.0
3014644,1072.8629760742188
3014645,302.3952407836914
3014646,12010.059326171875
3014647,200.25
3014648,76.489501953125
3014649,18.25
3014650,0.0
3014651,10.0
3014652,7862.5
3014653,0.0
3014654,1131.8244934082031
3014655,24.5
3014656,2154.25
3014657,1937.25
3014658,552.0277709960938
3014659,321.0
3014660,282.6307601928711
3014661,9604.5
3014662,160.75
3014663,0.75
3014664,63.75
3014665,74.0
3014666,0.75
3014667,562.75
3014668,13.0
3014669,35.25
3014670,2.25
3014671,216.5
3014672,16.25
3014673,885.2902374267578
3014674,714.25
3014675,17.75
3014676,24.5
3014677,995.7005157470703
3014678,269.17100524902344
3014679,7721.196533203125
3014680,421.25
3014681,74.57575035095215
3014682,9.0
3014683,0.0
3014684,16.0
3014685,4640.25
3014686,0.0
3014687,867.75
3014688,11.25
3014689,2157.25
3014690,1208.75
3014691,609.5987396240234
3014692,114.25
3014693,212.21324920654297
3014694,7370.0
3014695,38.0
3014696,1.0
3014697,38.5
3014698,22.25
3014699,0.0
3014700,552.5
3014701,18.75
3014702,24.0
3014703,7.5
3014704,98.5
3014705,9.75
3014706,952.2819976806641
3014707,592.25
3014708,19.25
3014709,41.5
3014710,590.625
3014711,135.08525276184082
3014712,3082.5812377929688
3014713,203.25
3014714,36.362000465393066
3014715,14.0
3014716,0.0
3014717,21.5
3014718,7620.5
3014719,0.0
3014720,1027.2847900390625
3014721,16.25
3014722,2162.0
3014723,1897.75
3014724,522.1960144042969
3014725,301.25
3014726,222.41625213623047
3014727,8987.25
3014728,46.5
3014729,1.0
3014730,85.25
3014731,62.0
3014732,0.0
3014733,571.0
3014734,28.0
3014735,28.0
3014736,3.75
3014737,172.25
3014738,10.5
3014739,734.3610229492188
3014740,581.0
3014741,20.5
3014742,33.0
3014743,824.6414947509766
3014744,195.25100326538086
3014745,6805.814453125
3014746,255.0
3014747,60.46700096130371
3014748,8.0
3014749,0.0
3014750,18.0
3014751,3995.75
3014752,0.0
3014753,647.0
3014754,19.0
3014755,1615.75
3014756,972.25
3014757,526.9749908447266
3014758,91.0
3014759,145.10625076293945
3014760,6321.25
3014761,34.25
3014762,0.0
3014763,25.5
3014764,39.25
3014765,0.5
3014766,559.75
3014767,18.0
3014768,13.25
3014769,2.25
3014770,95.5
3014771,2.25
3014772,713.1267395019531
3014773,803.25
3014774,11.5
3014775,21.25
3014776,611.0075073242188
3014777,76.20349884033203
3014778,2218.51806640625
3014779,184.5
3014780,17.943000078201294
3014781,8.0
3014782,0.0
3014783,9.5
3014784,5971.25
3014785,0.0
3014786,1208.4352416992188
3014787,21.0
3014788,1811.75
3014789,2003.5
3014790,368.10326385498047
3014791,455.0
3014792,343.25
3014793,7317.5
3014794,71.75
3014795,1.25
3014796,50.0
3014797,49.5
3014798,1.25
3014799,503.0
3014800,15.5
3014801,30.75
3014802,8.5
3014803,203.0
3014804,15.0
3014805,658.0549926757812
3014806,455.75
3014807,13.25
3014808,31.0
3014809,852.1544952392578
3014810,221.85850143432617
3014811,10168.279296875
3014812,197.5
3014813,78.99600219726562
3014814,4.5
3014815,0.0
3014816,5.5
3014817,1954.5
3014818,0.0
3014819,343.34674072265625
3014820,19.5
3014821,991.5
3014822,535.5
3014823,207.57500457763672
3014824,85.5
3014825,75.71725082397461
3014826,2899.0
3014827,67.5
3014828,0.75
3014829,32.5
3014830,17.25
3014831,0.0
3014832,218.0
3014833,8.5
3014834,8.5
3014835,11.75
3014836,45.75
3014837,6.25
3014838,225.25225067138672
3014839,242.5
3014840,2.5
3014841,8.25
3014842,232.91175079345703
3014843,52.30049991607666
3014844,2076.6314086914062
3014845,1.25
3014846,11.268999576568604
3014847,7.5
3014848,0.0
3014849,13.75
3014850,3691.75
3014851,0.0
3014852,582.9342422485352
3014853,22.0
3014854,1642.5
3014855,964.5
3014856,455.4750061035156
3014857,97.75
3014858,135.0535011291504
3014859,5836.5
3014860,102.75
3014861,2.25
3014862,53.5
3014863,33.75
3014864,0.75
3014865,460.0
3014866,14.75
3014867,13.5
3014868,1.25
3014869,112.25
3014870,6.25
3014871,596.36474609375
3014872,477.75
3014873,10.25
3014874,25.0
3014875,362.3812484741211
3014876,82.90900230407715
3014877,2600.2039794921875
3014878,301.0
3014879,14.756750345230103
3014880,6.25
3014881,0.0
3014882,5.75
3014883,4566.25
3014884,0.0
3014885,902.6809997558594
3014886,12.25
3014887,1637.0
3014888,1773.25
3014889,239.36000442504883
3014890,388.0
3014891,239.69000244140625
3014892,5753.25
3014893,56.5
3014894,1.75
3014895,41.0
3014896,25.25
3014897,0.25
3014898,372.5
3014899,1.25
3014900,47.75
3014901,5.75
3014902,134.5
3014903,11.25
3014904,590.5062408447266
3014905,302.5
3014906,20.75
3014907,9.25
3014908,716.1210021972656
3014909,137.7467498779297
3014910,8284.85400390625
3014911,4.75
3014912,45.49625015258789
3014913,13.25
3014914,0.0
3014915,8.75
3014916,4122.75
3014917,0.0
3014918,874.9302520751953
3014919,12.0
3014920,1791.25
3014921,1205.75
3014922,304.4012451171875
3014923,246.0
3014924,279.9859924316406
3014925,5918.75
3014926,55.0
3014927,3.75
3014928,48.5
3014929,39.25
3014930,0.0
3014931,364.75
3014932,5.75
3014933,58.5
3014934,11.5
3014935,213.5
3014936,10.25
3014937,438.90025329589844
3014938,325.75
3014939,11.5
3014940,30.75
3014941,473.4617462158203
3014942,141.64975357055664
3014943,7734.90625
3014944,4.5
3014945,7.25
3014946,9.5
3014947,0.0
3014948,4.25
3014949,2518.75
3014950,0.0
3014951,452.39449310302734
3014952,6.0
3014953,1055.25
3014954,549.5
3014955,220.07174682617188
3014956,99.25
3014957,103.15275001525879
3014958,3109.0
3014959,13.75
3014960,3.75
3014961,32.75
3014962,23.25
3014963,0.0
3014964,256.25
3014965,3.5
3014966,16.25
3014967,6.75
3014968,46.25
3014969,3.0
3014970,288.99999237060547
3014971,242.25
3014972,5.0
3014973,5.25
3014974,175.6910057067871
3014975,108.78425025939941
3014976,2992.57275390625
3014977,0.0
3014978,2.0
3014979,4.5
3014980,0.0
3014981,0.25
3014982,2133.25
3014983,0.0
3014984,197.75
3014985,2.75
3014986,719.75
3014987,295.75
3014988,176.75
3014989,46.25
3014990,21.0
3014991,2503.0
3014992,5.75
3014993,0.75
3014994,8.25
3014995,6.25
3014996,0.0
3014997,172.25
3014998,0.0
3014999,0.0
3015000,1.75
3015001,6.5
3015002,0.75
3015003,48.50475025177002
3015004,148.75
3015005,0.0
3015006,1.25
3015007,37.712249755859375
3015008,80.75
3015009,558.5545196533203
3015010,0.0
3015011,3.0
3015012,6.0
3015013,0.0
3015014,10.0
3015015,3177.25
3015016,0.0
3015017,507.51651763916016
3015018,13.0
3015019,1195.75
3015020,933.5
3015021,285.71700286865234
3015022,168.25
3015023,136.60475158691406
3015024,4491.75
3015025,24.25
3015026,0.0
3015027,25.25
3015028,51.0
3015029,0.0
3015030,330.25
3015031,17.75
3015032,20.75
3015033,7.25
3015034,66.0
3015035,6.25
3015036,406.3215026855469
3015037,315.75
3015038,11.25
3015039,15.25
3015040,464.0780029296875
3015041,85.42899703979492
3015042,3440.1331787109375
3015043,0.0
3015044,31.949251174926758
3015045,6.25
3015046,0.0
3015047,6.75
3015048,4018.5
3015049,0.25
3015050,627.1389770507812
3015051,16.5
3015052,1090.5
3015053,1379.0
3015054,183.75899505615234
3015055,277.75
3015056,217.39999771118164
3015057,4156.5
3015058,47.5
3015059,4.5
3015060,27.0
3015061,24.0
3015062,1.5
3015063,276.5
3015064,14.75
3015065,40.0
3015066,8.25
3015067,132.0
3015068,9.5
3015069,441.739501953125
3015070,267.0
3015071,5.0
3015072,13.0
3015073,689.2620086669922
3015074,136.7772445678711
3015075,6516.77001953125
3015076,0.0
3015077,48.88099956512451
3015078,5.0
3015079,0.0
3015080,11.0
3015081,4505.25
3015082,0.0
3015083,793.1755065917969
3015084,19.0
3015085,1221.75
3015086,1329.5
3015087,245.42200469970703
3015088,286.75
3015089,164.63574981689453
3015090,4714.25
3015091,32.5
3015092,4.75
3015093,36.25
3015094,77.75
3015095,0.0
3015096,315.0
3015097,26.5
3015098,47.0
3015099,10.25
3015100,119.25
3015101,17.0
3015102,395.5605010986328
3015103,276.0
3015104,18.0
3015105,19.25
3015106,491.0132522583008
3015107,149.29599380493164
3015108,6087.923828125
3015109,0.75
3015110,37.011250495910645
3015111,11.75
3015112,0.0
3015113,6.5
3015114,2685.25
3015115,0.0
3015116,432.25
3015117,13.25
3015118,1271.75
3015119,684.5
3015120,458.6907424926758
3015121,149.75
3015122,109.65499877929688
3015123,5533.5255126953125
3015124,4.75
3015125,0.75
3015126,41.5
3015127,33.25
3015128,0.0
3015129,344.75
3015130,8.75
3015131,5.5
3015132,9.0
3015133,50.5
3015134,3.25
3015135,321.7872619628906
3015136,379.0
3015137,8.25
3015138,8.5
3015139,345.8557586669922
3015140,83.93550109863281
3015141,1253.7412414550781
3015142,63.0
3015143,16.680249452590942
3015144,4.75
3015145,0.0
3015146,4.25
3015147,2029.25
3015148,0.0
3015149,325.45050048828125
3015150,16.5
3015151,669.0
3015152,725.5
3015153,119.07925033569336
3015154,121.75
3015155,131.83499908447266
3015156,2497.25
3015157,24.75
3015158,2.5
3015159,21.25
3015160,26.75
3015161,0.75
3015162,169.25
3015163,14.0
3015164,20.75
3015165,3.5
3015166,92.25
3015167,5.75
3015168,264.3319892883301
3015169,155.75
3015170,3.5
3015171,7.25
3015172,282.2432403564453
3015173,68.87224960327148
3015174,2241.7739868164062
3015175,0.0
3015176,29.529749870300293
3015177,0.25
3015178,0.0
3015179,1.5
3015180,1510.0
3015181,0.0
3015182,74.25
3015183,4.25
3015184,831.25
3015185,216.75
3015186,175.25
3015187,15.5
3015188,27.429749965667725
3015189,2248.5
3015190,5.0
3015191,0.0
3015192,11.5
3015193,4.25
3015194,0.0
3015195,136.0
3015196,3.75
3015197,0.0
3015198,1.75
3015199,7.0
3015200,0.0
3015201,245.23625564575195
3015202,150.75
3015203,0.0
3015204,1.75
3015205,116.47774696350098
3015206,38.25
3015207,219.57624435424805
3015208,0.0
3015209,0.75
3015210,8.5
3015211,0.0
3015212,6.0
3015213,4367.75
3015214,0.0
3015215,678.75
3015216,13.25
3015217,1536.5
3015218,563.25
3015219,411.49525451660156
3015220,151.0
3015221,70.5
3015222,6342.707275390625
3015223,47.75
3015224,0.0
3015225,19.0
3015226,22.0
3015227,0.0
3015228,395.75
3015229,10.5
3015230,2.0
3015231,8.25
3015232,36.0
3015233,1.0
3015234,876.9139862060547
3015235,334.5
3015236,1.0
3015237,13.25
3015238,300.4080009460449
3015239,122.2337474822998
3015240,1334.1200256347656
3015241,16.75
3015242,8.0
3015243,7.0
3015244,0.0
3015245,1.75
3015246,1474.0
3015247,0.0
3015248,163.75
3015249,5.25
3015250,922.25
3015251,367.0
3015252,200.5
3015253,90.0
3015254,33.18175029754639
3015255,2630.25
3015256,8.75
3015257,0.25
3015258,16.75
3015259,19.5
3015260,0.0
3015261,165.0
3015262,5.75
3015263,0.0
3015264,6.5
3015265,39.75
3015266,1.25
3015267,208.23049545288086
3015268,123.5
3015269,1.25
3015270,8.75
3015271,161.85774612426758
3015272,42.0
3015273,342.05650329589844
3015274,0.0
3015275,0.75
3015276,3.5
3015277,0.0
3015278,2.25
3015279,1434.75
3015280,0.0
3015281,84.0
3015282,7.75
3015283,955.75
3015284,217.25
3015285,103.25
3015286,26.75
3015287,29.25
3015288,2457.5
3015289,5.75
3015290,0.0
3015291,9.75
3015292,5.0
3015293,0.0
3015294,110.5
3015295,1.25
3015296,0.0
3015297,1.0
3015298,30.5
3015299,0.0
3015300,175.59825134277344
3015301,154.0
3015302,0.0
3015303,5.5
3015304,94.30375099182129
3015305,20.25
3015306,170.2497444152832
3015307,0.0
3015308,0.25
3015309,4.0
3015310,0.0
3015311,2.25
3015312,1343.25
3015313,0.0
3015314,140.0
3015315,9.0
3015316,3218.75
3015317,363.5
3015318,203.25
3015319,20.5
3015320,38.75
3015321,2496.0
3015322,7.25
3015323,0.0
3015324,15.5
3015325,19.25
3015326,0.0
3015327,207.75
3015328,0.25
3015329,0.0
3015330,4.0
3015331,9.25
3015332,2.0
3015333,382.91149139404297
3015334,202.75
3015335,0.0
3015336,3.25
3015337,80.7862491607666
3015338,100.25
3015339,340.73648834228516
3015340,0.0
3015341,3.75
3015342,5.0
3015343,1.0
3015344,4.25
3015345,1534.25
3015346,0.0
3015347,179.75
3015348,2.25
3015349,872.75
3015350,340.25
3015351,275.75
3015352,94.0
3015353,71.29725074768066
3015354,2799.0
3015355,6.25
3015356,0.0
3015357,8.0
3015358,20.0
3015359,0.0
3015360,195.0
3015361,6.75
3015362,0.0
3015363,1.75
3015364,22.0
3015365,0.0
3015366,171.62449645996094
3015367,174.0
3015368,1.5
3015369,4.5
3015370,131.44449996948242
3015371,51.25
3015372,544.8302459716797
3015373,0.0
3015374,6.0
3015375,3.25
3015376,0.75
3015377,0.25
3015378,1137.0
3015379,0.0
3015380,103.5
3015381,5.5
3015382,1015.0
3015383,188.5
3015384,130.25
3015385,110.5
3015386,25.114749908447266
3015387,1534.75
3015388,5.75
3015389,0.0
3015390,6.5
3015391,9.75
3015392,0.0
3015393,128.0
3015394,0.0
3015395,0.0
3015396,3.25
3015397,21.25
3015398,1.0
3015399,51.0862512588501
3015400,116.75
3015401,0.75
3015402,2.25
3015403,59.098501205444336
3015404,30.5
3015405,358.69676208496094
3015406,0.0
3015407,0.75
3015408,5.25
3015409,0.0
3015410,4.0
3015411,2571.0
3015412,0.0
3015413,259.25
3015414,3.75
3015415,842.75
3015416,518.5
3015417,379.5
3015418,172.5
3015419,63.0
3015420,3600.0
3015421,18.25
3015422,1.25
3015423,19.75
3015424,24.5
3015425,0.0
3015426,214.0
3015427,0.0
3015428,0.0
3015429,5.75
3015430,34.5
3015431,2.25
3015432,296.1570053100586
3015433,201.5
3015434,1.75
3015435,9.5
3015436,293.2422561645508
3015437,58.0
3015438,1000.9175109863281
3015439,1.5
3015440,9.75
3015441,2.75
3015442,0.0
3015443,5.5
3015444,1735.75
3015445,0.0
3015446,508.5
3015447,10.25
3015448,458.25
3015449,479.25
3015450,129.0454978942871
3015451,131.5
3015452,40.25
3015453,2273.263427734375
3015454,14.25
3015455,1.75
3015456,21.25
3015457,11.0
3015458,0.25
3015459,142.25
3015460,9.25
3015461,8.25
3015462,3.25
3015463,57.75
3015464,2.75
3015465,203.87949752807617
3015466,124.75
3015467,4.0
3015468,8.75
3015469,144.2964973449707
3015470,58.29149913787842
3015471,1285.6649780273438
3015472,29.25
3015473,10.341249704360962
3015474,6.5
3015475,0.75
3015476,2.5
3015477,1983.5
3015478,0.0
3015479,128.75
3015480,7.75
3015481,739.5
3015482,271.75
3015483,191.0
3015484,46.25
3015485,45.75
3015486,2792.5
3015487,15.5
3015488,1.25
3015489,8.5
3015490,8.0
3015491,0.0
3015492,141.5
3015493,5.25
3015494,0.0
3015495,1.5
3015496,33.25
3015497,2.25
3015498,142.20475006103516
3015499,144.25
3015500,0.25
3015501,6.25
3015502,206.6347427368164
3015503,27.25
3015504,473.4879913330078
3015505,0.0
3015506,3.75
3015507,8.5
3015508,0.0
3015509,8.25
3015510,2625.25
3015511,0.0
3015512,517.25
3015513,13.5
3015514,794.5
3015515,665.0
3015516,162.33750534057617
3015517,135.5
3015518,81.75
3015519,3221.5
3015520,40.5
3015521,1.0
3015522,19.75
3015523,20.25
3015524,0.0
3015525,223.0
3015526,19.75
3015527,16.25
3015528,2.0
3015529,73.5
3015530,3.5
3015531,307.0497512817383
3015532,187.0
3015533,5.75
3015534,4.25
3015535,354.854248046875
3015536,84.18349838256836
3015537,1829.7310485839844
3015538,0.0
3015539,23.354000568389893
3015540,6.25
3015541,0.0
3015542,6.0
3015543,3827.75
3015544,0.0
3015545,405.0
3015546,3.75
3015547,1482.5
3015548,578.75
3015549,450.385986328125
3015550,57.25
3015551,80.25
3015552,4973.215087890625
3015553,15.75
3015554,0.75
3015555,16.75
3015556,9.5
3015557,0.0
3015558,287.0
3015559,1.25
3015560,4.0
3015561,1.75
3015562,43.0
3015563,0.25
3015564,744.0130004882812
3015565,301.0
3015566,3.0
3015567,4.0
3015568,198.29900360107422
3015569,51.55000114440918
3015570,735.4222412109375
3015571,6.25
3015572,11.29450011253357
3015573,5.5
3015574,0.25
3015575,1.0
3015576,2330.5
3015577,0.0
3015578,305.25
3015579,6.0
3015580,1966.0
3015581,437.25
3015582,182.1520004272461
3015583,173.25
3015584,79.0
3015585,3178.9885864257812
3015586,14.5
3015587,0.5
3015588,25.5
3015589,19.5
3015590,0.0
3015591,288.5
3015592,2.75
3015593,1.5
3015594,9.5
3015595,85.75
3015596,0.75
3015597,91.61825180053711
3015598,182.5
3015599,2.75
3015600,3.0
3015601,137.30824661254883
3015602,140.0094985961914
3015603,851.6405181884766
3015604,0.25
3015605,5.25
3015606,5.5
3015607,0.0
3015608,2.25
3015609,1844.75
3015610,0.0
3015611,108.75
3015612,7.25
3015613,820.75
3015614,299.75
3015615,131.25
3015616,29.25
3015617,46.5
3015618,2886.25
3015619,12.25
3015620,0.25
3015621,18.25
3015622,20.25
3015623,0.0
3015624,147.75
3015625,0.25
3015626,0.0
3015627,1.75
3015628,46.5
3015629,1.25
3015630,105.6190013885498
3015631,127.25
3015632,1.5
3015633,9.0
3015634,101.30875015258789
3015635,30.25
3015636,352.4754867553711
3015637,0.0
3015638,1.0
3015639,3.75
3015640,0.0
3015641,2.5
3015642,1326.0
3015643,0.0
3015644,240.98224258422852
3015645,13.5
3015646,485.0
3015647,460.5
3015648,104.33049774169922
3015649,45.75
3015650,71.16375160217285
3015651,1929.0
3015652,40.25
3015653,0.0
3015654,9.5
3015655,3.75
3015656,0.0
3015657,121.25
3015658,5.75
3015659,2.75
3015660,1.0
3015661,48.0
3015662,4.0
3015663,824.0947723388672
3015664,127.25
3015665,3.25
3015666,6.5
3015667,269.9554977416992
3015668,28.69700002670288
3015669,952.6852569580078
3015670,0.0
3015671,6.75
3015672,3.5
3015673,0.0
3015674,2.5
3015675,2999.25
3015676,0.0
3015677,633.15673828125
3015678,20.0
3015679,1051.0
3015680,1055.75
3015681,219.60675048828125
3015682,189.0
3015683,168.94924926757812
3015684,3510.75
3015685,50.0
3015686,0.75
3015687,22.25
3015688,28.25
3015689,0.0
3015690,235.25
3015691,11.75
3015692,42.0
3015693,8.25
3015694,78.0
3015695,11.25
3015696,325.6272506713867
3015697,235.75
3015698,17.0
3015699,10.0
3015700,473.05175018310547
3015701,98.28824996948242
3015702,2895.8955688476562
3015703,0.0
3015704,16.19225001335144
3015705,4.5
3015706,0.0
3015707,2.0
3015708,1880.0
3015709,0.0
3015710,264.53749084472656
3015711,6.25
3015712,395.75
3015713,463.75
3015714,118.14000129699707
3015715,107.5
3015716,66.75
3015717,1593.5
3015718,16.25
3015719,0.0
3015720,11.75
3015721,10.75
3015722,0.0
3015723,102.0
3015724,0.0
3015725,28.0
3015726,2.75
3015727,183.0
3015728,2.0
3015729,174.19324493408203
3015730,107.25
3015731,4.5
3015732,8.5
3015733,147.69124603271484
3015734,32.96549940109253
3015735,1177.2030334472656
3015736,0.0
3015737,2.0
3015738,1.25
3015739,0.0
3015740,0.0
3015741,610.25
3015742,0.0
3015743,159.5
3015744,2.5
3015745,263.0
3015746,161.25
3015747,40.82675075531006
3015748,24.5
3015749,41.75
3015750,1048.75
3015751,11.5
3015752,0.0
3015753,8.5
3015754,6.5
3015755,0.0
3015756,64.25
3015757,0.0
3015758,7.5
3015759,0.0
3015760,31.25
3015761,0.0
3015762,193.84675216674805
3015763,101.25
3015764,1.0
3015765,1.25
3015766,100.05075073242188
3015767,12.0
3015768,310.4830017089844
3015769,0.75
3015770,2.75
3015771,3.75
3015772,0.0
3015773,2.75
3015774,2230.25
3015775,0.0
3015776,500.6124954223633
3015777,14.25
3015778,605.75
3015779,728.5
3015780,200.93800354003906
3015781,185.5
3015782,101.3862476348877
3015783,2739.25
3015784,18.75
3015785,2.0
3015786,21.25
3015787,22.0
3015788,0.0
3015789,176.25
3015790,2.0
3015791,28.75
3015792,5.75
3015793,121.75
3015794,3.75
3015795,208.49249649047852
3015796,161.75
3015797,8.5
3015798,5.75
3015799,272.13475036621094
3015800,61.26949977874756
3015801,1907.2320251464844
3015802,1.25
3015803,6.575000047683716
3015804,5.75
3015805,0.0
3015806,3.25
3015807,2742.0
3015808,0.0
3015809,451.5
3015810,7.5
3015811,900.25
3015812,608.5
3015813,262.31700134277344
3015814,194.5
3015815,69.21999931335449
3015816,3411.8552856445312
3015817,11.75
3015818,0.0
3015819,28.5
3015820,14.25
3015821,1.0
3015822,206.75
3015823,0.0
3015824,4.75
3015825,3.25
3015826,48.0
3015827,1.75
3015828,273.5824966430664
3015829,174.25
3015830,1.75
3015831,4.75
3015832,156.1542510986328
3015833,71.58349990844727
3015834,1260.4224548339844
3015835,1.5
3015836,1.0
3015837,6.25
3015838,0.0
3015839,0.5
3015840,2458.75
3015841,0.0
3015842,550.75
3015843,12.75
3015844,852.0
3015845,452.75
3015846,203.0437469482422
3015847,153.0
3015848,60.5
3015849,3337.945556640625
3015850,10.75
3015851,0.25
3015852,26.5
3015853,17.0
3015854,0.0
3015855,218.0
3015856,0.0
3015857,4.0
3015858,5.0
3015859,105.75
3015860,1.75
3015861,127.12874603271484
3015862,174.5
3015863,5.0
3015864,2.25
3015865,155.23875045776367
3015866,42.665499687194824
3015867,817.9032745361328
3015868,2.75
3015869,6.0
3015870,11.0
3015871,1.0
3015872,11.25
3015873,6837.25
3015874,0.0
3015875,1010.9955139160156
3015876,108.0
3015877,1651.25
3015878,1644.0
3015879,298.0117492675781
3015880,389.25
3015881,291.3389892578125
3015882,6407.25
3015883,58.75
3015884,1.75
3015885,43.75
3015886,41.5
3015887,0.0
3015888,410.75
3015889,21.0
3015890,34.25
3015891,19.5
3015892,197.0
3015893,23.25
3015894,588.4949798583984
3015895,412.75
3015896,20.75
3015897,20.5
3015898,884.69775390625
3015899,215.6427459716797
3015900,6052.129150390625
3015901,1.0
3015902,64.05200099945068
3015903,6.75
3015904,0.0
3015905,0.0
3015906,1344.25
3015907,0.0
3015908,172.75
3015909,3.25
3015910,752.75
3015911,230.0
3015912,100.0
3015913,114.5
3015914,47.25
3015915,3156.5
3015916,4.75
3015917,0.0
3015918,11.75
3015919,9.75
3015920,0.0
3015921,247.75
3015922,0.0
3015923,0.0
3015924,2.75
3015925,38.0
3015926,1.75
3015927,152.7765007019043
3015928,80.25
3015929,1.0
3015930,5.5
3015931,108.97699928283691
3015932,21.75
3015933,459.1367492675781
3015934,0.0
3015935,4.25
3015936,8.0
3015937,0.0
3015938,1.75
3015939,2645.5
3015940,0.0
3015941,441.75
3015942,11.75
3015943,1461.0
3015944,477.5
3015945,190.6347541809082
3015946,217.75
3015947,74.4119987487793
3015948,3984.8070678710938
3015949,13.25
3015950,0.0
3015951,22.0
3015952,15.75
3015953,0.0
3015954,253.25
3015955,1.75
3015956,7.0
3015957,12.5
3015958,15.0
3015959,1.75
3015960,679.0925140380859
3015961,221.75
3015962,2.75
3015963,5.75
3015964,141.44850158691406
3015965,46.103750228881836
3015966,996.5844879150391
3015967,1.0
3015968,3.75
3015969,1.25
3015970,0.0
3015971,0.75
3015972,906.5
3015973,0.0
3015974,147.5
3015975,4.25
3015976,781.5
3015977,141.25
3015978,84.25
3015979,200.25
3015980,17.98799991607666
3015981,1671.5
3015982,0.0
3015983,0.0
3015984,10.0
3015985,4.75
3015986,0.0
3015987,67.5
3015988,0.0
3015989,0.0
3015990,0.0
3015991,39.25
3015992,0.0
3015993,121.18724822998047
3015994,58.25
3015995,0.0
3015996,0.0
3015997,38.31674861907959
3015998,12.5
3015999,156.53074645996094
3016000,0.0
3016001,2.0
3016002,6.25
3016003,0.0
3016004,1.5
3016005,1479.5
3016006,0.0
3016007,179.25
3016008,4.0
3016009,811.5
3016010,290.75
3016011,149.75
3016012,116.75
3016013,49.81149959564209
3016014,2237.0
3016015,2.5
3016016,1.0
3016017,27.25
3016018,13.25
3016019,0.0
3016020,152.25
3016021,0.0
3016022,0.0
3016023,11.5
3016024,29.75
3016025,1.75
3016026,332.52425384521484
3016027,160.5
3016028,1.75
3016029,4.5
3016030,191.71424865722656
3016031,13.5
3016032,986.8920135498047
3016033,0.0
3016034,0.25
3016035,2.0
3016036,0.0
3016037,1.75
3016038,2469.0
3016039,0.0
3016040,577.25
3016041,9.25
3016042,740.0
3016043,540.75
3016044,213.09725189208984
3016045,53.75
3016046,72.78100299835205
3016047,3788.7731323242188
3016048,7.0
3016049,5.0
3016050,21.5
3016051,30.0
3016052,0.0
3016053,179.0
3016054,1.25
3016055,7.0
3016056,5.25
3016057,33.75
3016058,2.25
3016059,234.3732566833496
3016060,228.25
3016061,2.5
3016062,9.0
3016063,133.11150741577148
3016064,28.5
3016065,563.1924743652344
3016066,3.5
3016067,2.5
3016068,4.25
3016069,0.0
3016070,0.0
3016071,1294.5
3016072,0.0
3016073,70.5
3016074,2.75
3016075,342.25
3016076,133.25
3016077,67.25
3016078,76.75
3016079,35.0
3016080,1504.5
3016081,5.0
3016082,0.75
3016083,8.0
3016084,5.75
3016085,0.0
3016086,85.25
3016087,0.0
3016088,0.0
3016089,0.25
3016090,15.75
3016091,0.0
3016092,325.1692581176758
3016093,51.0
3016094,1.0
3016095,0.75
3016096,71.10575294494629
3016097,12.25
3016098,313.1754913330078
3016099,0.0
3016100,0.0
3016101,3.25
3016102,0.0
3016103,0.25
3016104,3007.5
3016105,0.0
3016106,419.5
3016107,12.75
3016108,771.0
3016109,478.75
3016110,158.00425338745117
3016111,192.5
3016112,49.16874885559082
3016113,3227.7184448242188
3016114,2.75
3016115,0.0
3016116,14.75
3016117,4.0
3016118,0.0
3016119,176.0
3016120,0.0
3016121,33.75
3016122,3.75
3016123,38.5
3016124,0.75
3016125,449.1745071411133
3016126,158.25
3016127,0.5
3016128,3.0
3016129,129.23600006103516
3016130,35.14350128173828
3016131,1079.6852722167969
3016132,1.0
3016133,0.0
3016134,2.75
3016135,0.0
3016136,5.25
3016137,2426.0
3016138,0.0
3016139,525.0024871826172
3016140,5.5
3016141,876.25
3016142,759.25
3016143,174.7847557067871
3016144,121.0
3016145,120.33399963378906
3016146,3587.25
3016147,58.75
3016148,1.0
3016149,36.75
3016150,33.5
3016151,0.0
3016152,218.0
3016153,16.0
3016154,24.0
3016155,1.25
3016156,125.0
3016157,8.25
3016158,214.52050399780273
3016159,251.75
3016160,11.5
3016161,14.0
3016162,233.7067413330078
3016163,88.17200469970703
3016164,2318.7072143554688
3016165,0.0
3016166,10.486999750137329
3016167,5.0
3016168,0.0
3016169,6.75
3016170,1739.75
3016171,0.0
3016172,368.47874450683594
3016173,16.0
3016174,780.25
3016175,604.75
3016176,96.52825164794922
3016177,77.75
3016178,103.25
3016179,3178.25
3016180,33.0
3016181,0.0
3016182,33.75
3016183,31.5
3016184,0.0
3016185,264.0
3016186,14.25
3016187,19.75
3016188,9.75
3016189,75.25
3016190,11.25
3016191,143.88299942016602
3016192,285.5
3016193,3.5
3016194,11.25
3016195,96.71599960327148
3016196,75.51600074768066
3016197,1802.9375305175781
3016198,0.0
3016199,19.556249618530273
3016200,7.5
3016201,0.0
3016202,2.0
3016203,3212.75
3016204,0.0
3016205,616.25
3016206,7.75
3016207,2484.25
3016208,532.5
3016209,147.08975219726562
3016210,281.25
3016211,50.5
3016212,5408.404296875
3016213,29.25
3016214,1.0
3016215,26.75
3016216,12.25
3016217,0.0
3016218,304.5
3016219,2.5
3016220,14.25
3016221,6.25
3016222,41.25
3016223,3.25
3016224,228.96599960327148
3016225,311.25
3016226,7.5
3016227,9.5
3016228,229.31349182128906
3016229,48.64374923706055
3016230,1259.052978515625
3016231,6.0
3016232,11.25
3016233,4.25
3016234,0.0
3016235,3.0
3016236,1922.0
3016237,0.0
3016238,302.32826232910156
3016239,7.5
3016240,597.0
3016241,586.25
3016242,164.1517448425293
3016243,104.25
3016244,62.35325050354004
3016245,2630.0
3016246,20.5
3016247,1.25
3016248,7.25
3016249,7.75
3016250,0.0
3016251,191.75
3016252,12.0
3016253,18.0
3016254,0.25
3016255,62.5
3016256,7.75
3016257,268.3529968261719
3016258,199.5
3016259,3.5
3016260,7.0
3016261,254.94999313354492
3016262,32.96524906158447
3016263,1595.3249816894531
3016264,0.0
3016265,17.087499141693115
3016266,3.75
3016267,0.0
3016268,2.75
3016269,4055.25
3016270,0.0
3016271,342.5
3016272,5.5
3016273,1381.25
3016274,506.25
3016275,203.0
3016276,117.5
3016277,62.38549995422363
3016278,5007.75
3016279,7.75
3016280,2.5
3016281,24.75
3016282,14.5
3016283,0.0
3016284,335.0
3016285,0.0
3016286,0.0
3016287,7.25
3016288,32.0
3016289,1.25
3016290,164.41049194335938
3016291,249.5
3016292,2.0
3016293,8.25
3016294,173.2342529296875
3016295,41.5
3016296,866.6309814453125
3016297,0.0
3016298,3.25
3016299,4.25
3016300,0.0
3016301,6.75
3016302,1574.25
3016303,0.0
3016304,384.2347412109375
3016305,11.25
3016306,976.5
3016307,560.25
3016308,174.95324325561523
3016309,95.25
3016310,144.80500411987305
3016311,3225.25
3016312,20.75
3016313,1.0
3016314,22.0
3016315,23.5
3016316,0.0
3016317,180.25
3016318,10.0
3016319,8.75
3016320,12.25
3016321,111.5
3016322,9.5
3016323,164.79299926757812
3016324,233.5
3016325,9.5
3016326,6.5
3016327,135.11450576782227
3016328,51.676499366760254
3016329,1569.9027404785156
3016330,0.75
3016331,3.5
3016332,1.0
3016333,0.0
3016334,2.0
3016335,1946.25
3016336,0.0
3016337,372.9867401123047
3016338,6.75
3016339,616.25
3016340,694.5
3016341,145.03200149536133
3016342,112.25
3016343,100.23749923706055
3016344,2670.5
3016345,21.5
3016346,0.25
3016347,15.5
3016348,14.5
3016349,0.0
3016350,178.5
3016351,9.25
3016352,30.0
3016353,3.25
3016354,73.25
3016355,7.25
3016356,235.69924926757812
3016357,152.5
3016358,10.75
3016359,6.5
3016360,202.5089988708496
3016361,53.51474952697754
3016362,2012.7015380859375
3016363,0.0
3016364,11.363250017166138
3016365,6.25
3016366,0.75
3016367,1.75
3016368,4501.75
3016369,0.0
3016370,490.25
3016371,8.75
3016372,1085.5
3016373,520.25
3016374,238.28025436401367
3016375,159.25
3016376,54.25
3016377,4073.0389404296875
3016378,5.75
3016379,0.0
3016380,12.5
3016381,16.0
3016382,0.0
3016383,206.75
3016384,0.0
3016385,7.75
3016386,0.75
3016387,67.5
3016388,0.5
3016389,262.61449432373047
3016390,259.0
3016391,2.0
3016392,1.5
3016393,203.16600036621094
3016394,135.3822479248047
3016395,1115.2145080566406
3016396,2.5
3016397,0.25
3016398,15.75
3016399,0.0
3016400,12.5
3016401,7448.75
3016402,0.0
3016403,1242.8974609375
3016404,34.5
3016405,1937.5
3016406,1884.25
3016407,415.15924072265625
3016408,425.5
3016409,422.3532485961914
3016410,7364.0
3016411,92.75
3016412,5.5
3016413,92.75
3016414,115.25
3016415,0.0
3016416,518.25
3016417,17.25
3016418,23.0
3016419,22.25
3016420,349.25
3016421,21.0
3016422,727.0882415771484
3016423,383.25
3016424,32.0
3016425,39.5
3016426,916.2807464599609
3016427,306.7842559814453
3016428,6792.7373046875
3016429,198.75
3016430,62.99849987030029
3016431,11.25
3016432,0.0
3016433,9.75
3016434,7146.75
3016435,0.0
3016436,963.4580078125
3016437,41.75
3016438,2154.75
3016439,1661.5
3016440,523.1484832763672
3016441,286.0
3016442,273.5582580566406
3016443,8286.75
3016444,124.0
3016445,1.25
3016446,51.5
3016447,62.75
3016448,0.0
3016449,538.25
3016450,21.25
3016451,35.5
3016452,2.5
3016453,208.75
3016454,15.75
3016455,873.2892608642578
3016456,503.5
3016457,18.5
3016458,20.5
3016459,907.9284973144531
3016460,217.47049713134766
3016461,4796.5404052734375
3016462,204.0
3016463,50.719499588012695
3016464,9.25
3016465,0.0
3016466,19.0
3016467,4419.75
3016468,0.0
3016469,755.25
3016470,15.0
3016471,1919.0
3016472,1163.75
3016473,599.145263671875
3016474,98.25
3016475,229.98175048828125
3016476,7299.0
3016477,34.75
3016478,1.0
3016479,32.0
3016480,19.5
3016481,1.0
3016482,506.0
3016483,17.25
3016484,15.75
3016485,11.75
3016486,118.75
3016487,9.0
3016488,764.3307647705078
3016489,496.25
3016490,18.0
3016491,29.5
3016492,559.8665161132812
3016493,118.63724899291992
3016494,2028.7354431152344
3016495,146.0
3016496,36.944252014160156
3016497,18.5
3016498,0.0
3016499,20.25
3016500,6345.0
3016501,0.0
3016502,922.7225036621094
3016503,23.0
3016504,1882.5
3016505,1625.0
3016506,491.531494140625
3016507,263.5
3016508,199.59075546264648
3016509,8408.5
3016510,44.5
3016511,1.75
3016512,53.75
3016513,65.75
3016514,0.0
3016515,560.25
3016516,23.0
3016517,29.75
3016518,1.75
3016519,196.25
3016520,10.75
3016521,763.1679840087891
3016522,535.0
3016523,21.0
3016524,31.5
3016525,847.3025207519531
3016526,176.2244987487793
3016527,4478.9111328125
3016528,171.5
3016529,55.87375068664551
3016530,8.5
3016531,0.0
3016532,19.0
3016533,3920.0
3016534,0.0
3016535,630.25
3016536,12.0
3016537,1695.0
3016538,880.25
3016539,505.4497528076172
3016540,84.75
3016541,178.87374877929688
3016542,6344.75
3016543,40.5
3016544,0.0
3016545,32.0
3016546,33.5
3016547,0.0
3016548,478.75
3016549,18.75
3016550,10.0
3016551,5.0
3016552,130.25
3016553,3.0
3016554,626.2509918212891
3016555,532.75
3016556,12.75
3016557,19.75
3016558,623.4965209960938
3016559,81.45899963378906
3016560,1382.4177551269531
3016561,240.5
3016562,16.61625027656555
3016563,13.0
3016564,0.0
3016565,7.75
3016566,5090.0
3016567,0.0
3016568,882.7970123291016
3016569,25.5
3016570,1460.5
3016571,1703.25
3016572,319.8330078125
3016573,351.5
3016574,287.1730041503906
3016575,5927.5
3016576,60.0
3016577,2.5
3016578,62.5
3016579,46.5
3016580,0.75
3016581,376.25
3016582,13.25
3016583,30.5
3016584,11.0
3016585,259.25
3016586,9.0
3016587,630.5597686767578
3016588,400.25
3016589,17.0
3016590,25.5
3016591,707.1330108642578
3016592,168.27300262451172
3016593,5552.988037109375
3016594,140.5
3016595,57.340999603271484
3016596,5.5
3016597,0.0
3016598,4.25
3016599,1650.5
3016600,0.0
3016601,297.58348846435547
3016602,22.5
3016603,758.75
3016604,465.25
3016605,200.88899612426758
3016606,61.5
3016607,75.74800109863281
3016608,2430.75
3016609,35.5
3016610,0.25
3016611,30.0
3016612,21.25
3016613,0.0
3016614,175.0
3016615,9.5
3016616,6.25
3016617,10.5
3016618,59.75
3016619,2.0
3016620,233.2882537841797
3016621,194.25
3016622,1.5
3016623,8.25
3016624,187.94224548339844
3016625,57.48350143432617
3016626,1353.6100158691406
3016627,0.75
3016628,7.70074987411499
3016629,9.75
3016630,0.0
3016631,13.5
3016632,3880.0
3016633,0.0
3016634,489.0067443847656
3016635,25.75
3016636,1441.25
3016637,927.25
3016638,391.28450775146484
3016639,85.25
3016640,225.0742530822754
3016641,5846.25
3016642,87.25
3016643,1.0
3016644,60.75
3016645,31.75
3016646,0.0
3016647,339.0
3016648,10.75
3016649,8.25
3016650,1.25
3016651,136.5
3016652,6.5
3016653,484.41300201416016
3016654,452.0
3016655,10.0
3016656,15.0
3016657,317.18424224853516
3016658,82.27024841308594
3016659,1828.7677001953125
3016660,214.5
3016661,17.452499628067017
3016662,8.5
3016663,0.0
3016664,3.75
3016665,3446.25
3016666,0.0
3016667,689.3685150146484
3016668,8.5
3016669,1131.0
3016670,1205.5
3016671,196.91375350952148
3016672,270.25
3016673,179.65150451660156
3016674,3979.75
3016675,39.5
3016676,1.0
3016677,18.25
3016678,22.5
3016679,0.0
3016680,259.5
3016681,1.25
3016682,57.75
3016683,6.0
3016684,120.25
3016685,9.5
3016686,464.0612487792969
3016687,197.25
3016688,18.5
3016689,14.25
3016690,515.3024978637695
3016691,109.24449920654297
3016692,4029.3797607421875
3016693,3.5
3016694,26.31600046157837
3016695,10.75
3016696,0.0
3016697,5.25
3016698,3778.0
3016699,0.0
3016700,692.7854919433594
3016701,13.75
3016702,1366.0
3016703,1011.0
3016704,304.36700439453125
3016705,183.25
3016706,332.87950897216797
3016707,5220.75
3016708,43.25
3016709,2.5
3016710,30.75
3016711,31.0
3016712,0.0
3016713,298.0
3016714,7.5
3016715,60.25
3016716,7.75
3016717,284.75
3016718,9.25
3016719,390.54125213623047
3016720,277.0
3016721,17.25
3016722,27.0
3016723,388.70523834228516
3016724,92.30825233459473
3016725,3938.7079467773438
3016726,2.5
3016727,8.851500034332275
3016728,3.0
3016729,0.0
3016730,1.5
3016731,1639.5
3016732,0.0
3016733,361.7155075073242
3016734,13.0
3016735,708.5
3016736,372.25
3016737,184.8802490234375
3016738,66.25
3016739,75.72750091552734
3016740,2297.25
3016741,15.0
3016742,1.0
3016743,27.5
3016744,20.0
3016745,0.0
3016746,143.5
3016747,3.5
3016748,6.5
3016749,10.0
3016750,59.0
3016751,4.5
3016752,202.44324493408203
3016753,196.25
3016754,4.25
3016755,5.25
3016756,125.57850074768066
3016757,53.37925148010254
3016758,1558.2852478027344
3016759,0.25
3016760,2.5
3016761,5.5
3016762,0.0
3016763,1.75
3016764,2750.25
3016765,0.0
3016766,170.5
3016767,5.25
3016768,725.25
3016769,189.75
3016770,175.5
3016771,46.75
3016772,36.23250102996826
3016773,2828.25
3016774,9.25
3016775,0.0
3016776,14.0
3016777,8.0
3016778,0.0
3016779,167.5
3016780,0.0
3016781,0.0
3016782,1.75
3016783,13.0
3016784,1.25
3016785,54.47949981689453
3016786,144.75
3016787,0.0
3016788,1.25
3016789,51.48099899291992
3016790,71.5
3016791,503.71376037597656
3016792,0.0
3016793,2.25
3016794,6.25
3016795,0.0
3016796,4.25
3016797,2589.25
3016798,0.0
3016799,435.593994140625
3016800,17.25
3016801,1009.25
3016802,738.5
3016803,257.84374618530273
3016804,129.5
3016805,104.25
3016806,3884.25
3016807,26.5
3016808,2.0
3016809,17.5
3016810,41.25
3016811,0.0
3016812,249.5
3016813,17.25
3016814,20.25
3016815,15.25
3016816,73.75
3016817,5.75
3016818,367.32350158691406
3016819,249.75
3016820,8.0
3016821,15.0
3016822,387.0962448120117
3016823,76.83799743652344
3016824,1883.2897338867188
3016825,0.0
3016826,18.981499671936035
3016827,4.25
3016828,0.0
3016829,5.0
3016830,3254.0
3016831,0.0
3016832,562.4517517089844
3016833,16.0
3016834,883.5
3016835,1098.75
3016836,146.70949935913086
3016837,233.5
3016838,169.5367546081543
3016839,3417.75
3016840,33.25
3016841,2.0
3016842,35.25
3016843,27.0
3016844,0.75
3016845,216.5
3016846,13.25
3016847,34.25
3016848,12.0
3016849,132.25
3016850,9.0
3016851,368.41849517822266
3016852,209.75
3016853,6.5
3016854,11.0
3016855,549.5464935302734
3016856,114.38374900817871
3016857,4294.7196044921875
3016858,0.0
3016859,31.27025032043457
3016860,3.75
3016861,0.75
3016862,7.75
3016863,3800.25
3016864,0.0
3016865,694.8774871826172
3016866,26.5
3016867,968.5
3016868,1166.25
3016869,225.05674743652344
3016870,227.0
3016871,117.75
3016872,3976.25
3016873,30.5
3016874,1.25
3016875,25.25
3016876,40.0
3016877,0.0
3016878,280.5
3016879,23.0
3016880,23.0
3016881,36.25
3016882,155.5
3016883,20.25
3016884,373.2720031738281
3016885,260.5
3016886,11.5
3016887,12.75
3016888,444.80525970458984
3016889,147.30200576782227
3016890,3200.551513671875
3016891,0.25
3016892,29.87974977493286
3016893,13.5
3016894,0.0
3016895,4.75
3016896,2508.0
3016897,0.0
3016898,416.5
3016899,9.25
3016900,1261.5
3016901,578.0
3016902,418.58924102783203
3016903,172.25
3016904,103.69599723815918
3016905,5104.5428466796875
3016906,11.25
3016907,0.75
3016908,44.75
3016909,29.75
3016910,0.0
3016911,302.0
3016912,6.75
3016913,5.5
3016914,5.75
3016915,34.75
3016916,3.25
3016917,540.4019927978516
3016918,339.0
3016919,9.25
3016920,6.0
3016921,321.8815002441406
3016922,90.10924911499023
3016923,1132.1407165527344
3016924,105.75
3016925,13.160500288009644
3016926,7.25
3016927,0.0
3016928,2.0
3016929,2388.25
3016930,0.0
3016931,389.69425201416016
3016932,21.0
3016933,717.75
3016934,718.5
3016935,163.44499969482422
3016936,144.75
3016937,126.5
3016938,2647.75
3016939,11.75
3016940,1.75
3016941,32.0
3016942,16.0
3016943,0.0
3016944,162.75
3016945,10.75
3016946,20.0
3016947,4.25
3016948,137.0
3016949,4.75
3016950,569.5542297363281
3016951,133.75
3016952,4.75
3016953,5.5
3016954,484.7952575683594
3016955,66.38574981689453
3016956,2400.4765625
3016957,0.0
3016958,32.15625
3016959,1.75
3016960,0.0
3016961,1.0
3016962,1575.25
3016963,0.0
3016964,80.0
3016965,5.0
3016966,738.75
3016967,244.5
3016968,353.0
3016969,28.25
3016970,34.0
3016971,2315.25
3016972,6.0
3016973,0.0
3016974,8.25
3016975,8.25
3016976,0.0
3016977,133.75
3016978,2.0
3016979,0.0
3016980,1.75
3016981,16.75
3016982,0.25
3016983,150.13375091552734
3016984,180.0
3016985,1.75
3016986,3.75
3016987,172.83499908447266
3016988,25.0
3016989,247.7689971923828
3016990,0.0
3016991,0.75
3016992,10.0
3016993,0.0
3016994,4.25
3016995,5449.25
3016996,0.0
3016997,679.5
3016998,17.0
3016999,1717.5
3017000,593.5
3017001,595.5895233154297
3017002,324.75
3017003,107.25
3017004,7112.144775390625
3017005,28.75
3017006,0.0
3017007,19.75
3017008,27.25
3017009,0.0
3017010,445.25
3017011,8.25
3017012,2.5
3017013,8.25
3017014,71.25
3017015,1.0
3017016,639.676513671875
3017017,315.75
3017018,1.5
3017019,14.25
3017020,559.4444885253906
3017021,93.42399978637695
3017022,1621.5652465820312
3017023,13.5
3017024,7.5
3017025,6.75
3017026,0.0
3017027,0.75
3017028,1498.25
3017029,0.0
3017030,174.25
3017031,31.75
3017032,793.25
3017033,311.0
3017034,243.0
3017035,57.0
3017036,48.972500801086426
3017037,2749.75
3017038,12.25
3017039,0.25
3017040,9.0
3017041,17.75
3017042,0.0
3017043,132.5
3017044,4.5
3017045,0.0
3017046,3.75
3017047,51.5
3017048,1.25
3017049,113.64449882507324
3017050,151.0
3017051,1.25
3017052,4.25
3017053,170.85575103759766
3017054,31.5
3017055,311.04200744628906
3017056,0.0
3017057,1.5
3017058,5.75
3017059,0.0
3017060,2.5
3017061,1804.0
3017062,0.0
3017063,100.25
3017064,6.5
3017065,769.0
3017066,247.25
3017067,166.0
3017068,40.25
3017069,35.75
3017070,2796.25
3017071,24.25
3017072,0.0
3017073,11.75
3017074,9.5
3017075,0.0
3017076,131.25
3017077,1.5
3017078,0.0
3017079,1.5
3017080,59.0
3017081,0.0
3017082,136.729248046875
3017083,138.75
3017084,0.25
3017085,6.25
3017086,104.0684986114502
3017087,18.25
3017088,211.78274536132812
3017089,0.0
3017090,2.0
3017091,3.25
3017092,0.0
3017093,1.0
3017094,1558.5
3017095,0.0
3017096,157.5
3017097,12.75
3017098,903.25
3017099,330.25
3017100,362.5
3017101,39.5
3017102,51.0
3017103,2972.5
3017104,10.25
3017105,0.0
3017106,5.5
3017107,18.25
3017108,0.0
3017109,154.5
3017110,0.25
3017111,0.0
3017112,3.5
3017113,30.5
3017114,1.75
3017115,240.18325424194336
3017116,250.0
3017117,0.25
3017118,6.5
3017119,67.19200134277344
3017120,85.75
3017121,333.6285095214844
3017122,0.0
3017123,3.5
3017124,2.5
3017125,0.0
3017126,5.0
3017127,1739.0
3017128,0.0
3017129,144.75
3017130,0.75
3017131,1000.75
3017132,296.25
3017133,307.75
3017134,80.75
3017135,69.75
3017136,2572.0
3017137,9.0
3017138,1.5
3017139,17.0
3017140,16.75
3017141,0.0
3017142,214.5
3017143,10.25
3017144,0.0
3017145,2.0
3017146,41.25
3017147,2.25
3017148,113.39599800109863
3017149,153.5
3017150,0.25
3017151,3.5
3017152,127.90700149536133
3017153,43.0
3017154,502.86875915527344
3017155,0.0
3017156,2.5
3017157,4.25
3017158,0.0
3017159,1.5
3017160,1621.0
3017161,0.0
3017162,107.0
3017163,6.5
3017164,646.0
3017165,211.0
3017166,156.5
3017167,93.5
3017168,46.88475036621094
3017169,1843.0
3017170,4.75
3017171,0.0
3017172,6.25
3017173,12.5
3017174,0.0
3017175,156.5
3017176,0.0
3017177,0.0
3017178,2.0
3017179,61.0
3017180,0.25
3017181,44.9942512512207
3017182,107.25
3017183,1.0
3017184,1.0
3017185,55.22974967956543
3017186,24.5
3017187,480.38600158691406
3017188,0.0
3017189,0.0
3017190,9.0
3017191,1.0
3017192,2.25
3017193,2936.0
3017194,0.0
3017195,274.0
3017196,8.0
3017197,949.0
3017198,532.0
3017199,636.5
3017200,151.75
3017201,91.06599998474121
3017202,3825.75
3017203,12.5
3017204,0.75
3017205,19.5
3017206,20.75
3017207,0.0
3017208,239.75
3017209,0.5
3017210,0.0
3017211,4.0
3017212,77.0
3017213,2.25
3017214,214.91250228881836
3017215,215.25
3017216,1.75
3017217,7.0
3017218,343.86700439453125
3017219,60.25
3017220,1056.8487243652344
3017221,0.75
3017222,11.0
3017223,4.75
3017224,0.0
3017225,1.25
3017226,1669.75
3017227,0.0
3017228,454.25
3017229,11.5
3017230,508.75
3017231,440.75
3017232,181.0384979248047
3017233,120.0
3017234,56.25
3017235,2179.241912841797
3017236,8.5
3017237,0.0
3017238,15.25
3017239,14.0
3017240,0.0
3017241,131.75
3017242,4.25
3017243,7.5
3017244,2.5
3017245,72.5
3017246,0.75
3017247,75.42499923706055
3017248,121.75
3017249,3.0
3017250,5.25
3017251,198.5695037841797
3017252,46.385250091552734
3017253,1186.0267639160156
3017254,17.0
3017255,7.7799999713897705
3017256,5.75
3017257,1.0
3017258,2.75
3017259,3085.75
3017260,0.0
3017261,141.0
3017262,8.75
3017263,779.5
3017264,302.5
3017265,272.0
3017266,35.5
3017267,46.75
3017268,3488.5
3017269,42.5
3017270,3.25
3017271,16.5
3017272,13.0
3017273,0.0
3017274,173.75
3017275,6.25
3017276,0.0
3017277,5.75
3017278,88.5
3017279,2.0
3017280,133.22799682617188
3017281,222.0
3017282,2.75
3017283,6.0
3017284,117.08624649047852
3017285,18.0
3017286,387.8735046386719
3017287,0.0
3017288,2.75
3017289,9.25
3017290,0.0
3017291,5.5
3017292,2923.25
3017293,0.0
3017294,598.0
3017295,12.25
3017296,913.25
3017297,831.5
3017298,267.02799224853516
3017299,184.75
3017300,132.25
3017301,3915.0
3017302,33.75
3017303,3.0
3017304,20.75
3017305,19.5
3017306,0.0
3017307,239.5
3017308,20.25
3017309,12.0
3017310,7.75
3017311,133.25
3017312,8.25
3017313,1339.4644775390625
3017314,237.75
3017315,10.5
3017316,7.0
3017317,618.0177764892578
3017318,93.9520034790039
3017319,2161.52685546875
3017320,0.0
3017321,31.57325029373169
3017322,4.25
3017323,0.0
3017324,3.75
3017325,3925.5
3017326,0.0
3017327,403.25
3017328,7.25
3017329,1285.0
3017330,572.5
3017331,997.2172393798828
3017332,103.75
3017333,134.22999954223633
3017334,6317.70654296875
3017335,13.75
3017336,0.0
3017337,22.25
3017338,12.75
3017339,0.0
3017340,297.75
3017341,3.25
3017342,5.75
3017343,2.5
3017344,78.0
3017345,1.0
3017346,266.5945053100586
3017347,282.5
3017348,4.25
3017349,5.0
3017350,667.3464813232422
3017351,77.97974967956543
3017352,840.4927368164062
3017353,9.5
3017354,10.185999870300293
3017355,10.0
3017356,0.0
3017357,0.5
3017358,3278.75
3017359,0.0
3017360,339.0
3017361,4.25
3017362,1342.0
3017363,464.5
3017364,293.3675079345703
3017365,176.5
3017366,104.75
3017367,4033.618896484375
3017368,11.0
3017369,0.75
3017370,40.25
3017371,25.0
3017372,0.0
3017373,275.25
3017374,3.0
3017375,3.5
3017376,9.25
3017377,114.0
3017378,3.0
3017379,102.12174987792969
3017380,264.25
3017381,2.75
3017382,4.75
3017383,167.21624755859375
3017384,163.3270034790039
3017385,1063.8624572753906
3017386,0.25
3017387,4.75
3017388,2.75
3017389,0.0
3017390,1.75
3017391,1627.25
3017392,0.0
3017393,234.5
3017394,5.25
3017395,658.0
3017396,315.0
3017397,108.75
3017398,85.0
3017399,60.0
3017400,2473.75
3017401,9.5
3017402,1.5
3017403,28.0
3017404,15.5
3017405,0.0
3017406,170.5
3017407,0.5
3017408,0.0
3017409,6.25
3017410,201.75
3017411,3.0
3017412,131.2427520751953
3017413,142.75
3017414,0.0
3017415,6.75
3017416,263.3572540283203
3017417,33.75
3017418,967.8724975585938
3017419,0.25
3017420,0.75
3017421,1.5
3017422,0.0
3017423,1.75
3017424,1336.25
3017425,0.0
3017426,276.5134963989258
3017427,10.75
3017428,580.75
3017429,498.75
3017430,134.30800247192383
3017431,52.25
3017432,93.25
3017433,2004.0
3017434,26.75
3017435,1.0
3017436,9.25
3017437,14.75
3017438,0.0
3017439,119.0
3017440,9.5
3017441,2.5
3017442,3.25
3017443,63.25
3017444,5.75
3017445,475.5284957885742
3017446,141.5
3017447,4.75
3017448,7.75
3017449,375.3097457885742
3017450,40.87974977493286
3017451,1171.9580383300781
3017452,0.0
3017453,8.751749753952026
3017454,3.75
3017455,0.0
3017456,4.0
3017457,3575.25
3017458,0.0
3017459,753.7157592773438
3017460,25.5
3017461,1200.5
3017462,1290.25
3017463,302.3030014038086
3017464,257.0
3017465,239.29149627685547
3017466,4448.25
3017467,42.75
3017468,1.25
3017469,18.5
3017470,30.0
3017471,0.0
3017472,241.5
3017473,14.0
3017474,35.5
3017475,9.75
3017476,134.75
3017477,11.75
3017478,695.9082489013672
3017479,265.25
3017480,12.75
3017481,9.25
3017482,800.2975158691406
3017483,136.75699615478516
3017484,3609.3533325195312
3017485,0.0
3017486,41.6227502822876
3017487,5.0
3017488,0.75
3017489,7.5
3017490,2233.25
3017491,0.0
3017492,448.4617614746094
3017493,8.5
3017494,490.75
3017495,586.5
3017496,176.79999923706055
3017497,129.25
3017498,111.0155029296875
3017499,2058.5
3017500,23.75
3017501,1.5
3017502,28.25
3017503,14.0
3017504,0.0
3017505,117.5
3017506,0.0
3017507,36.25
3017508,1.75
3017509,276.75
3017510,8.0
3017511,481.947265625
3017512,106.0
3017513,5.25
3017514,8.0
3017515,307.0749969482422
3017516,52.779500007629395
3017517,1876.8052673339844
3017518,0.0
3017519,10.0
3017520,3.75
3017521,0.0
3017522,0.75
3017523,681.5
3017524,0.0
3017525,214.75
3017526,6.25
3017527,403.75
3017528,226.25
3017529,102.83675003051758
3017530,34.5
3017531,36.7864990234375
3017532,1433.75
3017533,12.75
3017534,0.5
3017535,13.75
3017536,8.0
3017537,0.75
3017538,70.25
3017539,0.0
3017540,21.0
3017541,0.75
3017542,24.25
3017543,0.0
3017544,439.5145034790039
3017545,106.25
3017546,3.75
3017547,2.75
3017548,260.80400466918945
3017549,20.0
3017550,529.2072448730469
3017551,0.0
3017552,1.0
3017553,2.75
3017554,0.0
3017555,2.75
3017556,2448.5
3017557,0.0
3017558,497.7162628173828
3017559,13.75
3017560,688.0
3017561,780.25
3017562,297.0387420654297
3017563,204.25
3017564,162.77950286865234
3017565,3156.25
3017566,27.0
3017567,1.75
3017568,30.75
3017569,16.25
3017570,0.0
3017571,195.25
3017572,1.75
3017573,38.0
3017574,9.25
3017575,230.5
3017576,3.25
3017577,415.1334991455078
3017578,195.25
3017579,6.5
3017580,12.25
3017581,454.57749938964844
3017582,75.3594970703125
3017583,2210.186798095703
3017584,0.75
3017585,25.035500049591064
3017586,4.75
3017587,0.0
3017588,1.0
3017589,3111.25
3017590,0.0
3017591,435.75
3017592,19.5
3017593,1107.0
3017594,654.75
3017595,467.37574768066406
3017596,138.25
3017597,98.5
3017598,4085.9121704101562
3017599,13.75
3017600,0.0
3017601,32.75
3017602,29.0
3017603,0.75
3017604,209.5
3017605,0.0
3017606,6.25
3017607,6.5
3017608,69.25
3017609,1.25
3017610,175.04525756835938
3017611,245.0
3017612,5.0
3017613,3.75
3017614,212.6790008544922
3017615,76.25100135803223
3017616,1004.9834747314453
3017617,2.5
3017618,0.0
3017619,2.5
3017620,0.0
3017621,2.75
3017622,2938.75
3017623,0.0
3017624,538.75
3017625,16.25
3017626,969.0
3017627,520.75
3017628,285.8310089111328
3017629,139.0
3017630,94.51150131225586
3017631,3276.9940185546875
3017632,13.25
3017633,0.75
3017634,21.25
3017635,21.25
3017636,0.0
3017637,203.0
3017638,0.0
3017639,4.5
3017640,1.25
3017641,137.25
3017642,0.25
3017643,101.72574996948242
3017644,183.75
3017645,4.5
3017646,3.5
3017647,227.4577522277832
3017648,59.01250076293945
3017649,786.0715179443359
3017650,2.0
3017651,7.75
3017652,10.5
3017653,0.0
3017654,12.25
3017655,7967.0
3017656,0.0
3017657,1183.74951171875
3017658,38.25
3017659,1986.5
3017660,2101.0
3017661,425.5447463989258
3017662,513.25
3017663,409.64024353027344
3017664,8208.5
3017665,80.25
3017666,4.5
3017667,56.75
3017668,61.25
3017669,0.0
3017670,494.5
3017671,40.5
3017672,65.25
3017673,22.5
3017674,368.75
3017675,36.5
3017676,1306.7300109863281
3017677,538.5
3017678,24.0
3017679,19.0
3017680,1537.7667846679688
3017681,255.6405029296875
3017682,7317.0721435546875
3017683,1.75
3017684,115.4892520904541
3017685,3.0
3017686,0.75
3017687,0.5
3017688,1084.25
3017689,0.0
3017690,120.75
3017691,2.5
3017692,496.5
3017693,213.0
3017694,137.75
3017695,136.25
3017696,44.5
3017697,1587.0
3017698,3.0
3017699,0.0
3017700,15.25
3017701,8.75
3017702,0.0
3017703,96.0
3017704,0.0
3017705,0.0
3017706,4.75
3017707,48.0
3017708,1.0
3017709,54.1797513961792
3017710,76.75
3017711,5.25
3017712,3.0
3017713,143.94225311279297
3017714,19.0
3017715,422.8360061645508
3017716,0.0
3017717,5.5
3017718,9.75
3017719,0.0
3017720,4.0
3017721,3165.25
3017722,0.0
3017723,549.0
3017724,14.25
3017725,1158.0
3017726,559.0
3017727,327.96824645996094
3017728,328.5
3017729,110.6254997253418
3017730,4205.1331787109375
3017731,7.5
3017732,0.0
3017733,25.25
3017734,26.75
3017735,0.0
3017736,244.25
3017737,0.0
3017738,6.25
3017739,10.5
3017740,20.25
3017741,1.0
3017742,334.3887405395508
3017743,213.0
3017744,2.5
3017745,6.75
3017746,145.60400390625
3017747,59.22599983215332
3017748,1136.8822631835938
3017749,0.0
3017750,4.25
3017751,1.0
3017752,0.0
3017753,1.0
3017754,952.25
3017755,0.0
3017756,90.75
3017757,4.5
3017758,398.25
3017759,119.0
3017760,98.0
3017761,141.75
3017762,17.5
3017763,1480.75
3017764,1.75
3017765,0.0
3017766,9.75
3017767,3.0
3017768,0.0
3017769,72.0
3017770,0.0
3017771,0.0
3017772,0.75
3017773,93.25
3017774,0.0
3017775,69.55374908447266
3017776,66.5
3017777,1.0
3017778,2.0
3017779,67.03850078582764
3017780,10.5
3017781,183.86074829101562
3017782,0.0
3017783,1.5
3017784,5.25
3017785,0.0
3017786,1.5
3017787,1712.0
3017788,0.0
3017789,167.0
3017790,8.75
3017791,849.25
3017792,300.25
3017793,220.75
3017794,99.25
3017795,87.09699821472168
3017796,2636.5
3017797,4.25
3017798,0.0
3017799,17.75
3017800,13.75
3017801,0.0
3017802,155.75
3017803,0.0
3017804,0.0
3017805,11.0
3017806,37.5
3017807,0.75
3017808,203.80424880981445
3017809,173.25
3017810,1.25
3017811,1.75
3017812,276.5454864501953
3017813,29.25
3017814,1016.8274841308594
3017815,0.0
3017816,0.0
3017817,3.0
3017818,0.75
3017819,0.25
3017820,2653.25
3017821,0.0
3017822,708.25
3017823,11.75
3017824,919.25
3017825,582.25
3017826,262.68349838256836
3017827,150.0
3017828,85.52075004577637
3017829,4097.8829345703125
3017830,5.25
3017831,7.0
3017832,32.75
3017833,42.75
3017834,0.0
3017835,217.25
3017836,1.0
3017837,8.25
3017838,1.75
3017839,42.5
3017840,3.25
3017841,168.81249618530273
3017842,239.25
3017843,3.5
3017844,5.0
3017845,183.98374557495117
3017846,37.211501121520996
3017847,620.5772552490234
3017848,1.0
3017849,0.25
3017850,4.5
3017851,0.0
3017852,0.75
3017853,1337.75
3017854,0.0
3017855,96.25
3017856,6.75
3017857,391.0
3017858,137.0
3017859,115.5
3017860,139.25
3017861,80.73775005340576
3017862,1615.0
3017863,7.0
3017864,0.75
3017865,11.25
3017866,7.0
3017867,0.0
3017868,98.25
3017869,0.0
3017870,0.0
3017871,0.0
3017872,23.75
3017873,1.25
3017874,158.1082420349121
3017875,60.25
3017876,0.75
3017877,1.0
3017878,81.44425201416016
3017879,17.5
3017880,310.0615005493164
3017881,0.0
3017882,0.0
3017883,7.75
3017884,0.0
3017885,0.75
3017886,4338.25
3017887,0.0
3017888,528.75
3017889,13.75
3017890,932.25
3017891,492.75
3017892,232.99199676513672
3017893,110.75
3017894,142.75
3017895,3915.841552734375
3017896,13.75
3017897,0.25
3017898,19.25
3017899,7.5
3017900,0.0
3017901,244.75
3017902,0.0
3017903,35.75
3017904,3.25
3017905,44.5
3017906,1.75
3017907,213.1680030822754
3017908,221.5
3017909,2.75
3017910,2.0
3017911,130.40175247192383
3017912,48.08175086975098
3017913,1168.1857299804688
3017914,0.0
3017915,3.75
3017916,2.0
3017917,0.0
3017918,4.75
3017919,3035.5
3017920,0.0
3017921,492.7884826660156
3017922,8.75
3017923,881.75
3017924,910.0
3017925,175.48975372314453
3017926,139.25
3017927,150.47500228881836
3017928,3748.0
3017929,57.75
3017930,2.0
3017931,45.25
3017932,20.25
3017933,0.0
3017934,215.25
3017935,18.25
3017936,26.0
3017937,2.0
3017938,144.25
3017939,4.75
3017940,345.83325958251953
3017941,223.75
3017942,11.25
3017943,11.75
3017944,303.90425872802734
3017945,77.29699897766113
3017946,2529.468994140625
3017947,0.0
3017948,13.548500061035156
3017949,6.25
3017950,0.0
3017951,4.5
3017952,2066.25
3017953,0.0
3017954,372.5872497558594
3017955,9.5
3017956,843.75
3017957,812.0
3017958,149.92424392700195
3017959,82.5
3017960,124.75
3017961,3389.75
3017962,21.0
3017963,1.0
3017964,33.0
3017965,36.0
3017966,0.0
3017967,312.25
3017968,11.0
3017969,17.0
3017970,7.0
3017971,134.25
3017972,12.25
3017973,229.23925399780273
3017974,331.5
3017975,9.25
3017976,3.0
3017977,199.2287483215332
3017978,105.77000427246094
3017979,1921.6465454101562
3017980,0.0
3017981,14.625499725341797
3017982,8.0
3017983,0.0
3017984,3.0
3017985,3256.5
3017986,0.0
3017987,629.75
3017988,4.25
3017989,1374.0
3017990,566.5
3017991,170.7454948425293
3017992,244.75
3017993,77.8287525177002
3017994,5339.8282470703125
3017995,22.0
3017996,0.25
3017997,16.25
3017998,16.25
3017999,0.0
3018000,276.5
3018001,2.75
3018002,23.0
3018003,6.5
3018004,74.0
3018005,3.5
3018006,137.29100036621094
3018007,256.0
3018008,6.75
3018009,13.75
3018010,319.5682373046875
3018011,61.238749504089355
3018012,1553.9715270996094
3018013,5.25
3018014,17.75
3018015,3.75
3018016,0.0
3018017,4.75
3018018,2610.25
3018019,0.0
3018020,346.8717498779297
3018021,7.5
3018022,829.5
3018023,702.25
3018024,232.74700164794922
3018025,136.75
3018026,116.71449851989746
3018027,3371.25
3018028,27.5
3018029,1.5
3018030,14.0
3018031,12.5
3018032,0.25
3018033,196.25
3018034,17.25
3018035,31.75
3018036,1.5
3018037,170.75
3018038,7.25
3018039,563.7012481689453
3018040,202.75
3018041,5.25
3018042,12.25
3018043,455.95751190185547
3018044,49.28625011444092
3018045,2048.6069946289062
3018046,0.0
3018047,30.543500900268555
3018048,3.25
3018049,0.0
3018050,2.75
3018051,6396.0
3018052,0.0
3018053,336.0
3018054,9.0
3018055,1540.5
3018056,513.25
3018057,300.75
3018058,145.0
3018059,95.05875205993652
3018060,5759.5
3018061,13.25
3018062,2.75
3018063,29.75
3018064,21.0
3018065,0.0
3018066,301.25
3018067,0.0
3018068,0.0
3018069,6.5
3018070,45.25
3018071,2.5
3018072,135.53974533081055
3018073,278.0
3018074,4.5
3018075,8.5
3018076,274.57849884033203
3018077,50.5
3018078,957.3022308349609
3018079,0.0
3018080,3.25
3018081,9.0
3018082,0.0
3018083,7.25
3018084,2284.75
3018085,0.0
3018086,416.5817565917969
3018087,15.5
3018088,1021.25
3018089,635.5
3018090,243.2145004272461
3018091,120.5
3018092,236.53924942016602
3018093,3590.0
3018094,36.5
3018095,1.0
3018096,14.75
3018097,28.5
3018098,0.0
3018099,219.25
3018100,13.25
3018101,34.75
3018102,6.75
3018103,149.75
3018104,9.25
3018105,380.80426025390625
3018106,235.25
3018107,14.25
3018108,10.0
3018109,239.44175720214844
3018110,71.8487491607666
3018111,1925.1959838867188
3018112,0.75
3018113,5.61050021648407
3018114,1.75
3018115,0.0
3018116,3.75
3018117,2538.0
3018118,0.0
3018119,401.51023864746094
3018120,11.25
3018121,644.25
3018122,852.0
3018123,189.82575225830078
3018124,136.0
3018125,134.4365005493164
3018126,2965.5
3018127,28.75
3018128,0.25
3018129,18.75
3018130,8.0
3018131,0.0
3018132,175.0
3018133,9.25
3018134,37.5
3018135,4.0
3018136,81.75
3018137,10.0
3018138,285.65675354003906
3018139,214.75
3018140,7.0
3018141,9.0
3018142,270.3260040283203
3018143,49.63249969482422
3018144,2207.0319213867188
3018145,0.0
3018146,14.355250120162964
3018147,7.25
3018148,0.0
3018149,5.0
3018150,4907.5
3018151,0.0
3018152,522.5
3018153,20.0
3018154,1289.0
3018155,561.0
3018156,301.8777618408203
3018157,176.0
3018158,103.66425132751465
3018159,4710.5386962890625
3018160,12.75
3018161,0.0
3018162,11.0
3018163,23.25
3018164,0.0
3018165,259.75
3018166,0.0
3018167,9.5
3018168,0.25
3018169,84.75
3018170,1.0
3018171,210.73474884033203
3018172,308.75
3018173,3.5
3018174,1.25
3018175,357.2892532348633
3018176,135.54425048828125
3018177,1552.2825317382812
3018178,1.75
3018179,1.0
3018180,14.75
3018181,0.0
3018182,15.25
3018183,9394.25
3018184,0.0
3018185,1628.1582641601562
3018186,25.0
3018187,2305.0
3018188,2387.5
3018189,615.2449951171875
3018190,640.75
3018191,511.60826110839844
3018192,9504.25
3018193,91.0
3018194,6.0
3018195,107.25
3018196,109.75
3018197,0.0
3018198,630.75
3018199,30.0
3018200,29.0
3018201,22.75
3018202,469.25
3018203,27.5
3018204,1463.5462646484375
3018205,577.0
3018206,40.25
3018207,36.75
3018208,1718.4795227050781
3018209,273.917236328125
3018210,8408.462646484375
3018211,286.75
3018212,125.50425148010254
3018213,17.5
3018214,0.0
3018215,14.0
3018216,9139.75
3018217,0.0
3018218,1331.5969848632812
3018219,27.5
3018220,2732.75
3018221,2289.0
3018222,849.5212554931641
3018223,399.5
3018224,468.91700744628906
3018225,11202.75
3018226,156.25
3018227,1.25
3018228,108.25
3018229,78.0
3018230,0.75
3018231,632.25
3018232,23.5
3018233,57.0
3018234,3.5
3018235,355.25
3018236,22.75
3018237,2097.1212768554688
3018238,731.5
3018239,19.0
3018240,35.25
3018241,1764.0173034667969
3018242,294.6785125732422
3018243,6257.63525390625
3018244,500.25
3018245,126.0309944152832
3018246,10.0
3018247,0.0
3018248,15.5
3018249,6114.75
3018250,0.0
3018251,831.25
3018252,19.0
3018253,2330.75
3018254,1410.25
3018255,936.2079925537109
3018256,148.0
3018257,352.4482536315918
3018258,9514.0
3018259,42.0
3018260,2.5
3018261,27.5
3018262,25.0
3018263,0.0
3018264,603.0
3018265,18.0
3018266,34.25
3018267,4.25
3018268,187.0
3018269,11.5
3018270,1889.4960021972656
3018271,699.25
3018272,20.5
3018273,41.75
3018274,999.3727416992188
3018275,157.91475296020508
3018276,2596.4323120117188
3018277,213.5
3018278,55.644248962402344
3018279,19.5
3018280,0.0
3018281,23.5
3018282,8824.5
3018283,0.0
3018284,1220.8667297363281
3018285,28.25
3018286,2312.25
3018287,2075.25
3018288,822.5977325439453
3018289,366.5
3018290,282.76050567626953
3018291,10020.75
3018292,75.75
3018293,2.5
3018294,58.25
3018295,82.5
3018296,0.75
3018297,595.25
3018298,27.75
3018299,46.25
3018300,5.5
3018301,346.0
3018302,17.75
3018303,1766.4217224121094
3018304,679.25
3018305,22.0
3018306,29.25
3018307,1430.0477600097656
3018308,243.71649932861328
3018309,5216.819091796875
3018310,387.5
3018311,92.05000114440918
3018312,12.0
3018313,0.0
3018314,17.0
3018315,4958.5
3018316,0.0
3018317,816.0
3018318,17.25
3018319,1967.75
3018320,1172.0
3018321,735.052734375
3018322,113.5
3018323,188.83124542236328
3018324,7877.0
3018325,54.5
3018326,1.0
3018327,32.25
3018328,36.75
3018329,0.0
3018330,559.5
3018331,18.0
3018332,15.0
3018333,2.5
3018334,174.5
3018335,4.5
3018336,1474.541748046875
3018337,801.25
3018338,14.75
3018339,24.25
3018340,1156.2950134277344
3018341,92.03849792480469
3018342,1847.4887084960938
3018343,331.25
3018344,33.28724956512451
3018345,16.75
3018346,0.0
3018347,9.0
3018348,6805.5
3018349,0.0
3018350,1299.6432495117188
3018351,32.25
3018352,1682.5
3018353,2232.5
3018354,515.4787521362305
3018355,499.75
3018356,424.0407409667969
3018357,7634.75
3018358,76.75
3018359,1.0
3018360,59.5
3018361,49.5
3018362,0.0
3018363,450.75
3018364,14.0
3018365,50.0
3018366,12.0
3018367,374.0
3018368,18.25
3018369,1420.7742309570312
3018370,490.0
3018371,17.75
3018372,29.0
3018373,1287.1455383300781
3018374,250.7344970703125
3018375,6946.7667236328125
3018376,246.75
3018377,108.43300247192383
3018378,7.75
3018379,0.0
3018380,4.75
3018381,1710.0
3018382,0.0
3018383,312.92549896240234
3018384,33.0
3018385,847.75
3018386,487.0
3018387,246.95974349975586
3018388,90.0
3018389,128.13724899291992
3018390,2859.0
3018391,44.75
3018392,2.0
3018393,31.0
3018394,18.0
3018395,0.0
3018396,175.25
3018397,9.0
3018398,15.0
3018399,6.25
3018400,91.25
3018401,7.5
3018402,326.87499237060547
3018403,204.5
3018404,4.0
3018405,6.75
3018406,299.0702438354492
3018407,56.61199951171875
3018408,1585.9804992675781
3018409,1.0
3018410,9.571499824523926
3018411,13.75
3018412,0.0
3018413,11.0
3018414,4294.0
3018415,0.0
3018416,656.7232666015625
3018417,35.25
3018418,1724.25
3018419,1032.75
3018420,528.1459808349609
3018421,98.75
3018422,191.5
3018423,6616.0
3018424,94.25
3018425,1.0
3018426,77.0
3018427,33.25
3018428,0.0
3018429,414.75
3018430,19.25
3018431,10.0
3018432,4.25
3018433,186.75
3018434,5.75
3018435,843.1920166015625
3018436,520.0
3018437,12.5
3018438,17.0
3018439,520.6214904785156
3018440,91.05925178527832
3018441,2120.643524169922
3018442,253.25
3018443,31.09800100326538
3018444,10.25
3018445,0.0
3018446,5.5
3018447,4776.5
3018448,0.0
3018449,878.6177520751953
3018450,15.75
3018451,1496.0
3018452,1687.5
3018453,359.54076385498047
3018454,416.75
3018455,403.2237548828125
3018456,5310.0
3018457,49.0
3018458,1.5
3018459,38.0
3018460,31.5
3018461,0.0
3018462,334.0
3018463,1.0
3018464,61.75
3018465,6.5
3018466,236.5
3018467,9.0
3018468,1172.2292175292969
3018469,280.0
3018470,27.75
3018471,8.0
3018472,3372.2489013671875
3018473,145.6287498474121
3018474,5498.0980224609375
3018475,3.0
3018476,73.88674736022949
3018477,9.0
3018478,0.0
3018479,9.25
3018480,5123.0
3018481,0.0
3018482,1017.9949951171875
3018483,21.5
3018484,1867.75
3018485,1349.75
3018486,436.1445083618164
3018487,260.0
3018488,563.078483581543
3018489,6746.0
3018490,63.0
3018491,2.25
3018492,76.25
3018493,57.25
3018494,0.0
3018495,435.0
3018496,5.0
3018497,74.75
3018498,10.75
3018499,340.5
3018500,8.0
3018501,941.34375
3018502,360.25
3018503,22.25
3018504,28.5
3018505,717.8045043945312
3018506,188.88325119018555
3018507,5843.86376953125
3018508,2.75
3018509,12.856499910354614
3018510,7.0
3018511,0.0
3018512,1.0
3018513,2272.75
3018514,0.0
3018515,453.01050567626953
3018516,6.0
3018517,1032.75
3018518,503.25
3018519,236.81325149536133
3018520,88.5
3018521,180.63225173950195
3018522,3131.5
3018523,12.0
3018524,0.0
3018525,23.75
3018526,14.75
3018527,0.0
3018528,181.5
3018529,4.25
3018530,12.25
3018531,8.0
3018532,138.75
3018533,1.25
3018534,522.2010040283203
3018535,191.5
3018536,6.0
3018537,5.5
3018538,239.89374542236328
3018539,66.44674777984619
3018540,2041.8876953125
3018541,0.0
3018542,5.75
3018543,5.75
3018544,0.0
3018545,1.5
3018546,3229.5
3018547,0.0
3018548,188.5
3018549,7.5
3018550,928.5
3018551,246.5
3018552,199.8052520751953
3018553,68.75
3018554,30.5
3018555,2828.25
3018556,5.0
3018557,0.25
3018558,12.0
3018559,6.75
3018560,0.0
3018561,192.25
3018562,0.0
3018563,0.0
3018564,3.75
3018565,31.5
3018566,0.25
3018567,45.94174861907959
3018568,167.0
3018569,0.25
3018570,3.25
3018571,69.8752498626709
3018572,64.5
3018573,566.0367431640625
3018574,0.0
3018575,0.0
3018576,4.75
3018577,0.0
3018578,6.0
3018579,3250.5
3018580,0.0
3018581,516.8807373046875
3018582,12.75
3018583,1197.75
3018584,923.75
3018585,374.54676055908203
3018586,167.0
3018587,178.06875228881836
3018588,4464.75
3018589,32.0
3018590,1.0
3018591,40.75
3018592,57.5
3018593,0.0
3018594,292.5
3018595,21.25
3018596,20.0
3018597,10.5
3018598,166.5
3018599,8.0
3018600,662.1322631835938
3018601,287.75
3018602,9.75
3018603,13.75
3018604,667.1892395019531
3018605,108.01599884033203
3018606,2410.5047607421875
3018607,0.0
3018608,51.917250633239746
3018609,5.0
3018610,0.0
3018611,4.25
3018612,3960.0
3018613,0.0
3018614,684.0057373046875
3018615,25.5
3018616,1011.75
3018617,1326.25
3018618,217.7434959411621
3018619,285.25
3018620,278.75
3018621,3947.0
3018622,35.0
3018623,0.75
3018624,23.25
3018625,18.25
3018626,0.75
3018627,198.0
3018628,11.0
3018629,41.25
3018630,5.5
3018631,258.75
3018632,18.75
3018633,842.6224975585938
3018634,204.0
3018635,5.75
3018636,17.0
3018637,816.0874938964844
3018638,148.83200454711914
3018639,4519.750244140625
3018640,0.0
3018641,58.958749771118164
3018642,3.25
3018643,0.75
3018644,12.25
3018645,4559.5
3018646,0.0
3018647,825.9430084228516
3018648,30.25
3018649,1215.75
3018650,1420.0
3018651,311.4207458496094
3018652,312.75
3018653,190.1529998779297
3018654,4978.75
3018655,50.0
3018656,3.0
3018657,38.5
3018658,42.0
3018659,0.0
3018660,316.0
3018661,26.5
3018662,34.75
3018663,25.0
3018664,221.25
3018665,14.25
3018666,796.5569915771484
3018667,326.75
3018668,13.25
3018669,17.75
3018670,867.8330078125
3018671,154.39474868774414
3018672,3949.8072509765625
3018673,1.0
3018674,69.32049942016602
3018675,14.5
3018676,0.0
3018677,5.5
3018678,2977.5
3018679,0.0
3018680,421.5
3018681,11.75
3018682,1469.5
3018683,720.75
3018684,630.7745056152344
3018685,121.5
3018686,103.29875183105469
3018687,5756.9180908203125
3018688,12.5
3018689,0.25
3018690,35.25
3018691,31.25
3018692,0.0
3018693,340.5
3018694,6.75
3018695,2.75
3018696,6.75
3018697,75.25
3018698,4.25
3018699,310.00574493408203
3018700,362.75
3018701,8.75
3018702,6.5
3018703,512.5584945678711
3018704,113.37224960327148
3018705,1361.7214660644531
3018706,103.25
3018707,14.120999813079834
3018708,5.25
3018709,0.0
3018710,3.0
3018711,2110.0
3018712,0.0
3018713,286.19300842285156
3018714,7.5
3018715,498.25
3018716,637.0
3018717,108.79599952697754
3018718,146.0
3018719,139.02425003051758
3018720,2137.0
3018721,13.75
3018722,0.5
3018723,12.75
3018724,26.5
3018725,0.0
3018726,165.75
3018727,13.75
3018728,11.75
3018729,2.5
3018730,119.0
3018731,7.75
3018732,276.42174911499023
3018733,155.5
3018734,4.25
3018735,8.25
3018736,228.82975006103516
3018737,59.770498275756836
3018738,2196.6173095703125
3018739,0.0
3018740,21.250749588012695
3018741,1.75
3018742,0.0
3018743,3.0
3018744,1614.0
3018745,0.0
3018746,111.0
3018747,10.25
3018748,916.25
3018749,295.75
3018750,275.25
3018751,29.0
3018752,52.5
3018753,3216.25
3018754,15.25
3018755,0.0
3018756,15.5
3018757,11.75
3018758,0.0
3018759,217.5
3018760,4.75
3018761,0.0
3018762,1.75
3018763,44.5
3018764,0.75
3018765,163.99074935913086
3018766,193.5
3018767,1.25
3018768,7.5
3018769,144.6525001525879
3018770,35.0
3018771,254.92250061035156
3018772,0.0
3018773,1.25
3018774,10.25
3018775,0.0
3018776,4.0
3018777,4298.0
3018778,0.0
3018779,562.5
3018780,19.75
3018781,1844.25
3018782,597.25
3018783,442.9542541503906
3018784,172.25
3018785,116.6882495880127
3018786,7186.8226318359375
3018787,40.5
3018788,1.75
3018789,39.25
3018790,21.75
3018791,0.0
3018792,401.75
3018793,14.0
3018794,3.0
3018795,11.0
3018796,79.75
3018797,2.25
3018798,603.8087615966797
3018799,347.25
3018800,2.25
3018801,18.5
3018802,394.22974395751953
3018803,97.80049896240234
3018804,1270.4697570800781
3018805,22.0
3018806,14.25
3018807,5.75
3018808,0.0
3018809,0.0
3018810,1850.75
3018811,0.0
3018812,201.0
3018813,6.5
3018814,933.75
3018815,441.25
3018816,197.0
3018817,46.75
3018818,53.0
3018819,3171.0
3018820,9.25
3018821,0.75
3018822,21.25
3018823,20.75
3018824,0.0
3018825,189.25
3018826,11.25
3018827,0.0
3018828,7.75
3018829,81.25
3018830,2.0
3018831,138.1055030822754
3018832,194.75
3018833,1.0
3018834,8.75
3018835,140.22899627685547
3018836,34.0
3018837,387.4202423095703
3018838,0.0
3018839,6.25
3018840,7.75
3018841,0.0
3018842,5.25
3018843,2069.0
3018844,0.0
3018845,134.75
3018846,13.25
3018847,984.5
3018848,368.5
3018849,203.75
3018850,37.75
3018851,49.5
3018852,3375.0
3018853,20.5
3018854,0.0
3018855,27.75
3018856,11.0
3018857,0.0
3018858,199.25
3018859,2.0
3018860,0.0
3018861,1.5
3018862,96.25
3018863,0.0
3018864,190.64925003051758
3018865,218.0
3018866,1.0
3018867,4.0
3018868,138.62574768066406
3018869,21.75
3018870,219.72900390625
3018871,0.0
3018872,3.0
3018873,8.25
3018874,0.0
3018875,2.0
3018876,1729.75
3018877,0.0
3018878,188.0
3018879,11.75
3018880,1474.0
3018881,473.75
3018882,262.0
3018883,43.25
3018884,85.0
3018885,4015.5
3018886,11.5
3018887,0.0
3018888,11.5
3018889,34.75
3018890,0.0
3018891,301.0
3018892,2.5
3018893,0.0
3018894,3.25
3018895,37.25
3018896,2.5
3018897,404.62574768066406
3018898,370.0
3018899,1.25
3018900,6.0
3018901,195.97199630737305
3018902,111.0
3018903,485.6945037841797
3018904,0.75
3018905,10.0
3018906,4.25
3018907,1.0
3018908,2.5
3018909,1704.5
3018910,0.0
3018911,174.75
3018912,2.5
3018913,914.25
3018914,310.5
3018915,241.5
3018916,77.25
3018917,81.5
3018918,2622.25
3018919,6.0
3018920,1.0
3018921,10.5
3018922,19.25
3018923,0.0
3018924,226.75
3018925,4.75
3018926,0.0
3018927,6.0
3018928,39.0
3018929,2.5
3018930,113.5407485961914
3018931,174.25
3018932,1.0
3018933,4.75
3018934,99.37150382995605
3018935,44.0
3018936,566.2900238037109
3018937,0.0
3018938,2.25
3018939,9.0
3018940,0.0
3018941,1.75
3018942,1312.0
3018943,0.0
3018944,148.75
3018945,8.75
3018946,858.75
3018947,286.75
3018948,166.0
3018949,118.5
3018950,80.95974922180176
3018951,2295.75
3018952,1.25
3018953,0.0
3018954,23.75
3018955,17.5
3018956,0.25
3018957,161.5
3018958,0.0
3018959,0.0
3018960,3.25
3018961,69.5
3018962,2.0
3018963,49.356499671936035
3018964,157.5
3018965,1.75
3018966,2.0
3018967,61.278499603271484
3018968,32.75
3018969,482.9452590942383
3018970,0.0
3018971,0.25
3018972,9.0
3018973,0.0
3018974,2.5
3018975,3577.25
3018976,0.0
3018977,314.25
3018978,9.0
3018979,1240.25
3018980,687.25
3018981,525.5
3018982,136.5
3018983,186.0
3018984,5044.0
3018985,26.5
3018986,2.75
3018987,27.0
3018988,30.5
3018989,0.0
3018990,297.5
3018991,0.0
3018992,0.0
3018993,4.5
3018994,107.5
3018995,5.75
3018996,210.76824951171875
3018997,314.5
3018998,2.0
3018999,13.0
3019000,403.77850341796875
3019001,76.0
3019002,1389.6479797363281
3019003,0.25
3019004,19.5
3019005,5.75
3019006,0.0
3019007,6.0
3019008,2794.75
3019009,0.0
3019010,589.75
3019011,12.0
3019012,732.75
3019013,689.75
3019014,249.4332504272461
3019015,214.75
3019016,96.09375
3019017,3173.0584716796875
3019018,11.75
3019019,0.0
3019020,33.25
3019021,23.0
3019022,0.0
3019023,210.0
3019024,13.25
3019025,5.0
3019026,4.0
3019027,97.5
3019028,2.0
3019029,102.64899826049805
3019030,182.25
3019031,4.25
3019032,8.75
3019033,213.55049896240234
3019034,57.42699909210205
3019035,1779.4212951660156
3019036,32.0
3019037,21.54699993133545
3019038,6.5
3019039,0.25
3019040,6.25
3019041,3959.75
3019042,0.0
3019043,274.0
3019044,10.5
3019045,1577.5
3019046,496.75
3019047,393.0
3019048,58.5
3019049,60.0
3019050,5081.75
3019051,55.0
3019052,3.75
3019053,15.5
3019054,23.25
3019055,0.0
3019056,298.0
3019057,14.25
3019058,0.0
3019059,2.75
3019060,89.5
3019061,2.25
3019062,209.87800216674805
3019063,280.25
3019064,1.0
3019065,7.25
3019066,322.8824996948242
3019067,30.0
3019068,601.3619995117188
3019069,0.0
3019070,8.25
3019071,9.75
3019072,0.0
3019073,7.75
3019074,3324.0
3019075,0.0
3019076,668.25
3019077,13.0
3019078,917.25
3019079,884.25
3019080,276.9387435913086
3019081,183.0
3019082,150.6472511291504
3019083,4047.0
3019084,50.5
3019085,1.5
3019086,26.5
3019087,14.75
3019088,0.0
3019089,274.0
3019090,29.5
3019091,28.25
3019092,6.75
3019093,164.25
3019094,13.0
3019095,439.8247375488281
3019096,278.25
3019097,9.25
3019098,8.75
3019099,488.40100860595703
3019100,127.24750328063965
3019101,2410.0025024414062
3019102,0.0
3019103,42.82575035095215
3019104,9.0
3019105,0.0
3019106,6.75
3019107,5439.25
3019108,0.0
3019109,559.5
3019110,14.75
3019111,1802.25
3019112,871.75
3019113,765.0262451171875
3019114,99.5
3019115,155.18474960327148
3019116,7195.25
3019117,14.75
3019118,0.25
3019119,22.75
3019120,15.25
3019121,0.0
3019122,404.5
3019123,1.25
3019124,5.0
3019125,2.75
3019126,104.5
3019127,1.75
3019128,380.38099670410156
3019129,476.75
3019130,6.75
3019131,8.0
3019132,353.6634979248047
3019133,91.39400291442871
3019134,1314.7912902832031
3019135,9.5
3019136,23.453999519348145
3019137,17.75
3019138,0.0
3019139,5.0
3019140,3615.75
3019141,0.0
3019142,465.75
3019143,14.25
3019144,1776.25
3019145,681.25
3019146,362.01500701904297
3019147,280.5
3019148,166.02900314331055
3019149,5030.15966796875
3019150,10.75
3019151,0.25
3019152,53.0
3019153,38.5
3019154,0.25
3019155,404.5
3019156,6.0
3019157,5.0
3019158,9.5
3019159,155.75
3019160,2.5
3019161,109.31199836730957
3019162,360.25
3019163,3.0
3019164,7.75
3019165,202.6557502746582
3019166,166.5714988708496
3019167,1507.6059875488281
3019168,0.0
3019169,11.0
3019170,5.0
3019171,0.0
3019172,2.0
3019173,2026.5
3019174,0.0
3019175,144.5
3019176,10.75
3019177,692.0
3019178,345.25
3019179,149.0
3019180,44.75
3019181,108.64374923706055
3019182,2595.0
3019183,16.5
3019184,1.0
3019185,30.75
3019186,20.75
3019187,0.0
3019188,175.75
3019189,0.25
3019190,0.0
3019191,5.25
3019192,196.75
3019193,3.5
3019194,89.82800102233887
3019195,149.25
3019196,2.75
3019197,6.0
3019198,129.08025360107422
3019199,26.5
3019200,395.48350524902344
3019201,0.25
3019202,1.5
3019203,1.25
3019204,0.0
3019205,2.0
3019206,1590.0
3019207,0.0
3019208,254.65499114990234
3019209,15.5
3019210,541.0
3019211,441.25
3019212,141.66599655151367
3019213,50.0
3019214,84.39374923706055
3019215,2038.75
3019216,24.25
3019217,0.75
3019218,15.75
3019219,11.5
3019220,0.75
3019221,123.0
3019222,15.0
3019223,4.75
3019224,4.25
3019225,90.5
3019226,9.0
3019227,250.79449462890625
3019228,152.25
3019229,2.5
3019230,2.5
3019231,217.66900253295898
3019232,31.417499542236328
3019233,1070.1437072753906
3019234,0.0
3019235,9.25
3019236,3.5
3019237,0.0
3019238,5.25
3019239,4362.25
3019240,0.0
3019241,839.5882263183594
3019242,21.75
3019243,1200.0
3019244,1517.5
3019245,328.1584930419922
3019246,251.25
3019247,220.69050216674805
3019248,4770.0
3019249,46.25
3019250,0.0
3019251,24.75
3019252,35.0
3019253,0.0
3019254,284.5
3019255,11.25
3019256,50.5
3019257,15.25
3019258,163.25
3019259,15.25
3019260,424.45450592041016
3019261,328.25
3019262,22.0
3019263,10.5
3019264,579.3200073242188
3019265,133.5257568359375
3019266,3573.7452392578125
3019267,0.0
3019268,27.356998920440674
3019269,3.5
3019270,0.0
3019271,2.25
3019272,2940.0
3019273,0.0
3019274,469.3470153808594
3019275,14.25
3019276,575.5
3019277,780.25
3019278,189.6780014038086
3019279,165.25
3019280,220.18399810791016
3019281,2364.5
3019282,33.0
3019283,2.5
3019284,17.5
3019285,17.75
3019286,0.0
3019287,143.25
3019288,0.0
3019289,40.5
3019290,10.75
3019291,550.5
3019292,13.75
3019293,215.83050155639648
3019294,138.5
3019295,7.75
3019296,8.25
3019297,206.68375396728516
3019298,49.23250198364258
3019299,1844.2940368652344
3019300,2.75
3019301,5.25
3019302,6.5
3019303,0.0
3019304,0.0
3019305,1089.75
3019306,0.0
3019307,231.25
3019308,9.0
3019309,373.75
3019310,268.75
3019311,102.79950141906738
3019312,38.25
3019313,43.418999671936035
3019314,1651.75
3019315,8.75
3019316,0.75
3019317,11.0
3019318,9.5
3019319,1.0
3019320,95.75
3019321,0.0
3019322,8.25
3019323,1.5
3019324,55.75
3019325,0.25
3019326,275.9727478027344
3019327,138.25
3019328,4.75
3019329,1.75
3019330,167.1767463684082
3019331,28.0
3019332,515.5707626342773
3019333,1.25
3019334,4.75
3019335,11.25
3019336,0.0
3019337,2.75
3019338,3508.0
3019339,0.0
3019340,591.5392303466797
3019341,31.0
3019342,915.25
3019343,1037.75
3019344,315.60198974609375
3019345,255.0
3019346,267.5
3019347,4195.75
3019348,34.0
3019349,1.0
3019350,20.75
3019351,31.75
3019352,0.0
3019353,235.5
3019354,17.5
3019355,64.5
3019356,13.5
3019357,443.5
3019358,4.75
3019359,309.10999298095703
3019360,282.75
3019361,11.75
3019362,13.0
3019363,375.4022445678711
3019364,90.73550033569336
3019365,2770.8115234375
3019366,0.25
3019367,13.551999568939209
3019368,7.0
3019369,0.0
3019370,2.25
3019371,4011.0
3019372,0.0
3019373,681.5
3019374,28.5
3019375,1433.5
3019376,889.75
3019377,362.0992431640625
3019378,214.25
3019379,122.75
3019380,5364.88818359375
3019381,18.75
3019382,0.0
3019383,46.25
3019384,31.25
3019385,0.25
3019386,295.25
3019387,0.0
3019388,7.75
3019389,5.5
3019390,134.5
3019391,2.0
3019392,204.68124771118164
3019393,306.25
3019394,8.25
3019395,7.75
3019396,271.9397506713867
3019397,78.53224754333496
3019398,1700.3977355957031
3019399,4.75
3019400,8.0
3019401,12.25
3019402,0.0
3019403,4.25
3019404,3417.25
3019405,0.0
3019406,701.75
3019407,22.25
3019408,1245.75
3019409,778.25
3019410,282.2427520751953
3019411,196.0
3019412,181.9702491760254
3019413,4561.557067871094
3019414,20.25
3019415,2.75
3019416,24.75
3019417,26.25
3019418,0.0
3019419,275.75
3019420,0.0
3019421,10.25
3019422,10.75
3019423,212.25
3019424,1.25
3019425,115.50050354003906
3019426,266.0
3019427,6.5
3019428,7.0
3019429,184.42024993896484
3019430,75.71525001525879
3019431,1242.3797607421875
3019432,1.0
3019433,7.5
3019434,13.25
3019435,0.25
3019436,18.0
3019437,10410.25
3019438,0.0
3019439,1289.3557434082031
3019440,56.0
3019441,2239.0
3019442,2391.25
3019443,394.64076232910156
3019444,564.5
3019445,487.42999267578125
3019446,8636.25
3019447,98.0
3019448,0.75
3019449,59.5
3019450,49.75
3019451,0.0
3019452,592.5
3019453,54.5
3019454,71.25
3019455,20.5
3019456,364.25
3019457,33.25
3019458,793.0644836425781
3019459,682.5
3019460,25.75
3019461,30.25
3019462,1238.4705200195312
3019463,279.3920135498047
3019464,8366.296630859375
3019465,0.25
3019466,82.26725387573242
3019467,4.25
3019468,0.0
3019469,1.75
3019470,1536.0
3019471,0.0
3019472,176.25
3019473,2.75
3019474,497.5
3019475,277.0
3019476,127.75
3019477,138.75
3019478,84.25
3019479,1930.25
3019480,4.5
3019481,0.0
3019482,11.75
3019483,7.0
3019484,0.0
3019485,155.0
3019486,0.0
3019487,0.0
3019488,2.0
3019489,72.75
3019490,0.5
3019491,66.22550010681152
3019492,100.75
3019493,3.0
3019494,6.0
3019495,126.74474334716797
3019496,18.5
3019497,476.60950469970703
3019498,0.0
3019499,4.5
3019500,11.75
3019501,0.0
3019502,3.5
3019503,3630.0
3019504,0.0
3019505,591.0
3019506,14.75
3019507,1651.0
3019508,749.0
3019509,283.37549591064453
3019510,245.0
3019511,158.8434944152832
3019512,5517.1168212890625
3019513,20.0
3019514,0.0
3019515,23.75
3019516,21.75
3019517,0.0
3019518,328.0
3019519,1.0
3019520,8.0
3019521,8.25
3019522,29.0
3019523,2.75
3019524,368.9290084838867
3019525,324.5
3019526,6.25
3019527,8.75
3019528,160.1704978942871
3019529,89.22900009155273
3019530,1318.1163024902344
3019531,0.25
3019532,9.5
3019533,3.75
3019534,0.0
3019535,2.0
3019536,1283.25
3019537,0.0
3019538,112.75
3019539,3.75
3019540,1080.25
3019541,187.75
3019542,84.75
3019543,110.5
3019544,27.5
3019545,2149.75
3019546,0.5
3019547,0.0
3019548,17.25
3019549,6.25
3019550,0.0
3019551,98.25
3019552,0.0
3019553,0.0
3019554,1.0
3019555,75.5
3019556,0.0
3019557,65.66175079345703
3019558,90.5
3019559,0.25
3019560,1.0
3019561,66.13750171661377
3019562,14.0
3019563,261.8717613220215
3019564,0.0
3019565,5.0
3019566,11.25
3019567,0.0
3019568,3.75
3019569,2154.5
3019570,0.0
3019571,256.25
3019572,13.5
3019573,1034.75
3019574,470.5
3019575,174.0
3019576,143.5
3019577,167.75
3019578,3184.5
3019579,4.0
3019580,0.0
3019581,30.5
3019582,23.75
3019583,0.25
3019584,314.5
3019585,0.0
3019586,0.0
3019587,12.25
3019588,83.25
3019589,1.0
3019590,301.6757583618164
3019591,215.0
3019592,2.0
3019593,6.25
3019594,145.22550201416016
3019595,30.5
3019596,1269.3644409179688
3019597,0.0
3019598,2.0
3019599,3.25
3019600,0.75
3019601,3.75
3019602,2857.5
3019603,0.0
3019604,767.0
3019605,9.0
3019606,987.0
3019607,700.75
3019608,233.25950241088867
3019609,96.25
3019610,71.0
3019611,4797.989990234375
3019612,16.25
3019613,2.25
3019614,37.5
3019615,53.75
3019616,0.0
3019617,245.75
3019618,2.75
3019619,10.5
3019620,3.5
3019621,75.5
3019622,3.25
3019623,183.25
3019624,316.75
3019625,5.5
3019626,4.75
3019627,141.8579978942871
3019628,31.653250694274902
3019629,646.6167449951172
3019630,4.0
3019631,2.5
3019632,3.5
3019633,0.0
3019634,1.75
3019635,1878.5
3019636,0.0
3019637,88.0
3019638,5.75
3019639,536.5
3019640,231.75
3019641,110.25
3019642,183.75
3019643,100.5
3019644,2237.5
3019645,8.5
3019646,0.75
3019647,12.5
3019648,7.25
3019649,0.0
3019650,105.5
3019651,0.0
3019652,0.0
3019653,0.0
3019654,138.5
3019655,1.0
3019656,172.9707489013672
3019657,94.5
3019658,1.75
3019659,1.25
3019660,62.32775020599365
3019661,21.75
3019662,401.53199768066406
3019663,0.0
3019664,0.0
3019665,3.5
3019666,0.0
3019667,1.0
3019668,3853.25
3019669,0.0
3019670,471.25
3019671,18.0
3019672,997.0
3019673,569.75
3019674,211.39649963378906
3019675,165.25
3019676,229.75
3019677,4026.4613647460938
3019678,8.25
3019679,0.25
3019680,30.0
3019681,8.75
3019682,0.0
3019683,236.75
3019684,0.0
3019685,33.5
3019686,3.25
3019687,149.25
3019688,0.75
3019689,205.14149856567383
3019690,250.0
3019691,2.75
3019692,4.5
3019693,114.43750190734863
3019694,52.560248374938965
3019695,1346.4732971191406
3019696,0.75
3019697,3.0
3019698,2.75
3019699,0.0
3019700,11.5
3019701,2920.0
3019702,0.0
3019703,532.3437347412109
3019704,9.5
3019705,988.0
3019706,898.0
3019707,157.7050018310547
3019708,151.5
3019709,106.2040023803711
3019710,3883.25
3019711,57.25
3019712,1.75
3019713,32.25
3019714,28.0
3019715,0.0
3019716,252.0
3019717,25.0
3019718,18.75
3019719,1.5
3019720,143.25
3019721,14.75
3019722,215.75525283813477
3019723,274.25
3019724,13.0
3019725,14.5
3019726,290.4929885864258
3019727,52.01424980163574
3019728,2625.6715698242188
3019729,0.0
3019730,11.627500057220459
3019731,7.75
3019732,0.0
3019733,14.25
3019734,3282.0
3019735,0.0
3019736,512.546989440918
3019737,18.25
3019738,1357.75
3019739,982.0
3019740,183.39324951171875
3019741,128.75
3019742,126.5
3019743,4582.75
3019744,36.75
3019745,1.0
3019746,41.75
3019747,58.25
3019748,0.0
3019749,432.25
3019750,32.75
3019751,25.5
3019752,12.0
3019753,159.5
3019754,18.5
3019755,162.34099960327148
3019756,531.25
3019757,8.5
3019758,15.25
3019759,159.35250091552734
3019760,95.6192512512207
3019761,2156.91845703125
3019762,0.75
3019763,22.757999897003174
3019764,10.0
3019765,0.5
3019766,2.0
3019767,3946.5
3019768,0.0
3019769,756.5
3019770,7.5
3019771,1619.0
3019772,673.0
3019773,223.53775024414062
3019774,308.5
3019775,111.75
3019776,5298.26806640625
3019777,35.5
3019778,2.0
3019779,33.75
3019780,20.75
3019781,0.0
3019782,324.25
3019783,9.5
3019784,13.5
3019785,5.5
3019786,97.25
3019787,4.0
3019788,178.54300689697266
3019789,344.5
3019790,7.5
3019791,15.25
3019792,259.9417495727539
3019793,60.363502502441406
3019794,1708.197265625
3019795,3.75
3019796,18.032750129699707
3019797,5.25
3019798,0.75
3019799,5.75
3019800,2734.5
3019801,0.0
3019802,412.39550018310547
3019803,13.5
3019804,886.75
3019805,855.25
3019806,214.35499572753906
3019807,157.0
3019808,132.28874969482422
3019809,3746.75
3019810,33.75
3019811,1.5
3019812,16.5
3019813,14.75
3019814,0.0
3019815,284.75
3019816,21.5
3019817,22.75
3019818,2.25
3019819,165.75
3019820,9.0
3019821,360.19750213623047
3019822,277.25
3019823,8.0
3019824,11.0
3019825,432.0280075073242
3019826,66.25299835205078
3019827,2456.9190063476562
3019828,0.0
3019829,27.335000038146973
3019830,7.25
3019831,0.0
3019832,5.5
3019833,5357.0
3019834,0.0
3019835,440.5
3019836,20.0
3019837,2313.0
3019838,697.25
3019839,273.25
3019840,187.0
3019841,102.60524940490723
3019842,8550.5
3019843,12.25
3019844,1.25
3019845,37.5
3019846,26.0
3019847,0.0
3019848,424.25
3019849,0.0
3019850,0.25
3019851,11.25
3019852,101.75
3019853,2.5
3019854,160.89300537109375
3019855,342.0
3019856,4.0
3019857,12.25
3019858,173.35750198364258
3019859,70.75
3019860,1108.2145385742188
3019861,0.0
3019862,7.5
3019863,9.25
3019864,0.0
3019865,7.5
3019866,3033.75
3019867,0.0
3019868,561.9275054931641
3019869,15.25
3019870,1113.25
3019871,810.75
3019872,242.92625045776367
3019873,158.0
3019874,222.31024551391602
3019875,4589.75
3019876,59.0
3019877,1.0
3019878,31.5
3019879,37.25
3019880,0.0
3019881,277.0
3019882,24.75
3019883,20.5
3019884,12.25
3019885,193.5
3019886,15.25
3019887,254.52249908447266
3019888,393.75
3019889,13.25
3019890,8.75
3019891,205.39325332641602
3019892,71.89599990844727
3019893,2108.4754638671875
3019894,0.0
3019895,8.0
3019896,5.25
3019897,0.0
3019898,4.25
3019899,3046.75
3019900,0.0
3019901,547.677734375
3019902,14.0
3019903,832.5
3019904,907.25
3019905,201.40874481201172
3019906,157.25
3019907,121.99074935913086
3019908,3501.5
3019909,35.25
3019910,1.0
3019911,33.25
3019912,23.5
3019913,0.0
3019914,248.5
3019915,25.25
3019916,59.5
3019917,7.0
3019918,106.25
3019919,10.75
3019920,271.73724365234375
3019921,242.0
3019922,9.25
3019923,9.75
3019924,259.0340118408203
3019925,59.48724842071533
3019926,2479.5805053710938
3019927,0.0
3019928,12.473999977111816
3019929,9.0
3019930,0.0
3019931,4.25
3019932,5014.5
3019933,0.0
3019934,566.75
3019935,19.75
3019936,1254.0
3019937,649.25
3019938,300.9082565307617
3019939,205.5
3019940,116.39049911499023
3019941,4771.732421875
3019942,10.0
3019943,0.0
3019944,20.25
3019945,26.75
3019946,0.0
3019947,243.75
3019948,0.0
3019949,8.75
3019950,3.25
3019951,152.25
3019952,3.0
3019953,192.87224578857422
3019954,283.5
3019955,4.0
3019956,2.5
3019957,216.65799713134766
3019958,93.13949775695801
3019959,1160.9874877929688
3019960,1.75
3019961,0.0
3019962,14.75
3019963,0.0
3019964,26.25
3019965,13103.25
3019966,0.0
3019967,1926.241455078125
3019968,26.25
3019969,3021.0
3019970,3248.25
3019971,709.125
3019972,771.5
3019973,626.7082366943359
3019974,12461.0
3019975,103.0
3019976,4.75
3019977,127.5
3019978,154.75
3019979,0.0
3019980,876.5
3019981,37.75
3019982,44.75
3019983,42.25
3019984,557.0
3019985,35.0
3019986,1107.59423828125
3019987,856.75
3019988,52.0
3019989,40.5
3019990,1397.5012512207031
3019991,296.1437454223633
3019992,10654.09912109375
3019993,460.5
3019994,117.61199951171875
3019995,18.75
3019996,0.0
3019997,14.25
3019998,11686.75
3019999,0.0
3020000,1421.511474609375
3020001,37.25
3020002,3222.5
3020003,2635.5
3020004,883.2587585449219
3020005,468.5
3020006,469.6834945678711
3020007,13381.5
3020008,186.5
3020009,2.0
3020010,105.0
3020011,111.25
3020012,0.75
3020013,891.25
3020014,38.25
3020015,46.5
3020016,4.25
3020017,388.25
3020018,26.25
3020019,1398.1062316894531
3020020,948.0
3020021,36.75
3020022,36.75
3020023,1598.8519592285156
3020024,290.6582489013672
3020025,7172.9051513671875
3020026,418.5
3020027,105.18474960327148
3020028,22.75
3020029,0.0
3020030,26.25
3020031,8623.25
3020032,0.0
3020033,1178.25
3020034,25.25
3020035,3273.75
3020036,2091.0
3020037,1101.3104553222656
3020038,234.5
3020039,357.4280090332031
3020040,13011.25
3020041,67.25
3020042,3.5
3020043,57.5
3020044,28.75
3020045,0.0
3020046,948.75
3020047,48.5
3020048,40.0
3020049,12.5
3020050,230.25
3020051,13.75
3020052,1037.1849975585938
3020053,1097.25
3020054,31.75
3020055,70.5
3020056,1037.8387451171875
3020057,167.67875289916992
3020058,3640.0288696289062
3020059,511.75
3020060,81.81125354766846
3020061,21.0
3020062,0.0
3020063,27.0
3020064,12555.5
3020065,0.0
3020066,1247.6394653320312
3020067,38.0
3020068,2974.5
3020069,2595.25
3020070,871.9104766845703
3020071,432.75
3020072,368.7080078125
3020073,12644.0
3020074,67.25
3020075,1.5
3020076,85.25
3020077,99.5
3020078,1.5
3020079,869.25
3020080,26.5
3020081,34.75
3020082,6.5
3020083,338.0
3020084,20.0
3020085,1029.62744140625
3020086,1035.25
3020087,40.25
3020088,43.0
3020089,1342.4077758789062
3020090,297.3887481689453
3020091,6379.0067138671875
3020092,419.25
3020093,83.65999984741211
3020094,18.75
3020095,0.0
3020096,31.0
3020097,6778.25
3020098,0.0
3020099,978.25
3020100,21.25
3020101,2925.75
3020102,1646.5
3020103,815.6469879150391
3020104,160.0
3020105,262.89725494384766
3020106,10943.0
3020107,64.0
3020108,0.0
3020109,45.0
3020110,39.75
3020111,0.0
3020112,804.25
3020113,43.0
3020114,15.0
3020115,2.25
3020116,215.0
3020117,10.0
3020118,989.3464965820312
3020119,1012.25
3020120,24.5
3020121,36.25
3020122,1126.6737060546875
3020123,123.50499725341797
3020124,2492.2139892578125
3020125,347.75
3020126,30.225751399993896
3020127,9.0
3020128,0.0
3020129,13.0
3020130,7617.25
3020131,0.0
3020132,1133.8297729492188
3020133,23.25
3020134,1902.0
3020135,2227.0
3020136,490.1077575683594
3020137,479.25
3020138,362.6062545776367
3020139,7894.75
3020140,66.75
3020141,2.0
3020142,46.25
3020143,64.75
3020144,0.0
3020145,558.25
3020146,19.0
3020147,33.25
3020148,6.5
3020149,396.25
3020150,20.75
3020151,800.3382415771484
3020152,588.75
3020153,26.75
3020154,38.5
3020155,1073.2572937011719
3020156,221.7852554321289
3020157,7147.1649169921875
3020158,316.75
3020159,76.38674736022949
3020160,5.0
3020161,0.75
3020162,8.75
3020163,2165.25
3020164,0.0
3020165,341.6507568359375
3020166,29.75
3020167,984.25
3020168,555.0
3020169,239.93949508666992
3020170,84.75
3020171,163.53350448608398
3020172,3314.75
3020173,56.0
3020174,1.5
3020175,32.75
3020176,17.25
3020177,0.0
3020178,224.0
3020179,12.25
3020180,11.25
3020181,10.5
3020182,115.75
3020183,8.75
3020184,249.10549545288086
3020185,267.0
3020186,2.75
3020187,6.25
3020188,251.75925064086914
3020189,58.09249973297119
3020190,1600.8034973144531
3020191,1.5
3020192,7.094500184059143
3020193,11.75
3020194,0.0
3020195,21.5
3020196,6192.0
3020197,0.0
3020198,690.6707611083984
3020199,44.5
3020200,2331.25
3020201,1391.75
3020202,616.4729919433594
3020203,151.25
3020204,203.35649871826172
3020205,8855.5
3020206,136.75
3020207,2.25
3020208,77.5
3020209,41.75
3020210,0.0
3020211,589.25
3020212,38.25
3020213,13.0
3020214,7.5
3020215,202.25
3020216,15.0
3020217,642.9522552490234
3020218,782.75
3020219,24.25
3020220,34.5
3020221,454.99976348876953
3020222,102.54474639892578
3020223,2457.9362182617188
3020224,277.5
3020225,21.30150079727173
3020226,7.75
3020227,0.0
3020228,6.5
3020229,5598.25
3020230,0.0
3020231,1000.4532623291016
3020232,12.25
3020233,1670.5
3020234,1668.0
3020235,287.43475341796875
3020236,346.75
3020237,429.53751373291016
3020238,5653.75
3020239,59.25
3020240,2.0
3020241,73.5
3020242,45.5
3020243,0.0
3020244,412.75
3020245,1.75
3020246,57.25
3020247,5.25
3020248,307.25
3020249,12.75
3020250,640.5917205810547
3020251,345.0
3020252,18.75
3020253,13.0
3020254,673.9014739990234
3020255,130.01800155639648
3020256,5583.987548828125
3020257,4.0
3020258,53.617499351501465
3020259,14.5
3020260,0.0
3020261,10.25
3020262,5299.0
3020263,0.0
3020264,927.6042633056641
3020265,13.0
3020266,1925.75
3020267,1262.25
3020268,449.6600112915039
3020269,224.75
3020270,508.156005859375
3020271,7222.0
3020272,47.5
3020273,5.0
3020274,75.25
3020275,44.0
3020276,0.25
3020277,478.75
3020278,14.5
3020279,85.0
3020280,12.0
3020281,444.5
3020282,13.5
3020283,533.1862640380859
3020284,445.0
3020285,17.25
3020286,30.5
3020287,534.9212341308594
3020288,117.35599899291992
3020289,5313.0928955078125
3020290,2.5
3020291,11.048249959945679
3020292,13.75
3020293,0.0
3020294,4.75
3020295,2635.75
3020296,0.0
3020297,527.786994934082
3020298,11.0
3020299,1064.0
3020300,595.5
3020301,270.0277557373047
3020302,101.75
3020303,252.9524917602539
3020304,3729.75
3020305,23.5
3020306,1.0
3020307,48.5
3020308,22.75
3020309,0.0
3020310,245.25
3020311,5.5
3020312,18.5
3020313,12.0
3020314,238.25
3020315,3.0
3020316,349.8800048828125
3020317,304.75
3020318,7.0
3020319,11.25
3020320,225.7545051574707
3020321,79.4889965057373
3020322,2341.441650390625
3020323,0.0
3020324,2.0
3020325,10.75
3020326,0.0
3020327,3.0
3020328,2643.5
3020329,0.0
3020330,198.0
3020331,6.75
3020332,1069.25
3020333,252.0
3020334,225.75599670410156
3020335,59.5
3020336,53.5
3020337,3757.0
3020338,8.0
3020339,1.0
3020340,33.5
3020341,11.5
3020342,0.0
3020343,237.75
3020344,0.0
3020345,0.0
3020346,6.5
3020347,46.25
3020348,2.25
3020349,52.4607515335083
3020350,172.75
3020351,0.0
3020352,3.5
3020353,84.6397476196289
3020354,81.0
3020355,691.2657318115234
3020356,0.0
3020357,3.0
3020358,7.25
3020359,0.0
3020360,5.75
3020361,4259.25
3020362,0.0
3020363,630.9332733154297
3020364,13.0
3020365,1386.5
3020366,1054.0
3020367,363.3179931640625
3020368,210.5
3020369,244.27225494384766
3020370,5492.0
3020371,44.75
3020372,1.0
3020373,30.25
3020374,50.5
3020375,0.0
3020376,367.75
3020377,29.5
3020378,25.75
3020379,11.75
3020380,197.75
3020381,10.0
3020382,494.87899017333984
3020383,339.25
3020384,12.25
3020385,13.75
3020386,596.7537689208984
3020387,125.24374961853027
3020388,2653.61474609375
3020389,0.0
3020390,35.64974880218506
3020391,5.5
3020392,0.0
3020393,3.0
3020394,3671.75
3020395,0.0
3020396,570.8642578125
3020397,21.0
3020398,771.25
3020399,1147.5
3020400,177.48150253295898
3020401,239.25
3020402,297.25
3020403,3251.75
3020404,37.0
3020405,2.75
3020406,25.5
3020407,19.75
3020408,0.25
3020409,206.75
3020410,17.0
3020411,64.0
3020412,6.75
3020413,272.75
3020414,11.25
3020415,401.48876190185547
3020416,200.25
3020417,4.75
3020418,20.0
3020419,560.7470092773438
3020420,128.83649826049805
3020421,4244.806396484375
3020422,0.0
3020423,39.63924980163574
3020424,8.75
3020425,0.0
3020426,19.75
3020427,6134.75
3020428,0.0
3020429,831.2899932861328
3020430,21.5
3020431,1407.0
3020432,1735.75
3020433,345.8655090332031
3020434,397.25
3020435,210.7670021057129
3020436,6050.5
3020437,44.25
3020438,3.0
3020439,49.0
3020440,54.25
3020441,0.0
3020442,457.0
3020443,43.25
3020444,47.5
3020445,18.5
3020446,211.75
3020447,30.0
3020448,515.9160003662109
3020449,406.75
3020450,24.0
3020451,26.5
3020452,720.8210144042969
3020453,169.00449752807617
3020454,5497.096923828125
3020455,0.0
3020456,41.98425006866455
3020457,15.5
3020458,0.0
3020459,9.5
3020460,4280.25
3020461,0.0
3020462,562.0
3020463,26.5
3020464,1845.5
3020465,949.5
3020466,565.989501953125
3020467,175.75
3020468,142.083251953125
3020469,7567.816650390625
3020470,19.0
3020471,2.75
3020472,56.25
3020473,56.75
3020474,0.0
3020475,435.75
3020476,13.5
3020477,4.75
3020478,7.0
3020479,114.75
3020480,2.0
3020481,357.3125
3020482,508.25
3020483,7.75
3020484,9.5
3020485,441.12550354003906
3020486,146.91925048828125
3020487,1747.3902282714844
3020488,108.75
3020489,18.12325096130371
3020490,1.0
3020491,0.0
3020492,2.0
3020493,982.0
3020494,0.0
3020495,142.23649978637695
3020496,0.75
3020497,234.25
3020498,313.0
3020499,52.66450119018555
3020500,64.0
3020501,42.5
3020502,1040.25
3020503,8.0
3020504,0.75
3020505,3.0
3020506,8.0
3020507,0.0
3020508,82.25
3020509,5.75
3020510,9.75
3020511,2.5
3020512,38.0
3020513,3.75
3020514,122.94999885559082
3020515,65.0
3020516,3.0
3020517,1.5
3020518,116.26425170898438
3020519,38.10924816131592
3020520,1065.2610168457031
3020521,0.0
3020522,11.522250175476074
3020523,0.5
3020524,0.0
3020525,2.75
3020526,1556.0
3020527,0.0
3020528,117.0
3020529,4.25
3020530,884.25
3020531,276.75
3020532,278.75
3020533,58.25
3020534,41.5
3020535,2802.75
3020536,5.75
3020537,0.0
3020538,12.5
3020539,10.5
3020540,0.0
3020541,177.0
3020542,6.0
3020543,0.0
3020544,3.25
3020545,13.0
3020546,0.75
3020547,179.26224899291992
3020548,205.25
3020549,0.75
3020550,3.0
3020551,202.7015037536621
3020552,20.75
3020553,281.4622573852539
3020554,0.0
3020555,0.75
3020556,7.0
3020557,0.0
3020558,4.25
3020559,4751.5
3020560,0.0
3020561,721.75
3020562,9.0
3020563,1992.25
3020564,792.5
3020565,530.7834777832031
3020566,283.25
3020567,118.75
3020568,8392.486450195312
3020569,22.5
3020570,0.25
3020571,36.0
3020572,25.0
3020573,0.25
3020574,468.75
3020575,11.25
3020576,3.0
3020577,7.0
3020578,20.25
3020579,3.25
3020580,685.8547515869141
3020581,441.0
3020582,4.5
3020583,14.5
3020584,487.0159912109375
3020585,79.17325210571289
3020586,1510.7315368652344
3020587,12.75
3020588,13.75
3020589,7.5
3020590,0.0
3020591,1.0
3020592,1905.25
3020593,0.0
3020594,222.25
3020595,13.0
3020596,858.75
3020597,438.5
3020598,215.75
3020599,56.25
3020600,31.5
3020601,3203.25
3020602,9.5
3020603,0.25
3020604,14.25
3020605,25.0
3020606,0.25
3020607,180.5
3020608,8.0
3020609,0.0
3020610,3.75
3020611,30.0
3020612,1.0
3020613,150.58124923706055
3020614,214.0
3020615,3.0
3020616,6.5
3020617,167.53850173950195
3020618,25.25
3020619,372.6362533569336
3020620,0.0
3020621,2.0
3020622,2.75
3020623,0.0
3020624,3.75
3020625,1495.75
3020626,0.0
3020627,140.5
3020628,9.5
3020629,694.75
3020630,251.25
3020631,162.0
3020632,56.75
3020633,24.75
3020634,2363.0
3020635,18.75
3020636,0.0
3020637,16.0
3020638,9.75
3020639,0.0
3020640,142.0
3020641,1.75
3020642,0.0
3020643,3.5
3020644,17.0
3020645,1.0
3020646,115.36650276184082
3020647,164.75
3020648,0.25
3020649,7.25
3020650,98.68575096130371
3020651,27.25
3020652,170.71100234985352
3020653,0.0
3020654,1.25
3020655,3.75
3020656,0.0
3020657,2.25
3020658,1926.5
3020659,0.0
3020660,144.75
3020661,5.25
3020662,809.75
3020663,302.5
3020664,193.25
3020665,44.75
3020666,32.0
3020667,2538.75
3020668,3.25
3020669,0.25
3020670,8.0
3020671,11.75
3020672,0.0
3020673,147.75
3020674,0.25
3020675,0.0
3020676,0.5
3020677,14.5
3020678,3.25
3020679,214.88825225830078
3020680,171.25
3020681,2.0
3020682,4.5
3020683,69.18599891662598
3020684,59.5
3020685,371.8737564086914
3020686,0.0
3020687,3.5
3020688,6.5
3020689,0.0
3020690,4.5
3020691,1351.0
3020692,0.0
3020693,147.0
3020694,2.5
3020695,712.75
3020696,230.25
3020697,193.0
3020698,73.5
3020699,54.75
3020700,2353.75
3020701,1.5
3020702,1.0
3020703,13.0
3020704,14.25
3020705,0.0
3020706,177.0
3020707,6.25
3020708,0.0
3020709,1.75
3020710,11.25
3020711,1.75
3020712,83.8272476196289
3020713,158.0
3020714,1.75
3020715,4.25
3020716,87.68624877929688
3020717,34.25
3020718,467.07825469970703
3020719,0.0
3020720,2.0
3020721,4.5
3020722,0.0
3020723,3.0
3020724,1750.5
3020725,0.0
3020726,223.75
3020727,4.75
3020728,934.25
3020729,394.75
3020730,244.0
3020731,182.5
3020732,36.0
3020733,3021.0
3020734,2.5
3020735,0.75
3020736,16.25
3020737,23.0
3020738,0.0
3020739,236.0
3020740,0.0
3020741,0.0
3020742,2.5
3020743,25.0
3020744,0.5
3020745,71.42450141906738
3020746,205.0
3020747,1.0
3020748,4.0
3020749,73.43474960327148
3020750,49.5
3020751,622.3554840087891
3020752,0.0
3020753,1.75
3020754,6.0
3020755,1.0
3020756,2.5
3020757,4235.25
3020758,0.0
3020759,502.0
3020760,6.75
3020761,1533.0
3020762,953.25
3020763,589.5
3020764,251.75
3020765,137.75
3020766,5952.75
3020767,18.75
3020768,3.5
3020769,33.0
3020770,36.75
3020771,0.0
3020772,429.75
3020773,0.25
3020774,0.0
3020775,5.5
3020776,54.25
3020777,3.25
3020778,294.52750396728516
3020779,386.75
3020780,2.25
3020781,13.25
3020782,479.6757354736328
3020783,70.0
3020784,1871.4142761230469
3020785,0.0
3020786,22.75
3020787,5.5
3020788,0.0
3020789,8.25
3020790,3006.5
3020791,0.0
3020792,785.0
3020793,6.75
3020794,807.25
3020795,807.25
3020796,250.26074981689453
3020797,251.5
3020798,86.0
3020799,3549.435791015625
3020800,18.75
3020801,2.25
3020802,29.0
3020803,20.75
3020804,0.0
3020805,280.25
3020806,17.75
3020807,4.0
3020808,7.0
3020809,39.5
3020810,2.25
3020811,132.92799758911133
3020812,206.25
3020813,7.75
3020814,11.0
3020815,275.8679962158203
3020816,69.25724792480469
3020817,2175.986328125
3020818,54.0
3020819,20.17300033569336
3020820,8.25
3020821,0.25
3020822,3.75
3020823,2214.5
3020824,0.0
3020825,186.75
3020826,2.75
3020827,829.5
3020828,355.25
3020829,306.75
3020830,75.0
3020831,46.61625003814697
3020832,3173.75
3020833,9.75
3020834,1.0
3020835,13.0
3020836,15.75
3020837,0.0
3020838,169.5
3020839,10.25
3020840,0.0
3020841,2.75
3020842,22.5
3020843,2.75
3020844,139.95275115966797
3020845,208.0
3020846,3.25
3020847,5.75
3020848,71.17250061035156
3020849,28.25
3020850,463.6082534790039
3020851,0.0
3020852,1.75
3020853,10.25
3020854,0.0
3020855,9.75
3020856,3722.75
3020857,0.0
3020858,749.0
3020859,9.75
3020860,1017.0
3020861,1029.25
3020862,254.47975158691406
3020863,240.25
3020864,125.5
3020865,4736.5
3020866,50.0
3020867,1.0
3020868,30.75
3020869,31.75
3020870,0.0
3020871,335.25
3020872,40.25
3020873,25.25
3020874,5.0
3020875,82.25
3020876,11.0
3020877,383.27074432373047
3020878,347.25
3020879,9.25
3020880,10.0
3020881,558.8420257568359
3020882,108.61025428771973
3020883,2881.892333984375
3020884,0.0
3020885,47.39324951171875
3020886,11.25
3020887,0.0
3020888,9.75
3020889,5941.0
3020890,0.0
3020891,972.25
3020892,12.0
3020893,2166.5
3020894,1262.75
3020895,1016.0527801513672
3020896,175.75
3020897,102.38874816894531
3020898,9278.57421875
3020899,15.25
3020900,1.0
3020901,26.5
3020902,33.25
3020903,0.0
3020904,589.5
3020905,4.75
3020906,10.0
3020907,4.75
3020908,57.75
3020909,3.5
3020910,480.8954849243164
3020911,745.75
3020912,4.75
3020913,13.25
3020914,561.1874847412109
3020915,124.28924560546875
3020916,1757.9902038574219
3020917,85.25
3020918,19.433249950408936
3020919,20.5
3020920,1.5
3020921,10.75
3020922,4897.75
3020923,0.0
3020924,810.0
3020925,4.75
3020926,2101.0
3020927,1099.25
3020928,536.8142547607422
3020929,385.25
3020930,85.00549697875977
3020931,7081.73388671875
3020932,29.75
3020933,0.0
3020934,52.5
3020935,52.5
3020936,0.25
3020937,575.5
3020938,11.5
3020939,4.0
3020940,19.0
3020941,53.25
3020942,3.5
3020943,204.3942527770996
3020944,535.25
3020945,4.5
3020946,9.0
3020947,262.8007507324219
3020948,214.59524536132812
3020949,2034.4853210449219
3020950,0.5
3020951,6.75
3020952,7.5
3020953,0.0
3020954,2.5
3020955,1869.5
3020956,0.0
3020957,142.75
3020958,9.5
3020959,696.5
3020960,348.0
3020961,173.25
3020962,39.5
3020963,41.75
3020964,2552.75
3020965,6.25
3020966,1.5
3020967,17.5
3020968,19.75
3020969,0.0
3020970,203.5
3020971,0.5
3020972,0.0
3020973,3.5
3020974,28.75
3020975,5.25
3020976,149.31624221801758
3020977,169.25
3020978,1.0
3020979,7.0
3020980,160.12949752807617
3020981,34.75
3020982,474.26324462890625
3020983,0.75
3020984,1.75
3020985,2.5
3020986,0.0
3020987,1.5
3020988,1767.0
3020989,0.0
3020990,235.19924545288086
3020991,8.5
3020992,575.25
3020993,556.0
3020994,133.82525253295898
3020995,50.25
3020996,67.11450004577637
3020997,2056.0
3020998,17.75
3020999,0.0
3021000,15.25
3021001,9.75
3021002,0.0
3021003,158.25
3021004,16.75
3021005,3.5
3021006,1.0
3021007,35.25
3021008,5.5
3021009,1012.2990264892578
3021010,185.75
3021011,5.25
3021012,7.5
3021013,314.8290100097656
3021014,34.81575012207031
3021015,1167.0480041503906
3021016,0.0
3021017,6.92074990272522
3021018,4.25
3021019,0.0
3021020,6.25
3021021,3759.75
3021022,0.0
3021023,797.8269958496094
3021024,9.5
3021025,1029.0
3021026,1307.0
3021027,256.6174964904785
3021028,236.75
3021029,129.19800567626953
3021030,3876.75
3021031,38.75
3021032,1.0
3021033,22.75
3021034,33.75
3021035,0.0
3021036,268.5
3021037,17.25
3021038,30.5
3021039,7.75
3021040,60.5
3021041,12.5
3021042,344.5187454223633
3021043,324.75
3021044,22.0
3021045,10.0
3021046,492.08748626708984
3021047,110.99274635314941
3021048,3380.4649047851562
3021049,0.0
3021050,18.737500190734863
3021051,3.5
3021052,0.0
3021053,5.25
3021054,2241.5
3021055,0.0
3021056,406.89849853515625
3021057,6.75
3021058,456.5
3021059,610.0
3021060,158.7549934387207
3021061,117.5
3021062,95.23249816894531
3021063,1994.25
3021064,23.5
3021065,2.5
3021066,18.0
3021067,19.0
3021068,0.0
3021069,108.25
3021070,0.0
3021071,21.0
3021072,6.75
3021073,137.5
3021074,8.25
3021075,170.98699569702148
3021076,129.0
3021077,5.25
3021078,10.0
3021079,178.96850204467773
3021080,46.643001556396484
3021081,1480.9722900390625
3021082,3.25
3021083,5.0
3021084,5.75
3021085,0.0
3021086,0.25
3021087,1369.75
3021088,0.0
3021089,287.25
3021090,8.0
3021091,513.0
3021092,406.75
3021093,134.91900444030762
3021094,57.0
3021095,49.15325164794922
3021096,2146.25
3021097,10.25
3021098,1.0
3021099,15.0
3021100,14.5
3021101,0.25
3021102,126.0
3021103,0.25
3021104,11.75
3021105,1.0
3021106,21.75
3021107,0.0
3021108,344.5475082397461
3021109,169.25
3021110,2.0
3021111,1.75
3021112,194.96949768066406
3021113,34.5
3021114,598.3972625732422
3021115,0.0
3021116,4.5
3021117,15.5
3021118,0.0
3021119,6.0
3021120,5001.75
3021121,0.75
3021122,978.5682220458984
3021123,13.25
3021124,1076.25
3021125,1596.75
3021126,435.57450103759766
3021127,347.75
3021128,162.16899871826172
3021129,5707.5
3021130,46.0
3021131,4.0
3021132,29.25
3021133,38.0
3021134,0.0
3021135,317.0
3021136,15.5
3021137,56.25
3021138,12.5
3021139,168.5
3021140,5.5
3021141,355.468505859375
3021142,365.75
3021143,15.75
3021144,13.75
3021145,548.9770202636719
3021146,127.10649681091309
3021147,3634.2674560546875
3021148,3.0
3021149,22.28724956512451
3021150,8.75
3021151,0.0
3021152,5.5
3021153,5651.0
3021154,0.0
3021155,1072.5
3021156,15.0
3021157,1826.0
3021158,1484.25
3021159,607.6405029296875
3021160,389.0
3021161,93.25
3021162,8887.85546875
3021163,24.25
3021164,2.0
3021165,38.25
3021166,25.5
3021167,0.0
3021168,431.75
3021169,0.0
3021170,4.0
3021171,11.0
3021172,52.0
3021173,1.0
3021174,248.4032440185547
3021175,462.75
3021176,7.0
3021177,10.0
3021178,340.5327453613281
3021179,120.35574722290039
3021180,2265.2310485839844
3021181,5.5
3021182,8.0
3021183,6.75
3021184,0.75
3021185,4.75
3021186,5321.25
3021187,0.0
3021188,1189.75
3021189,10.75
3021190,1525.5
3021191,1265.25
3021192,443.91651153564453
3021193,289.75
3021194,112.69300270080566
3021195,6271.7718505859375
3021196,36.75
3021197,1.75
3021198,30.0
3021199,30.5
3021200,0.0
3021201,402.0
3021202,0.0
3021203,10.25
3021204,8.5
3021205,83.0
3021206,2.25
3021207,156.97100067138672
3021208,371.75
3021209,7.0
3021210,8.5
3021211,263.4252510070801
3021212,96.67249870300293
3021213,1544.041015625
3021214,1.75
3021215,11.0
3021216,15.25
3021217,2.25
3021218,24.5
3021219,10828.5
3021220,0.0
3021221,1426.0012817382812
3021222,25.25
3021223,2279.5
3021224,2611.0
3021225,424.50726318359375
3021226,631.75
3021227,429.23624420166016
3021228,9676.25
3021229,89.0
3021230,2.25
3021231,66.75
3021232,72.75
3021233,0.0
3021234,688.5
3021235,71.5
3021236,61.0
3021237,26.0
3021238,216.0
3021239,33.0
3021240,859.5140228271484
3021241,817.75
3021242,26.25
3021243,36.25
3021244,1358.9509887695312
3021245,315.03649139404297
3021246,9083.7578125
3021247,1.75
3021248,101.58150100708008
3021249,1.25
3021250,0.0
3021251,0.25
3021252,1825.25
3021253,0.0
3021254,221.0
3021255,9.0
3021256,568.5
3021257,341.5
3021258,125.25
3021259,176.75
3021260,46.0
3021261,1995.0
3021262,11.25
3021263,1.0
3021264,19.75
3021265,10.5
3021266,0.25
3021267,117.5
3021268,2.25
3021269,0.0
3021270,2.75
3021271,38.75
3021272,0.75
3021273,56.82175159454346
3021274,95.5
3021275,1.25
3021276,5.5
3021277,129.03425407409668
3021278,28.0
3021279,598.8297500610352
3021280,0.0
3021281,4.5
3021282,9.5
3021283,0.0
3021284,2.5
3021285,4863.5
3021286,0.0
3021287,808.25
3021288,6.75
3021289,1866.0
3021290,1086.5
3021291,326.7749938964844
3021292,414.25
3021293,61.060001373291016
3021294,6245.177734375
3021295,16.0
3021296,0.25
3021297,40.75
3021298,30.25
3021299,0.0
3021300,431.5
3021301,2.0
3021302,6.75
3021303,11.75
3021304,14.25
3021305,2.5
3021306,451.6432571411133
3021307,466.5
3021308,4.75
3021309,8.75
3021310,152.68649673461914
3021311,111.54125022888184
3021312,1545.904541015625
3021313,4.5
3021314,5.5
3021315,1.25
3021316,0.0
3021317,1.0
3021318,1245.75
3021319,0.0
3021320,180.25
3021321,3.0
3021322,477.25
3021323,250.5
3021324,120.0
3021325,134.5
3021326,23.25
3021327,2009.75
3021328,1.0
3021329,0.0
3021330,9.0
3021331,2.5
3021332,0.0
3021333,96.5
3021334,0.0
3021335,0.0
3021336,0.0
3021337,36.5
3021338,0.75
3021339,71.44049644470215
3021340,97.0
3021341,0.0
3021342,1.5
3021343,68.62174797058105
3021344,12.75
3021345,240.0639991760254
3021346,0.0
3021347,2.0
3021348,11.75
3021349,0.0
3021350,5.25
3021351,2648.5
3021352,0.0
3021353,335.25
3021354,6.0
3021355,1239.25
3021356,571.25
3021357,203.5
3021358,147.0
3021359,44.977251052856445
3021360,3723.0
3021361,6.75
3021362,1.0
3021363,31.0
3021364,30.75
3021365,0.0
3021366,303.5
3021367,0.0
3021368,0.0
3021369,16.25
3021370,26.5
3021371,1.25
3021372,333.20874786376953
3021373,308.5
3021374,2.5
3021375,4.0
3021376,251.0620002746582
3021377,29.25
3021378,1424.9222717285156
3021379,0.0
3021380,1.25
3021381,3.75
3021382,0.0
3021383,1.5
3021384,2936.0
3021385,0.0
3021386,695.75
3021387,4.25
3021388,815.5
3021389,665.5
3021390,238.28275299072266
3021391,129.5
3021392,63.5
3021393,4815.6015625
3021394,7.5
3021395,1.75
3021396,40.0
3021397,36.5
3021398,0.0
3021399,199.0
3021400,2.75
3021401,4.5
3021402,2.5
3021403,24.75
3021404,2.0
3021405,182.5402488708496
3021406,242.75
3021407,2.0
3021408,9.0
3021409,154.88000106811523
3021410,25.0
3021411,633.7310028076172
3021412,6.75
3021413,1.25
3021414,5.25
3021415,0.0
3021416,1.0
3021417,1761.0
3021418,0.0
3021419,148.5
3021420,1.25
3021421,539.5
3021422,230.5
3021423,104.5
3021424,174.75
3021425,51.0
3021426,2227.25
3021427,15.0
3021428,0.0
3021429,13.25
3021430,9.5
3021431,0.0
3021432,102.5
3021433,0.0
3021434,0.0
3021435,0.0
3021436,57.25
3021437,1.0
3021438,221.7770004272461
3021439,92.5
3021440,0.25
3021441,2.0
3021442,71.12749862670898
3021443,29.0
3021444,407.30651092529297
3021445,0.0
3021446,0.75
3021447,7.0
3021448,0.0
3021449,0.25
3021450,4653.25
3021451,0.0
3021452,688.75
3021453,7.5
3021454,1059.0
3021455,805.25
3021456,268.92325592041016
3021457,126.75
3021458,100.0364990234375
3021459,5102.2711181640625
3021460,8.25
3021461,0.0
3021462,20.25
3021463,17.5
3021464,0.0
3021465,283.75
3021466,0.0
3021467,27.75
3021468,1.0
3021469,93.25
3021470,1.5
3021471,200.1582489013672
3021472,300.5
3021473,4.0
3021474,3.25
3021475,122.29924774169922
3021476,41.848249435424805
3021477,1249.4580383300781
3021478,1.25
3021479,1.25
3021480,2.5
3021481,0.0
3021482,7.75
3021483,2209.75
3021484,0.0
3021485,402.9395065307617
3021486,5.0
3021487,725.75
3021488,665.75
3021489,122.14875221252441
3021490,104.75
3021491,93.03174781799316
3021492,2616.5
3021493,52.25
3021494,0.75
3021495,30.5
3021496,17.5
3021497,0.0
3021498,194.75
3021499,21.0
3021500,15.25
3021501,0.5
3021502,73.5
3021503,8.5
3021504,163.44724655151367
3021505,263.75
3021506,13.75
3021507,14.0
3021508,215.41925048828125
3021509,54.29699993133545
3021510,1778.9114685058594
3021511,0.0
3021512,9.91575002670288
3021513,10.0
3021514,0.0
3021515,11.25
3021516,2564.5
3021517,0.0
3021518,525.9887466430664
3021519,11.25
3021520,1067.75
3021521,850.75
3021522,160.87349700927734
3021523,121.0
3021524,107.15450096130371
3021525,4242.25
3021526,25.0
3021527,2.0
3021528,43.0
3021529,33.25
3021530,0.0
3021531,423.25
3021532,34.25
3021533,15.0
3021534,9.5
3021535,130.25
3021536,13.75
3021537,148.79400253295898
3021538,467.75
3021539,6.75
3021540,15.5
3021541,142.6877555847168
3021542,87.87625312805176
3021543,2178.8657836914062
3021544,0.0
3021545,18.669499397277832
3021546,8.25
3021547,0.0
3021548,3.25
3021549,4348.0
3021550,0.0
3021551,806.5
3021552,6.5
3021553,1682.0
3021554,727.5
3021555,183.33625030517578
3021556,347.25
3021557,72.0
3021558,6144.92236328125
3021559,29.25
3021560,6.0
3021561,31.0
3021562,13.75
3021563,0.0
3021564,379.0
3021565,7.75
3021566,12.75
3021567,3.5
3021568,39.25
3021569,2.25
3021570,154.02949905395508
3021571,414.75
3021572,9.75
3021573,9.5
3021574,253.17749786376953
3021575,51.0577507019043
3021576,1717.3759460449219
3021577,6.25
3021578,17.69225025177002
3021579,6.0
3021580,0.0
3021581,6.75
3021582,3603.75
3021583,0.0
3021584,457.60298919677734
3021585,8.25
3021586,1005.75
3021587,1000.25
3021588,242.20349884033203
3021589,215.5
3021590,130.5
3021591,4450.75
3021592,33.5
3021593,1.75
3021594,20.5
3021595,15.0
3021596,0.0
3021597,290.25
3021598,29.75
3021599,27.5
3021600,3.25
3021601,88.25
3021602,7.0
3021603,352.2580032348633
3021604,364.0
3021605,11.25
3021606,14.0
3021607,492.43775939941406
3021608,61.460750579833984
3021609,3092.2195434570312
3021610,0.0
3021611,34.71150016784668
3021612,4.25
3021613,0.0
3021614,2.0
3021615,4901.75
3021616,0.0
3021617,516.5
3021618,3.25
3021619,1610.5
3021620,736.0
3021621,306.75
3021622,176.5
3021623,54.25
3021624,6192.75
3021625,9.25
3021626,2.75
3021627,34.75
3021628,26.25
3021629,0.25
3021630,381.25
3021631,0.0
3021632,0.0
3021633,10.5
3021634,18.0
3021635,2.5
3021636,154.77900314331055
3021637,363.75
3021638,3.5
3021639,13.0
3021640,160.28700256347656
3021641,60.5
3021642,1047.8867797851562
3021643,0.0
3021644,6.5
3021645,11.0
3021646,0.0
3021647,10.75
3021648,3724.5
3021649,0.0
3021650,723.3307495117188
3021651,8.0
3021652,1547.5
3021653,1073.0
3021654,340.9794921875
3021655,210.75
3021656,155.84700393676758
3021657,5663.25
3021658,55.25
3021659,1.75
3021660,37.5
3021661,47.5
3021662,0.0
3021663,430.75
3021664,51.0
3021665,24.5
3021666,10.5
3021667,64.75
3021668,18.75
3021669,271.07249450683594
3021670,532.75
3021671,17.75
3021672,12.75
3021673,253.18949508666992
3021674,89.31625366210938
3021675,2712.9376831054688
3021676,1.25
3021677,10.25
3021678,7.0
3021679,0.0
3021680,6.5
3021681,2956.5
3021682,0.0
3021683,464.78324127197266
3021684,10.5
3021685,814.25
3021686,840.75
3021687,175.32000350952148
3021688,154.75
3021689,119.9052505493164
3021690,3419.5
3021691,41.25
3021692,2.0
3021693,28.0
3021694,19.0
3021695,0.0
3021696,229.25
3021697,27.75
3021698,33.75
3021699,2.5
3021700,56.0
3021701,14.5
3021702,242.46849822998047
3021703,281.25
3021704,11.0
3021705,12.75
3021706,232.2359962463379
3021707,47.82550048828125
3021708,2389.9097290039062
3021709,0.75
3021710,19.73224973678589
3021711,9.0
3021712,0.0
3021713,1.5
3021714,6119.25
3021715,0.0
3021716,779.0
3021717,24.75
3021718,1491.0
3021719,939.5
3021720,375.5584945678711
3021721,243.5
3021722,68.0
3021723,6508.798583984375
3021724,10.0
3021725,0.0
3021726,19.0
3021727,19.0
3021728,0.25
3021729,329.0
3021730,0.0
3021731,12.25
3021732,1.0
3021733,109.25
3021734,1.25
3021735,244.937255859375
3021736,379.25
3021737,6.25
3021738,2.25
3021739,298.5149917602539
3021740,153.1477508544922
3021741,1435.0585021972656
3021742,3.25
3021743,2.75
3021744,19.75
3021745,0.0
3021746,27.75
3021747,13283.75
3021748,0.0
3021749,2209.8800048828125
3021750,19.25
3021751,3330.5
3021752,3504.25
3021753,817.3837585449219
3021754,958.25
3021755,578.6832580566406
3021756,13535.25
3021757,88.25
3021758,6.75
3021759,154.5
3021760,137.5
3021761,0.0
3021762,1098.0
3021763,51.75
3021764,22.0
3021765,70.5
3021766,324.75
3021767,35.5
3021768,1071.5602416992188
3021769,960.25
3021770,64.0
3021771,56.75
3021772,1644.98876953125
3021773,326.17049407958984
3021774,12718.6484375
3021775,319.5
3021776,110.39825057983398
3021777,24.0
3021778,0.0
3021779,23.75
3021780,13145.5
3021781,0.0
3021782,1641.1537475585938
3021783,21.75
3021784,3597.75
3021785,3149.25
3021786,1066.085205078125
3021787,584.0
3021788,449.4992446899414
3021789,15314.0
3021790,122.5
3021791,5.0
3021792,92.75
3021793,90.5
3021794,1.25
3021795,1085.25
3021796,47.25
3021797,50.5
3021798,4.5
3021799,200.25
3021800,29.0
3021801,1450.9630432128906
3021802,1239.5
3021803,33.75
3021804,40.25
3021805,1830.7839660644531
3021806,332.1412582397461
3021807,8420.93408203125
3021808,703.5
3021809,126.26899719238281
3021810,19.0
3021811,0.0
3021812,34.25
3021813,9344.75
3021814,0.0
3021815,1248.75
3021816,11.25
3021817,3396.5
3021818,2353.0
3021819,1251.2107849121094
3021820,257.75
3021821,370.1439971923828
3021822,14363.0
3021823,73.5
3021824,4.75
3021825,70.0
3021826,40.75
3021827,0.0
3021828,997.0
3021829,67.75
3021830,35.5
3021831,15.0
3021832,125.5
3021833,8.5
3021834,1197.5202941894531
3021835,1284.5
3021836,38.0
3021837,78.75
3021838,1252.1317443847656
3021839,150.1812515258789
3021840,4413.2076416015625
3021841,481.0
3021842,77.1917495727539
3021843,25.75
3021844,0.0
3021845,28.75
3021846,12954.5
3021847,0.0
3021848,1557.4377746582031
3021849,16.0
3021850,3173.0
3021851,2878.5
3021852,919.6115112304688
3021853,524.5
3021854,321.0064926147461
3021855,13363.75
3021856,66.0
3021857,3.0
3021858,80.5
3021859,97.0
3021860,0.0
3021861,929.5
3021862,45.25
3021863,32.25
3021864,4.25
3021865,181.5
3021866,21.5
3021867,1164.9144592285156
3021868,1158.25
3021869,38.25
3021870,54.5
3021871,1590.3290405273438
3021872,265.68399810791016
3021873,7872.9403076171875
3021874,362.75
3021875,94.25075340270996
3021876,23.25
3021877,0.0
3021878,39.0
3021879,8445.75
3021880,0.0
3021881,1197.75
3021882,16.25
3021883,3419.0
3021884,2139.0
3021885,1083.2689819335938
3021886,239.5
3021887,295.1024932861328
3021888,13844.75
3021889,73.5
3021890,1.0
3021891,52.75
3021892,43.25
3021893,0.0
3021894,1046.5
3021895,40.75
3021896,24.5
3021897,4.75
3021898,104.75
3021899,11.75
3021900,1265.936767578125
3021901,1301.25
3021902,32.75
3021903,39.75
3021904,1433.2580261230469
3021905,140.61949920654297
3021906,3451.47998046875
3021907,342.5
3021908,37.19550037384033
3021909,13.5
3021910,0.0
3021911,20.5
3021912,9098.5
3021913,0.0
3021914,1284.6296997070312
3021915,19.5
3021916,2258.5
3021917,2548.75
3021918,585.8449859619141
3021919,571.5
3021920,391.8292541503906
3021921,9153.75
3021922,75.25
3021923,2.25
3021924,80.25
3021925,50.0
3021926,0.0
3021927,694.5
3021928,25.25
3021929,28.25
3021930,11.5
3021931,239.5
3021932,22.0
3021933,863.0862426757812
3021934,792.0
3021935,32.0
3021936,45.0
3021937,1181.2025146484375
3021938,230.1500015258789
3021939,8731.8056640625
3021940,278.75
3021941,77.84249877929688
3021942,10.75
3021943,0.25
3021944,7.75
3021945,2337.0
3021946,0.0
3021947,383.9534912109375
3021948,20.5
3021949,987.0
3021950,680.25
3021951,245.60874557495117
3021952,103.5
3021953,77.38450050354004
3021954,3540.0
3021955,56.75
3021956,2.5
3021957,26.0
3021958,28.75
3021959,0.0
3021960,258.0
3021961,18.0
3021962,9.75
3021963,17.25
3021964,57.0
3021965,7.5
3021966,241.20850372314453
3021967,330.25
3021968,5.25
3021969,9.5
3021970,255.3372459411621
3021971,64.3802490234375
3021972,1804.6377258300781
3021973,0.0
3021974,10.938000202178955
3021975,9.5
3021976,0.0
3021977,22.25
3021978,5997.0
3021979,0.0
3021980,705.34326171875
3021981,34.0
3021982,2291.75
3021983,1401.75
3021984,598.0765228271484
3021985,155.5
3021986,149.2800064086914
3021987,8572.5
3021988,113.0
3021989,2.25
3021990,50.0
3021991,44.5
3021992,0.0
3021993,547.25
3021994,26.0
3021995,10.75
3021996,2.5
3021997,123.25
3021998,12.25
3021999,547.1729888916016
3022000,711.5
3022001,19.5
3022002,33.75
3022003,508.04248809814453
3022004,85.11800003051758
3022005,2594.6533203125
3022006,337.0
3022007,21.18899917602539
3022008,8.5
3022009,0.0
3022010,9.0
3022011,6208.5
3022012,0.0
3022013,1198.3362121582031
3022014,6.5
3022015,1631.75
3022016,2088.0
3022017,331.2032470703125
3022018,456.75
3022019,278.5532531738281
3022020,6629.0
3022021,49.75
3022022,2.5
3022023,37.75
3022024,53.25
3022025,0.0
3022026,393.5
3022027,10.75
3022028,43.5
3022029,4.0
3022030,143.0
3022031,14.0
3022032,697.2372741699219
3022033,404.0
3022034,28.25
3022035,13.25
3022036,839.0492706298828
3022037,159.12874603271484
3022038,6561.195068359375
3022039,5.75
3022040,52.542250633239746
3022041,21.75
3022042,0.0
3022043,11.25
3022044,5480.0
3022045,0.0
3022046,1084.0072937011719
3022047,14.75
3022048,1870.75
3022049,1446.5
3022050,460.2480010986328
3022051,287.0
3022052,288.1397399902344
3022053,7801.5
3022054,74.5
3022055,2.25
3022056,50.75
3022057,58.75
3022058,0.75
3022059,519.75
3022060,14.0
3022061,58.25
3022062,10.25
3022063,178.5
3022064,12.75
3022065,500.07625579833984
3022066,516.0
3022067,13.25
3022068,34.25
3022069,605.0340118408203
3022070,145.73674774169922
3022071,4760.491943359375
3022072,8.0
3022073,11.077499866485596
3022074,18.5
3022075,0.0
3022076,4.75
3022077,3520.5
3022078,0.0
3022079,670.4382781982422
3022080,11.5
3022081,1333.25
3022082,773.75
3022083,294.89476013183594
3022084,143.25
3022085,112.02474975585938
3022086,4487.75
3022087,27.25
3022088,2.0
3022089,36.5
3022090,27.25
3022091,0.0
3022092,318.75
3022093,8.5
3022094,16.75
3022095,8.25
3022096,92.5
3022097,5.25
3022098,329.46849822998047
3022099,378.25
3022100,7.0
3022101,8.0
3022102,277.26348876953125
3022103,80.9729995727539
3022104,2639.7940063476562
3022105,1.25
3022106,2.75
3022107,12.0
3022108,0.0
3022109,3.0
3022110,5646.25
3022111,0.0
3022112,430.25
3022113,7.0
3022114,1684.75
3022115,395.0
3022116,334.2565002441406
3022117,89.0
3022118,39.75
3022119,4853.0
3022120,11.25
3022121,1.0
3022122,35.75
3022123,13.5
3022124,0.0
3022125,350.0
3022126,0.0
3022127,0.0
3022128,5.0
3022129,16.25
3022130,2.5
3022131,73.15424919128418
3022132,285.0
3022133,0.0
3022134,2.0
3022135,81.33574676513672
3022136,129.25
3022137,856.2647552490234
3022138,0.0
3022139,2.5
3022140,9.5
3022141,0.0
3022142,9.25
3022143,4905.75
3022144,0.0
3022145,607.5847473144531
3022146,12.25
3022147,1586.0
3022148,1330.5
3022149,471.79124450683594
3022150,265.25
3022151,201.88074493408203
3022152,6482.5
3022153,51.0
3022154,1.75
3022155,35.75
3022156,61.0
3022157,0.0
3022158,484.75
3022159,44.5
3022160,23.0
3022161,10.25
3022162,97.25
3022163,11.25
3022164,535.7409973144531
3022165,517.75
3022166,11.5
3022167,23.25
3022168,682.7817535400391
3022169,116.06800079345703
3022170,3459.7276611328125
3022171,0.0
3022172,50.86775016784668
3022173,5.0
3022174,0.0
3022175,7.5
3022176,3865.25
3022177,0.0
3022178,601.5835113525391
3022179,7.75
3022180,839.25
3022181,1147.0
3022182,164.5242462158203
3022183,259.0
3022184,219.22624588012695
3022185,3392.5
3022186,32.5
3022187,1.25
3022188,23.25
3022189,17.75
3022190,0.25
3022191,260.25
3022192,14.0
3022193,30.0
3022194,8.75
3022195,183.5
3022196,13.5
3022197,416.93199920654297
3022198,241.25
3022199,7.5
3022200,20.0
3022201,553.7750244140625
3022202,125.25100326538086
3022203,4321.60400390625
3022204,0.0
3022205,33.11224937438965
3022206,5.75
3022207,0.75
3022208,11.25
3022209,6212.25
3022210,0.0
3022211,925.6252288818359
3022212,14.5
3022213,1420.25
3022214,1691.75
3022215,376.44275665283203
3022216,441.0
3022217,173.75749588012695
3022218,5860.75
3022219,53.0
3022220,5.0
3022221,45.25
3022222,44.75
3022223,0.0
3022224,442.25
3022225,31.5
3022226,39.25
3022227,20.0
3022228,111.75
3022229,22.75
3022230,444.14124298095703
3022231,459.0
3022232,33.0
3022233,22.0
3022234,731.6700134277344
3022235,179.25124740600586
3022236,5736.0316162109375
3022237,1.5
3022238,38.28849983215332
3022239,16.5
3022240,1.5
3022241,13.5
3022242,4837.5
3022243,0.0
3022244,660.75
3022245,14.5
3022246,1999.75
3022247,1047.5
3022248,625.2965087890625
3022249,270.25
3022250,128.04949951171875
3022251,7813.1776123046875
3022252,10.0
3022253,1.0
3022254,54.75
3022255,64.0
3022256,0.0
3022257,470.0
3022258,16.5
3022259,4.0
3022260,8.0
3022261,54.0
3022262,3.0
3022263,425.76351165771484
3022264,541.25
3022265,10.75
3022266,12.25
3022267,517.5152587890625
3022268,135.40975379943848
3022269,1877.7955017089844
3022270,156.5
3022271,19.97725009918213
3022272,6.25
3022273,0.0
3022274,4.5
3022275,2190.25
3022276,0.0
3022277,350.8659973144531
3022278,7.5
3022279,670.0
3022280,719.5
3022281,155.2457504272461
3022282,154.5
3022283,135.44499588012695
3022284,2566.25
3022285,19.25
3022286,1.0
3022287,22.75
3022288,29.25
3022289,0.5
3022290,182.75
3022291,18.5
3022292,16.75
3022293,5.5
3022294,67.75
3022295,8.25
3022296,241.0885009765625
3022297,184.5
3022298,4.0
3022299,7.0
3022300,364.8597640991211
3022301,70.29399871826172
3022302,2599.9588012695312
3022303,0.0
3022304,26.919499397277832
3022305,2.25
3022306,0.0
3022307,5.25
3022308,1292.0
3022309,0.0
3022310,112.5
3022311,3.0
3022312,728.75
3022313,324.25
3022314,265.0
3022315,116.75
3022316,36.0
3022317,2889.0
3022318,0.5
3022319,1.0
3022320,10.0
3022321,8.25
3022322,0.0
3022323,171.0
3022324,1.75
3022325,0.0
3022326,0.75
3022327,5.5
3022328,0.0
3022329,204.39849853515625
3022330,191.75
3022331,0.25
3022332,3.0
3022333,127.7392520904541
3022334,33.25
3022335,237.71125030517578
3022336,0.0
3022337,1.0
3022338,4.5
3022339,0.75
3022340,4.0
3022341,4352.25
3022342,0.0
3022343,625.75
3022344,10.25
3022345,1875.5
3022346,696.25
3022347,553.3085021972656
3022348,287.25
3022349,63.5
3022350,7706.7769775390625
3022351,20.0
3022352,1.5
3022353,8.5
3022354,26.25
3022355,0.0
3022356,562.0
3022357,3.75
3022358,1.0
3022359,6.5
3022360,28.25
3022361,1.5
3022362,610.0225143432617
3022363,424.0
3022364,2.75
3022365,20.25
3022366,273.85699462890625
3022367,88.93099975585938
3022368,1394.1763000488281
3022369,20.25
3022370,8.0
3022371,5.5
3022372,0.0
3022373,1.75
3022374,1784.5
3022375,0.0
3022376,241.25
3022377,12.5
3022378,875.75
3022379,407.5
3022380,209.0
3022381,63.75
3022382,39.25
3022383,3336.0
3022384,5.5
3022385,0.25
3022386,18.0
3022387,18.5
3022388,0.25
3022389,205.0
3022390,7.0
3022391,0.0
3022392,7.25
3022393,17.25
3022394,2.0
3022395,145.52700424194336
3022396,182.75
3022397,1.0
3022398,8.0
3022399,155.31475448608398
3022400,27.5
3022401,319.21449279785156
3022402,1.5
3022403,2.5
3022404,4.25
3022405,0.0
3022406,5.25
3022407,2076.0
3022408,0.0
3022409,152.75
3022410,6.5
3022411,745.0
3022412,284.25
3022413,175.5
3022414,103.25
3022415,31.25
3022416,3079.5
3022417,8.25
3022418,0.0
3022419,14.0
3022420,14.75
3022421,0.0
3022422,153.75
3022423,1.0
3022424,0.0
3022425,2.75
3022426,24.75
3022427,0.75
3022428,184.26800155639648
3022429,268.5
3022430,0.75
3022431,6.25
3022432,63.57074737548828
3022433,23.0
3022434,198.56674575805664
3022435,0.0
3022436,0.25
3022437,2.5
3022438,0.0
3022439,2.0
3022440,1493.5
3022441,0.0
3022442,165.25
3022443,5.0
3022444,1113.0
3022445,377.75
3022446,259.0
3022447,54.0
3022448,30.25
3022449,2762.25
3022450,3.25
3022451,0.0
3022452,9.5
3022453,35.25
3022454,0.0
3022455,232.0
3022456,0.0
3022457,0.0
3022458,2.5
3022459,5.0
3022460,2.25
3022461,242.6392478942871
3022462,290.25
3022463,1.0
3022464,3.75
3022465,61.0622501373291
3022466,98.0
3022467,388.8495101928711
3022468,0.75
3022469,3.5
3022470,2.25
3022471,0.25
3022472,3.5
3022473,1812.75
3022474,0.0
3022475,155.5
3022476,1.25
3022477,1118.75
3022478,386.75
3022479,302.0
3022480,160.0
3022481,67.0
3022482,3275.5
3022483,7.0
3022484,0.75
3022485,9.75
3022486,16.75
3022487,0.75
3022488,276.25
3022489,9.0
3022490,0.0
3022491,4.25
3022492,13.5
3022493,2.25
3022494,157.1409912109375
3022495,265.75
3022496,0.0
3022497,8.25
3022498,112.36075019836426
3022499,34.0
3022500,632.7055053710938
3022501,0.0
3022502,4.25
3022503,6.5
3022504,0.0
3022505,0.0
3022506,1436.75
3022507,0.0
3022508,159.5
3022509,2.5
3022510,716.5
3022511,259.75
3022512,156.25
3022513,412.75
3022514,19.75
3022515,2231.0
3022516,7.75
3022517,0.0
3022518,11.75
3022519,13.25
3022520,1.0
3022521,163.0
3022522,0.0
3022523,0.0
3022524,1.0
3022525,14.25
3022526,2.75
3022527,67.29299926757812
3022528,133.25
3022529,1.75
3022530,5.75
3022531,64.96499824523926
3022532,51.75
3022533,547.2459869384766
3022534,0.0
3022535,0.0
3022536,10.75
3022537,1.75
3022538,3.5
3022539,3054.25
3022540,0.0
3022541,317.75
3022542,1.0
3022543,1199.25
3022544,701.75
3022545,507.75
3022546,295.0
3022547,92.17399978637695
3022548,4656.25
3022549,11.75
3022550,1.75
3022551,27.25
3022552,22.0
3022553,0.0
3022554,322.5
3022555,0.25
3022556,0.0
3022557,6.5
3022558,20.75
3022559,5.0
3022560,260.7272491455078
3022561,307.75
3022562,2.5
3022563,11.5
3022564,387.1692428588867
3022565,63.75
3022566,1321.1382751464844
3022567,0.0
3022568,6.0
3022569,2.75
3022570,0.0
3022571,5.0
3022572,1973.5
3022573,0.0
3022574,510.25
3022575,5.75
3022576,611.0
3022577,531.0
3022578,192.8782501220703
3022579,212.5
3022580,47.13074970245361
3022581,2888.510009765625
3022582,12.5
3022583,2.0
3022584,22.5
3022585,21.5
3022586,0.25
3022587,191.25
3022588,12.0
3022589,2.75
3022590,5.75
3022591,23.25
3022592,1.0
3022593,84.45149993896484
3022594,165.5
3022595,3.25
3022596,5.5
3022597,158.22524642944336
3022598,43.665998458862305
3022599,1516.6362609863281
3022600,34.5
3022601,12.203250408172607
3022602,7.75
3022603,0.75
3022604,3.5
3022605,2669.75
3022606,0.0
3022607,189.25
3022608,1.5
3022609,954.25
3022610,348.5
3022611,320.0
3022612,103.5
3022613,44.48175048828125
3022614,3559.0
3022615,32.0
3022616,0.75
3022617,15.75
3022618,26.0
3022619,0.75
3022620,203.0
3022621,11.5
3022622,0.0
3022623,7.5
3022624,17.5
3022625,2.0
3022626,160.19399642944336
3022627,186.5
3022628,1.75
3022629,8.0
3022630,87.85424995422363
3022631,26.0
3022632,513.9242477416992
3022633,0.75
3022634,4.75
3022635,3.75
3022636,0.0
3022637,7.0
3022638,2667.5
3022639,0.0
3022640,609.0
3022641,7.25
3022642,819.25
3022643,791.0
3022644,214.86674880981445
3022645,174.25
3022646,86.5
3022647,3598.0
3022648,42.75
3022649,1.25
3022650,15.0
3022651,22.25
3022652,0.0
3022653,238.0
3022654,17.0
3022655,11.25
3022656,4.25
3022657,37.75
3022658,12.5
3022659,378.51124572753906
3022660,267.25
3022661,8.5
3022662,7.5
3022663,443.41651153564453
3022664,115.18324661254883
3022665,2208.0504760742188
3022666,0.0
3022667,34.70425033569336
3022668,5.5
3022669,0.0
3022670,5.0
3022671,3748.25
3022672,0.0
3022673,473.0
3022674,7.5
3022675,1303.75
3022676,736.5
3022677,546.6055145263672
3022678,185.25
3022679,57.36450004577637
3022680,6290.7188720703125
3022681,12.75
3022682,0.0
3022683,21.0
3022684,13.75
3022685,0.0
3022686,370.25
3022687,1.25
3022688,6.5
3022689,4.5
3022690,22.0
3022691,0.5
3022692,279.9517593383789
3022693,371.0
3022694,4.25
3022695,6.0
3022696,310.31400299072266
3022697,58.853251457214355
3022698,1030.5110321044922
3022699,41.5
3022700,14.570000171661377
3022701,7.5
3022702,0.0
3022703,5.5
3022704,3959.0
3022705,0.0
3022706,454.25
3022707,6.25
3022708,1413.25
3022709,635.5
3022710,315.5330123901367
3022711,380.25
3022712,69.25
3022713,4467.4879150390625
3022714,15.75
3022715,0.25
3022716,33.25
3022717,31.0
3022718,0.25
3022719,342.0
3022720,5.0
3022721,2.25
3022722,8.0
3022723,47.75
3022724,2.5
3022725,103.62199783325195
3022726,312.25
3022727,1.25
3022728,5.0
3022729,150.77950286865234
3022730,153.79624938964844
3022731,1209.5667419433594
3022732,0.25
3022733,5.75
3022734,5.5
3022735,1.5
3022736,1.5
3022737,2178.25
3022738,0.0
3022739,152.5
3022740,9.75
3022741,693.0
3022742,333.25
3022743,156.75
3022744,65.0
3022745,44.5
3022746,2771.25
3022747,3.25
3022748,0.0
3022749,18.0
3022750,18.75
3022751,0.0
3022752,187.75
3022753,0.0
3022754,0.0
3022755,6.75
3022756,36.75
3022757,2.0
3022758,147.03899765014648
3022759,198.5
3022760,2.25
3022761,5.25
3022762,166.53225326538086
3022763,26.5
3022764,559.3207473754883
3022765,0.0
3022766,1.75
3022767,2.0
3022768,0.0
3022769,1.0
3022770,1366.25
3022771,0.0
3022772,280.57274627685547
3022773,5.0
3022774,503.25
3022775,465.75
3022776,142.9057502746582
3022777,48.5
3022778,55.88850021362305
3022779,2067.0
3022780,19.25
3022781,0.0
3022782,10.25
3022783,18.25
3022784,0.0
3022785,144.5
3022786,16.25
3022787,2.0
3022788,0.25
3022789,35.25
3022790,5.0
3022791,358.64549255371094
3022792,142.0
3022793,3.75
3022794,5.25
3022795,352.36925506591797
3022796,24.728500843048096
3022797,1189.0419616699219
3022798,0.0
3022799,6.767749905586243
3022800,0.75
3022801,0.0
3022802,6.5
3022803,3382.0
3022804,0.0
3022805,764.7447662353516
3022806,17.0
3022807,943.0
3022808,1270.25
3022809,267.0999984741211
3022810,243.75
3022811,142.5430030822754
3022812,3975.25
3022813,36.0
3022814,1.5
3022815,10.75
3022816,21.5
3022817,0.0
3022818,254.75
3022819,11.25
3022820,33.25
3022821,12.0
3022822,56.0
3022823,17.25
3022824,363.7574920654297
3022825,282.75
3022826,18.25
3022827,9.25
3022828,530.0287322998047
3022829,116.29100036621094
3022830,3603.665771484375
3022831,0.0
3022832,20.415500164031982
3022833,1.25
3022834,0.0
3022835,4.5
3022836,1869.75
3022837,0.0
3022838,374.49425506591797
3022839,4.5
3022840,375.5
3022841,558.25
3022842,133.57074546813965
3022843,127.0
3022844,73.4997501373291
3022845,1756.25
3022846,23.25
3022847,1.25
3022848,15.0
3022849,19.0
3022850,0.0
3022851,103.0
3022852,0.0
3022853,10.0
3022854,2.0
3022855,101.75
3022856,9.0
3022857,176.45449829101562
3022858,97.75
3022859,5.0
3022860,6.5
3022861,166.7534999847412
3022862,33.860249519348145
3022863,1548.1067504882812
3022864,0.25
3022865,5.0
3022866,3.25
3022867,0.0
3022868,0.0
3022869,836.75
3022870,0.0
3022871,215.5
3022872,4.75
3022873,380.0
3022874,250.25
3022875,88.23324966430664
3022876,36.75
3022877,27.201250076293945
3022878,1386.0
3022879,11.75
3022880,0.0
3022881,13.5
3022882,4.75
3022883,0.25
3022884,87.0
3022885,0.0
3022886,4.75
3022887,0.0
3022888,7.0
3022889,0.0
3022890,235.78299713134766
3022891,109.5
3022892,2.25
3022893,1.0
3022894,139.49300003051758
3022895,19.75
3022896,418.60850524902344
3022897,1.0
3022898,1.0
3022899,6.25
3022900,0.0
3022901,5.25
3022902,3419.5
3022903,0.0
3022904,700.4867706298828
3022905,16.0
3022906,938.5
3022907,1160.0
3022908,287.9082489013672
3022909,256.5
3022910,101.20924949645996
3022911,4215.0
3022912,33.75
3022913,1.25
3022914,12.25
3022915,28.25
3022916,0.0
3022917,256.0
3022918,5.0
3022919,36.25
3022920,5.75
3022921,63.5
3022922,2.75
3022923,311.9597473144531
3022924,291.0
3022925,9.25
3022926,9.0
3022927,442.4662551879883
3022928,78.31549835205078
3022929,2919.6040649414062
3022930,2.5
3022931,16.81500005722046
3022932,6.5
3022933,0.0
3022934,3.0
3022935,3485.25
3022936,0.0
3022937,668.75
3022938,9.0
3022939,1170.5
3022940,772.0
3022941,329.7749938964844
3022942,357.0
3022943,46.0
3022944,5540.1600341796875
3022945,18.25
3022946,0.0
3022947,22.5
3022948,18.25
3022949,0.75
3022950,247.25
3022951,0.0
3022952,3.0
3022953,7.25
3022954,21.75
3022955,0.25
3022956,161.4572525024414
3022957,299.75
3022958,4.75
3022959,2.25
3022960,173.0317497253418
3022961,78.70149993896484
3022962,1322.7342529296875
3022963,1.25
3022964,2.75
3022965,6.75
3022966,0.75
3022967,2.5
3022968,3011.75
3022969,0.0
3022970,725.5
3022971,6.0
3022972,841.0
3022973,748.0
3022974,265.5222473144531
3022975,476.25
3022976,47.0
3022977,3935.1640014648438
3022978,16.0
3022979,1.25
3022980,25.0
3022981,15.25
3022982,0.0
3022983,248.25
3022984,0.0
3022985,2.75
3022986,3.75
3022987,35.0
3022988,1.0
3022989,136.28299713134766
3022990,239.75
3022991,3.25
3022992,4.5
3022993,203.36574935913086
3022994,63.50175094604492
3022995,1042.7879943847656
3022996,2.5
3022997,6.25
3022998,8.5
3022999,0.75
3023000,17.5
3023001,7882.75
3023002,0.0
3023003,1161.57373046875
3023004,20.75
3023005,1844.25
3023006,2039.25
3023007,343.437255859375
3023008,476.5
3023009,314.48900604248047
3023010,7517.75
3023011,87.5
3023012,4.75
3023013,46.5
3023014,61.5
3023015,0.25
3023016,487.5
3023017,42.0
3023018,39.0
3023019,23.5
3023020,125.25
3023021,21.25
3023022,680.7094879150391
3023023,523.5
3023024,14.75
3023025,26.75
3023026,1145.3752746582031
3023027,214.83124923706055
3023028,7874.9019775390625
3023029,0.25
3023030,83.76749610900879
3023031,2.0
3023032,0.25
3023033,1.0
3023034,1527.0
3023035,0.0
3023036,160.25
3023037,1.25
3023038,437.75
3023039,266.75
3023040,110.25
3023041,206.0
3023042,35.75
3023043,1954.0
3023044,7.25
3023045,0.0
3023046,13.75
3023047,2.75
3023048,0.0
3023049,118.0
3023050,0.0
3023051,0.0
3023052,2.0
3023053,25.0
3023054,0.5
3023055,46.30924892425537
3023056,91.25
3023057,2.0
3023058,3.75
3023059,95.70375061035156
3023060,20.5
3023061,567.0405120849609
3023062,0.0
3023063,8.0
3023064,6.0
3023065,0.25
3023066,1.5
3023067,3515.5
3023068,0.0
3023069,572.5
3023070,9.25
3023071,1162.5
3023072,647.0
3023073,212.3107452392578
3023074,503.5
3023075,50.6222505569458
3023076,4334.944885253906
3023077,17.5
3023078,0.0
3023079,19.5
3023080,17.5
3023081,0.0
3023082,274.75
3023083,1.0
3023084,5.75
3023085,5.5
3023086,12.25
3023087,0.75
3023088,332.2942428588867
3023089,269.25
3023090,4.0
3023091,4.0
3023092,114.72624778747559
3023093,57.564499855041504
3023094,1013.5715179443359
3023095,1.5
3023096,7.5
3023097,1.0
3023098,0.0
3023099,1.0
3023100,1037.75
3023101,0.0
3023102,156.5
3023103,2.75
3023104,531.25
3023105,186.5
3023106,88.5
3023107,623.5
3023108,22.0
3023109,1799.0
3023110,2.25
3023111,0.0
3023112,6.75
3023113,4.75
3023114,0.0
3023115,93.75
3023116,0.0
3023117,0.0
3023118,0.0
3023119,3.0
3023120,0.25
3023121,69.99674987792969
3023122,74.25
3023123,0.0
3023124,2.0
3023125,64.74100017547607
3023126,12.25
3023127,176.90775299072266
3023128,0.0
3023129,2.5
3023130,5.75
3023131,0.0
3023132,1.75
3023133,2313.5
3023134,0.0
3023135,244.75
3023136,3.5
3023137,1041.0
3023138,390.5
3023139,169.5
3023140,578.5
3023141,36.25
3023142,3152.75
3023143,1.75
3023144,0.75
3023145,34.0
3023146,10.75
3023147,0.0
3023148,214.75
3023149,0.0
3023150,0.0
3023151,11.5
3023152,8.25
3023153,1.25
3023154,214.7979965209961
3023155,239.25
3023156,0.25
3023157,3.25
3023158,178.72250366210938
3023159,33.75
3023160,1191.9960327148438
3023161,0.0
3023162,0.0
3023163,4.25
3023164,1.0
3023165,1.75
3023166,2763.25
3023167,0.0
3023168,764.75
3023169,9.5
3023170,1011.75
3023171,702.25
3023172,222.59400177001953
3023173,165.0
3023174,63.25
3023175,4119.972229003906
3023176,7.5
3023177,3.25
3023178,15.75
3023179,41.75
3023180,0.0
3023181,204.0
3023182,1.75
3023183,7.25
3023184,3.0
3023185,18.25
3023186,2.0
3023187,195.11325073242188
3023188,301.0
3023189,5.25
3023190,10.0
3023191,148.46024703979492
3023192,34.23099994659424
3023193,667.5755004882812
3023194,3.0
3023195,3.5
3023196,3.75
3023197,0.0
3023198,0.0
3023199,1589.25
3023200,0.0
3023201,100.25
3023202,0.25
3023203,490.25
3023204,170.5
3023205,98.5
3023206,270.5
3023207,26.5
3023208,2185.0
3023209,7.25
3023210,0.0
3023211,12.0
3023212,4.75
3023213,0.0
3023214,102.5
3023215,0.0
3023216,0.0
3023217,0.25
3023218,9.5
3023219,0.75
3023220,201.3249969482422
3023221,91.0
3023222,1.25
3023223,0.25
3023224,48.47999954223633
3023225,17.0
3023226,342.96048736572266
3023227,0.0
3023228,1.5
3023229,5.5
3023230,0.0
3023231,1.0
3023232,3445.25
3023233,0.0
3023234,523.25
3023235,12.0
3023236,750.25
3023237,514.75
3023238,176.16775131225586
3023239,155.5
3023240,42.25
3023241,3642.7852172851562
3023242,3.75
3023243,1.0
3023244,13.0
3023245,10.5
3023246,0.0
3023247,200.0
3023248,0.0
3023249,8.0
3023250,0.0
3023251,22.0
3023252,0.75
3023253,216.39400482177734
3023254,183.0
3023255,3.0
3023256,2.25
3023257,116.41175270080566
3023258,40.46374988555908
3023259,1066.4622497558594
3023260,0.0
3023261,0.0
3023262,3.75
3023263,0.0
3023264,9.0
3023265,2654.75
3023266,0.0
3023267,556.5274810791016
3023268,2.75
3023269,846.75
3023270,948.0
3023271,159.1247444152832
3023272,131.75
3023273,99.35650062561035
3023274,3644.5
3023275,42.75
3023276,0.75
3023277,31.0
3023278,22.75
3023279,0.0
3023280,240.75
3023281,23.75
3023282,20.75
3023283,1.0
3023284,73.25
3023285,11.75
3023286,185.28225708007812
3023287,272.25
3023288,17.0
3023289,16.75
3023290,238.78974533081055
3023291,73.15575313568115
3023292,2455.60107421875
3023293,0.0
3023294,9.529500126838684
3023295,4.75
3023296,0.0
3023297,7.0
3023298,2053.75
3023299,0.0
3023300,489.93399810791016
3023301,16.25
3023302,848.0
3023303,686.75
3023304,151.49274444580078
3023305,90.0
3023306,87.17649841308594
3023307,3467.75
3023308,25.5
3023309,0.25
3023310,46.0
3023311,35.25
3023312,0.0
3023313,296.0
3023314,24.25
3023315,8.5
3023316,5.0
3023317,53.0
3023318,10.25
3023319,250.04499435424805
3023320,367.5
3023321,10.25
3023322,6.25
3023323,127.49500274658203
3023324,75.30824851989746
3023325,1990.7377014160156
3023326,0.0
3023327,16.52850031852722
3023328,11.25
3023329,0.0
3023330,5.75
3023331,3740.5
3023332,0.0
3023333,688.25
3023334,3.0
3023335,1576.25
3023336,653.25
3023337,207.01725387573242
3023338,1681.75
3023339,56.5
3023340,5711.8125
3023341,40.0
3023342,1.75
3023343,24.5
3023344,24.25
3023345,0.0
3023346,341.25
3023347,3.5
3023348,13.5
3023349,2.0
3023350,26.0
3023351,3.75
3023352,167.92624282836914
3023353,335.0
3023354,6.0
3023355,6.25
3023356,213.3642463684082
3023357,52.000000953674316
3023358,1658.7695007324219
3023359,2.75
3023360,15.515000343322754
3023361,2.75
3023362,0.0
3023363,2.25
3023364,2297.75
3023365,0.0
3023366,364.1244888305664
3023367,4.5
3023368,748.0
3023369,731.0
3023370,159.85649490356445
3023371,139.25
3023372,78.32950019836426
3023373,2895.0
3023374,26.75
3023375,0.0
3023376,12.5
3023377,8.5
3023378,0.0
3023379,188.5
3023380,15.75
3023381,15.75
3023382,2.25
3023383,49.0
3023384,6.0
3023385,328.28875732421875
3023386,227.25
3023387,6.75
3023388,7.0
3023389,357.81825256347656
3023390,53.428500175476074
3023391,2084.106201171875
3023392,0.0
3023393,24.78850030899048
3023394,2.75
3023395,0.25
3023396,2.0
3023397,4752.25
3023398,0.0
3023399,511.0
3023400,4.25
3023401,1623.75
3023402,733.75
3023403,279.25
3023404,268.0
3023405,55.5
3023406,6297.0
3023407,7.25
3023408,1.25
3023409,26.25
3023410,28.0
3023411,0.0
3023412,421.75
3023413,0.0
3023414,0.0
3023415,9.5
3023416,18.5
3023417,2.5
3023418,135.5397491455078
3023419,341.5
3023420,3.0
3023421,8.5
3023422,174.8655014038086
3023423,63.5
3023424,1298.1105041503906
3023425,0.0
3023426,10.25
3023427,7.25
3023428,0.0
3023429,7.25
3023430,2345.75
3023431,0.0
3023432,492.99600982666016
3023433,6.25
3023434,977.0
3023435,724.25
3023436,180.02500534057617
3023437,142.5
3023438,98.26624870300293
3023439,3554.75
3023440,44.25
3023441,2.0
3023442,21.0
3023443,24.25
3023444,0.0
3023445,252.75
3023446,10.5
3023447,10.25
3023448,6.25
3023449,45.25
3023450,10.75
3023451,192.54275131225586
3023452,271.25
3023453,16.0
3023454,8.75
3023455,207.32399368286133
3023456,58.47700023651123
3023457,2248.5240478515625
3023458,1.25
3023459,7.5
3023460,3.5
3023461,0.0
3023462,7.0
3023463,2542.25
3023464,0.0
3023465,511.16625213623047
3023466,9.5
3023467,759.25
3023468,849.75
3023469,156.50899505615234
3023470,140.5
3023471,107.65049743652344
3023472,3131.25
3023473,41.0
3023474,2.75
3023475,23.75
3023476,13.75
3023477,0.0
3023478,219.0
3023479,9.5
3023480,34.75
3023481,3.25
3023482,47.25
3023483,15.25
3023484,219.68850708007812
3023485,214.0
3023486,7.75
3023487,9.75
3023488,205.01050186157227
3023489,64.15200233459473
3023490,2396.3119506835938
3023491,0.0
3023492,16.718249797821045
3023493,4.5
3023494,0.0
3023495,1.5
3023496,5776.75
3023497,0.0
3023498,653.25
3023499,11.0
3023500,1340.25
3023501,853.25
3023502,335.5449905395508
3023503,511.75
3023504,62.25
3023505,5569.48486328125
3023506,12.75
3023507,0.0
3023508,19.5
3023509,25.0
3023510,0.0
3023511,305.75
3023512,0.0
3023513,0.75
3023514,1.75
3023515,55.5
3023516,3.0
3023517,233.97475051879883
3023518,336.0
3023519,5.25
3023520,4.5
3023521,209.4257469177246
3023522,169.54249954223633
3023523,1347.574462890625
3023524,3.5
3023525,1.0
3023526,12.0
3023527,0.0
3023528,16.25
3023529,8648.0
3023530,0.0
3023531,1529.3062438964844
3023532,19.25
3023533,2081.25
3023534,2197.0
3023535,504.2177505493164
3023536,586.25
3023537,358.68499755859375
3023538,8715.25
3023539,80.0
3023540,4.75
3023541,75.5
3023542,98.75
3023543,0.0
3023544,592.25
3023545,30.5
3023546,21.0
3023547,35.5
3023548,188.0
3023549,27.25
3023550,735.6930084228516
3023551,549.25
3023552,32.0
3023553,33.25
3023554,1042.0449829101562
3023555,310.12450408935547
3023556,8730.996826171875
3023557,266.25
3023558,91.58149909973145
3023559,17.0
3023560,0.0
3023561,11.5
3023562,8597.5
3023563,0.0
3023564,1148.5679931640625
3023565,17.5
3023566,2399.5
3023567,2158.25
3023568,678.4897613525391
3023569,391.25
3023570,280.08524322509766
3023571,10646.5
3023572,106.5
3023573,1.75
3023574,50.0
3023575,82.75
3023576,1.0
3023577,649.0
3023578,23.5
3023579,20.5
3023580,4.0
3023581,128.75
3023582,20.5
3023583,953.7705230712891
3023584,752.75
3023585,21.5
3023586,36.75
3023587,1272.8700256347656
3023588,235.8032455444336
3023589,6223.0977783203125
3023590,529.5
3023591,90.56499862670898
3023592,10.5
3023593,0.0
3023594,14.5
3023595,5503.5
3023596,0.0
3023597,829.25
3023598,13.25
3023599,2111.25
3023600,1463.75
3023601,757.6689910888672
3023602,148.75
3023603,231.49274826049805
3023604,9147.5
3023605,49.25
3023606,4.5
3023607,29.75
3023608,25.25
3023609,1.25
3023610,610.0
3023611,19.5
3023612,16.75
3023613,6.75
3023614,90.0
3023615,10.75
3023616,1002.666259765625
3023617,694.75
3023618,17.0
3023619,33.0
3023620,761.6365051269531
3023621,145.51974487304688
3023622,2736.3287963867188
3023623,244.25
3023624,42.083250999450684
3023625,15.25
3023626,0.0
3023627,15.75
3023628,8079.75
3023629,0.0
3023630,1181.2679748535156
3023631,17.25
3023632,2143.75
3023633,1946.25
3023634,646.0715026855469
3023635,358.5
3023636,194.44499969482422
3023637,9130.75
3023638,51.75
3023639,1.75
3023640,62.25
3023641,68.5
3023642,0.75
3023643,592.25
3023644,18.5
3023645,27.75
3023646,4.25
3023647,120.75
3023648,16.5
3023649,772.9852600097656
3023650,733.75
3023651,18.5
3023652,18.25
3023653,1216.500244140625
3023654,249.94149780273438
3023655,5507.3486328125
3023656,290.5
3023657,71.47450065612793
3023658,14.75
3023659,0.0
3023660,16.5
3023661,4306.25
3023662,0.0
3023663,839.25
3023664,16.0
3023665,2018.0
3023666,1235.75
3023667,638.6862487792969
3023668,114.75
3023669,164.24824905395508
3023670,7982.0
3023671,36.5
3023672,0.25
3023673,25.25
3023674,24.25
3023675,0.0
3023676,583.5
3023677,17.25
3023678,10.0
3023679,0.75
3023680,90.0
3023681,5.75
3023682,872.7407379150391
3023683,771.0
3023684,17.5
3023685,22.25
3023686,826.3125
3023687,91.5047492980957
3023688,1940.6985168457031
3023689,246.25
3023690,21.113999366760254
3023691,10.5
3023692,0.0
3023693,10.75
3023694,6747.75
3023695,0.0
3023696,1207.1932678222656
3023697,27.0
3023698,1846.25
3023699,2202.75
3023700,465.7967529296875
3023701,482.0
3023702,291.17749786376953
3023703,8038.5
3023704,87.0
3023705,1.5
3023706,39.0
3023707,51.75
3023708,0.0
3023709,486.0
3023710,13.5
3023711,23.5
3023712,9.0
3023713,153.5
3023714,22.75
3023715,819.8489837646484
3023716,563.5
3023717,20.0
3023718,36.75
3023719,1069.9164733886719
3023720,223.2802505493164
3023721,7769.9915771484375
3023722,304.0
3023723,83.96599769592285
3023724,3.75
3023725,0.25
3023726,6.25
3023727,1928.75
3023728,0.0
3023729,386.3927459716797
3023730,26.5
3023731,841.25
3023732,593.75
3023733,220.04975509643555
3023734,85.0
3023735,81.36250114440918
3023736,3133.0
3023737,49.75
3023738,1.0
3023739,26.5
3023740,27.75
3023741,0.0
3023742,216.0
3023743,14.25
3023744,11.5
3023745,12.75
3023746,34.5
3023747,7.25
3023748,272.5237579345703
3023749,244.0
3023750,5.0
3023751,6.75
3023752,204.76924896240234
3023753,75.52300262451172
3023754,1458.4824523925781
3023755,0.25
3023756,9.431249856948853
3023757,5.5
3023758,0.0
3023759,12.75
3023760,4036.0
3023761,0.0
3023762,622.5334930419922
3023763,22.25
3023764,1782.0
3023765,1100.0
3023766,479.5322570800781
3023767,122.25
3023768,121.03675079345703
3023769,6829.0
3023770,73.75
3023771,0.75
3023772,44.75
3023773,35.75
3023774,0.0
3023775,406.0
3023776,12.75
3023777,11.25
3023778,1.75
3023779,105.5
3023780,15.25
3023781,544.3175048828125
3023782,605.5
3023783,14.75
3023784,25.0
3023785,446.5530090332031
3023786,81.42575263977051
3023787,2164.3348388671875
3023788,237.5
3023789,12.173999786376953
3023790,7.75
3023791,0.0
3023792,5.0
3023793,4081.25
3023794,0.0
3023795,882.4820098876953
3023796,6.5
3023797,1407.5
3023798,1561.5
3023799,234.38274765014648
3023800,337.5
3023801,196.13724517822266
3023802,5279.75
3023803,54.0
3023804,0.5
3023805,25.25
3023806,27.75
3023807,0.0
3023808,316.0
3023809,1.25
3023810,40.75
3023811,3.0
3023812,67.5
3023813,13.5
3023814,548.8377380371094
3023815,296.25
3023816,21.75
3023817,8.5
3023818,689.3755035400391
3023819,116.68474960327148
3023820,5269.595947265625
3023821,3.5
3023822,41.91300010681152
3023823,6.0
3023824,0.0
3023825,9.0
3023826,4229.75
3023827,0.0
3023828,825.8622436523438
3023829,9.5
3023830,1437.0
3023831,1138.75
3023832,316.8889923095703
3023833,230.75
3023834,263.2830047607422
3023835,5806.0
3023836,52.75
3023837,3.5
3023838,48.75
3023839,46.25
3023840,0.0
3023841,324.0
3023842,11.75
3023843,41.5
3023844,9.0
3023845,172.0
3023846,8.75
3023847,419.07225799560547
3023848,309.75
3023849,14.25
3023850,18.0
3023851,464.6392593383789
3023852,144.62975311279297
3023853,4275.358154296875
3023854,7.0
3023855,6.874750018119812
3023856,7.0
3023857,0.0
3023858,2.0
3023859,2210.5
3023860,0.0
3023861,440.86524963378906
3023862,5.5
3023863,951.75
3023864,509.25
3023865,196.68825149536133
3023866,92.25
3023867,85.44974708557129
3023868,3232.5
3023869,18.0
3023870,1.25
3023871,34.5
3023872,29.25
3023873,0.0
3023874,199.5
3023875,2.0
3023876,9.25
3023877,6.5
3023878,35.75
3023879,3.5
3023880,215.60824966430664
3023881,228.75
3023882,6.25
3023883,5.25
3023884,159.24625396728516
3023885,51.95324993133545
3023886,1855.9722290039062
3023887,0.0
3023888,2.75
3023889,4.0
3023890,0.0
3023891,1.5
3023892,3713.5
3023893,0.0
3023894,285.0
3023895,2.5
3023896,1067.0
3023897,297.25
3023898,219.76800155639648
3023899,71.75
3023900,24.75
3023901,3445.75
3023902,6.5
3023903,2.0
3023904,28.0
3023905,10.25
3023906,0.0
3023907,236.5
3023908,0.0
3023909,0.0
3023910,1.75
3023911,16.5
3023912,1.0
3023913,58.76474952697754
3023914,203.75
3023915,0.0
3023916,1.0
3023917,60.18850040435791
3023918,103.0
3023919,621.1362457275391
3023920,0.0
3023921,0.25
3023922,6.5
3023923,0.0
3023924,6.25
3023925,3290.5
3023926,0.0
3023927,530.2127532958984
3023928,8.5
3023929,1164.25
3023930,948.0
3023931,317.2652587890625
3023932,176.5
3023933,121.97825050354004
3023934,5006.0
3023935,37.0
3023936,0.25
3023937,36.25
3023938,45.5
3023939,0.0
3023940,325.5
3023941,20.0
3023942,13.25
3023943,7.5
3023944,46.5
3023945,6.5
3023946,401.92525482177734
3023947,314.25
3023948,7.0
3023949,11.5
3023950,540.8082733154297
3023951,75.95125007629395
3023952,2500.1615600585938
3023953,0.0
3023954,37.892751693725586
3023955,4.75
3023956,0.0
3023957,5.75
3023958,3880.5
3023959,0.0
3023960,707.3090209960938
3023961,20.25
3023962,1107.75
3023963,1341.75
3023964,210.96575164794922
3023965,325.0
3023966,187.56750106811523
3023967,3897.5
3023968,39.25
3023969,3.0
3023970,34.75
3023971,31.25
3023972,0.0
3023973,264.25
3023974,15.25
3023975,37.5
3023976,11.5
3023977,96.25
3023978,10.0
3023979,478.3537368774414
3023980,285.25
3023981,9.75
3023982,11.75
3023983,681.4635009765625
3023984,132.78725051879883
3023985,5436.4373779296875
3023986,1.0
3023987,45.35974884033203
3023988,3.75
3023989,0.0
3023990,7.5
3023991,4033.25
3023992,0.0
3023993,806.9477233886719
3023994,15.0
3023995,1130.5
3023996,1340.75
3023997,266.89624786376953
3023998,311.0
3023999,161.53324508666992
3024000,4483.0
3024001,47.0
3024002,6.5
3024003,22.0
3024004,46.0
3024005,0.0
3024006,319.75
3024007,24.75
3024008,27.5
3024009,24.75
3024010,83.0
3024011,15.5
3024012,418.8520050048828
3024013,315.25
3024014,16.5
3024015,23.5
3024016,612.0879974365234
3024017,149.89424896240234
3024018,4334.600646972656
3024019,0.75
3024020,43.81824970245361
3024021,7.5
3024022,0.0
3024023,5.0
3024024,3731.5
3024025,0.0
3024026,551.25
3024027,11.0
3024028,1753.75
3024029,833.0
3024030,543.4920196533203
3024031,299.5
3024032,75.09225082397461
3024033,7222.73046875
3024034,13.5
3024035,2.5
3024036,59.0
3024037,42.75
3024038,0.0
3024039,435.0
3024040,10.5
3024041,6.5
3024042,4.75
3024043,29.75
3024044,1.5
3024045,328.70750427246094
3024046,460.75
3024047,8.75
3024048,5.0
3024049,417.45348358154297
3024050,108.49075126647949
3024051,1524.5585021972656
3024052,123.5
3024053,16.764999866485596
3024054,4.25
3024055,0.0
3024056,4.0
3024057,2423.0
3024058,0.0
3024059,364.4862365722656
3024060,13.5
3024061,751.0
3024062,618.5
3024063,131.4054946899414
3024064,130.75
3024065,131.56250190734863
3024066,2781.0
3024067,23.5
3024068,3.0
3024069,24.0
3024070,32.25
3024071,0.0
3024072,213.25
3024073,12.0
3024074,19.75
3024075,13.75
3024076,83.5
3024077,6.0
3024078,267.86774826049805
3024079,171.25
3024080,4.0
3024081,11.75
3024082,286.0477600097656
3024083,74.14775276184082
3024084,2214.4317626953125
3024085,0.0
3024086,30.739248275756836
3024087,0.75
3024088,0.0
3024089,3.0
3024090,1603.75
3024091,0.0
3024092,110.5
3024093,4.25
3024094,740.75
3024095,322.25
3024096,246.0
3024097,44.5
3024098,28.75
3024099,2952.0
3024100,5.25
3024101,0.0
3024102,4.25
3024103,8.75
3024104,0.0
3024105,188.75
3024106,3.0
3024107,0.0
3024108,1.0
3024109,9.25
3024110,0.25
3024111,199.0787582397461
3024112,175.0
3024113,1.75
3024114,4.0
3024115,150.11849975585938
3024116,26.75
3024117,366.04601287841797
3024118,3.0
3024119,4.75
3024120,10.5
3024121,0.0
3024122,5.5
3024123,4675.5
3024124,0.0
3024125,718.25
3024126,11.0
3024127,1877.25
3024128,657.25
3024129,535.8307647705078
3024130,468.25
3024131,68.25
3024132,7209.072509765625
3024133,22.0
3024134,0.75
3024135,24.5
3024136,14.5
3024137,0.0
3024138,463.5
3024139,9.25
3024140,1.75
3024141,10.75
3024142,16.5
3024143,2.0
3024144,796.5692596435547
3024145,399.0
3024146,1.25
3024147,17.25
3024148,548.7657623291016
3024149,112.11000061035156
3024150,2301.102294921875
3024151,23.0
3024152,6.75
3024153,5.0
3024154,0.0
3024155,1.75
3024156,1676.75
3024157,0.0
3024158,175.25
3024159,9.25
3024160,809.75
3024161,398.5
3024162,189.25
3024163,35.5
3024164,38.5
3024165,2561.75
3024166,8.25
3024167,0.75
3024168,13.5
3024169,18.0
3024170,0.25
3024171,166.5
3024172,8.0
3024173,0.0
3024174,3.75
3024175,25.25
3024176,2.75
3024177,200.21350479125977
3024178,193.75
3024179,1.5
3024180,5.25
3024181,162.50825119018555
3024182,41.5
3024183,420.9592514038086
3024184,3.0
3024185,7.5
3024186,4.75
3024187,0.0
3024188,5.25
3024189,1471.0
3024190,0.0
3024191,133.75
3024192,3.5
3024193,670.75
3024194,274.0
3024195,164.75
3024196,41.5
3024197,27.25
3024198,2694.25
3024199,11.75
3024200,0.0
3024201,22.25
3024202,8.25
3024203,0.0
3024204,137.5
3024205,1.75
3024206,0.0
3024207,2.25
3024208,19.25
3024209,1.25
3024210,208.3170051574707
3024211,173.25
3024212,0.75
3024213,6.5
3024214,107.60824966430664
3024215,20.5
3024216,255.03424453735352
3024217,3.75
3024218,1.0
3024219,2.75
3024220,0.0
3024221,3.5
3024222,1572.0
3024223,0.0
3024224,218.25
3024225,5.75
3024226,1016.0
3024227,362.5
3024228,258.5
3024229,36.0
3024230,41.5
3024231,3229.5
3024232,3.75
3024233,0.0
3024234,9.5
3024235,18.25
3024236,0.0
3024237,166.25
3024238,0.0
3024239,0.0
3024240,2.0
3024241,13.75
3024242,2.0
3024243,226.0120086669922
3024244,251.5
3024245,0.25
3024246,4.0
3024247,64.55624866485596
3024248,97.25
3024249,493.7472457885742
3024250,0.0
3024251,3.0
3024252,4.5
3024253,1.0
3024254,5.5
3024255,1810.5
3024256,0.0
3024257,177.75
3024258,2.0
3024259,898.75
3024260,371.0
3024261,258.0
3024262,92.25
3024263,66.5
3024264,2702.0
3024265,4.0
3024266,0.75
3024267,13.5
3024268,24.25
3024269,0.0
3024270,230.75
3024271,8.25
3024272,0.0
3024273,1.0
3024274,15.0
3024275,1.0
3024276,138.69299697875977
3024277,204.25
3024278,0.25
3024279,5.25
3024280,127.75824546813965
3024281,57.25
3024282,1006.92626953125
3024283,0.0
3024284,7.25
3024285,4.75
3024286,0.0
3024287,0.25
3024288,1536.0
3024289,0.0
3024290,183.5
3024291,1.5
3024292,1012.0
3024293,255.5
3024294,184.25
3024295,101.25
3024296,24.988000869750977
3024297,2229.5
3024298,4.25
3024299,0.0
3024300,10.75
3024301,14.5
3024302,0.0
3024303,129.5
3024304,0.0
3024305,0.0
3024306,1.5
3024307,12.0
3024308,1.0
3024309,64.63125038146973
3024310,119.5
3024311,0.25
3024312,1.75
3024313,64.89274978637695
3024314,39.75
3024315,914.3405151367188
3024316,0.0
3024317,1.75
3024318,7.5
3024319,0.25
3024320,2.0
3024321,2987.25
3024322,0.0
3024323,327.75
3024324,5.75
3024325,1140.0
3024326,690.5
3024327,431.25
3024328,195.25
3024329,115.0
3024330,4837.75
3024331,16.5
3024332,2.75
3024333,18.5
3024334,24.0
3024335,0.25
3024336,265.75
3024337,0.5
3024338,0.0
3024339,4.25
3024340,15.5
3024341,3.75
3024342,291.7167510986328
3024343,255.5
3024344,2.25
3024345,6.75
3024346,356.3322525024414
3024347,55.75
3024348,2287.9651489257812
3024349,0.0
3024350,15.5
3024351,3.25
3024352,0.0
3024353,6.25
3024354,2143.0
3024355,0.0
3024356,594.75
3024357,9.25
3024358,592.75
3024359,602.75
3024360,206.9677505493164
3024361,161.75
3024362,53.32374954223633
3024363,2947.4747314453125
3024364,17.0
3024365,0.75
3024366,9.75
3024367,23.5
3024368,0.0
3024369,169.25
3024370,4.75
3024371,2.75
3024372,10.5
3024373,39.5
3024374,2.0
3024375,96.7185001373291
3024376,148.0
3024377,2.25
3024378,8.25
3024379,172.86199569702148
3024380,68.78200149536133
3024381,3191.9047241210938
3024382,33.75
3024383,21.06375026702881
3024384,3.75
3024385,0.25
3024386,3.5
3024387,2589.5
3024388,0.0
3024389,190.25
3024390,9.75
3024391,948.75
3024392,327.75
3024393,357.0
3024394,53.25
3024395,34.75
3024396,3472.75
3024397,13.25
3024398,0.0
3024399,11.0
3024400,13.5
3024401,0.0
3024402,210.75
3024403,7.25
3024404,0.0
3024405,2.5
3024406,38.25
3024407,1.75
3024408,160.9260025024414
3024409,176.5
3024410,1.75
3024411,3.5
3024412,102.41974830627441
3024413,37.75
3024414,554.8692474365234
3024415,4.5
3024416,8.25
3024417,2.75
3024418,0.0
3024419,8.75
3024420,2495.0
3024421,0.0
3024422,601.75
3024423,8.25
3024424,723.75
3024425,732.5
3024426,186.37774658203125
3024427,151.25
3024428,84.15374946594238
3024429,3248.0
3024430,28.25
3024431,1.0
3024432,18.0
3024433,25.5
3024434,0.0
3024435,207.5
3024436,17.75
3024437,14.5
3024438,3.75
3024439,55.25
3024440,8.0
3024441,408.0082473754883
3024442,214.0
3024443,10.25
3024444,8.5
3024445,402.52925872802734
3024446,90.05799865722656
3024447,2009.0465087890625
3024448,0.0
3024449,31.551251888275146
3024450,8.5
3024451,0.0
3024452,4.25
3024453,4005.75
3024454,0.0
3024455,438.0
3024456,4.0
3024457,1148.25
3024458,655.25
3024459,745.2560119628906
3024460,87.25
3024461,74.75
3024462,5370.3009033203125
3024463,12.0
3024464,0.25
3024465,16.0
3024466,14.5
3024467,0.0
3024468,311.25
3024469,0.0
3024470,5.75
3024471,5.25
3024472,27.25
3024473,1.5
3024474,318.4490051269531
3024475,374.5
3024476,2.25
3024477,6.75
3024478,267.9837532043457
3024479,63.40624713897705
3024480,1339.864501953125
3024481,70.25
3024482,13.279000043869019
3024483,9.25
3024484,1.0
3024485,3.75
3024486,3843.25
3024487,0.0
3024488,471.5
3024489,7.5
3024490,1143.5
3024491,634.0
3024492,354.6232452392578
3024493,296.0
3024494,81.30200004577637
3024495,4473.8382568359375
3024496,21.25
3024497,0.0
3024498,48.5
3024499,30.25
3024500,0.0
3024501,315.0
3024502,2.5
3024503,4.0
3024504,10.0
3024505,89.25
3024506,1.75
3024507,134.59625434875488
3024508,283.25
3024509,2.0
3024510,8.0
3024511,197.40899658203125
3024512,149.10150527954102
3024513,2279.1245727539062
3024514,0.0
3024515,8.75
3024516,3.0
3024517,0.0
3024518,1.25
3024519,2089.0
3024520,0.0
3024521,125.5
3024522,4.5
3024523,573.25
3024524,289.0
3024525,144.75
3024526,56.25
3024527,45.28125
3024528,2392.25
3024529,7.0
3024530,1.0
3024531,30.25
3024532,20.0
3024533,0.0
3024534,162.5
3024535,1.0
3024536,0.0
3024537,4.0
3024538,32.25
3024539,3.0
3024540,92.08650207519531
3024541,123.25
3024542,0.25
3024543,4.25
3024544,156.29649353027344
3024545,29.75
3024546,631.5387420654297
3024547,0.0
3024548,1.25
3024549,1.5
3024550,0.0
3024551,2.25
3024552,1395.75
3024553,0.0
3024554,252.87499618530273
3024555,11.25
3024556,506.75
3024557,477.25
3024558,103.03524971008301
3024559,50.5
3024560,56.75
3024561,2020.75
3024562,25.25
3024563,0.75
3024564,10.25
3024565,9.5
3024566,0.0
3024567,118.0
3024568,15.75
3024569,0.0
3024570,3.75
3024571,35.75
3024572,4.0
3024573,661.6207733154297
3024574,139.0
3024575,3.5
3024576,4.5
3024577,389.37625885009766
3024578,29.052749633789062
3024579,1151.91455078125
3024580,0.0
3024581,9.76199984550476
3024582,2.5
3024583,0.25
3024584,4.0
3024585,3257.75
3024586,0.0
3024587,723.8302307128906
3024588,14.75
3024589,1091.0
3024590,1203.5
3024591,280.81549072265625
3024592,220.75
3024593,142.35675430297852
3024594,3805.0
3024595,31.0
3024596,1.0
3024597,19.0
3024598,35.0
3024599,0.0
3024600,243.5
3024601,23.0
3024602,33.0
3024603,7.75
3024604,60.5
3024605,9.25
3024606,388.8360061645508
3024607,264.0
3024608,19.25
3024609,8.25
3024610,507.7849807739258
3024611,102.99749755859375
3024612,3255.6220092773438
3024613,0.0
3024614,24.932249546051025
3024615,5.5
3024616,0.0
3024617,3.0
3024618,1656.0
3024619,0.0
3024620,319.5202407836914
3024621,4.0
3024622,320.75
3024623,488.5
3024624,118.67099952697754
3024625,104.0
3024626,66.49374771118164
3024627,1494.75
3024628,20.5
3024629,0.75
3024630,14.5
3024631,9.0
3024632,0.0
3024633,78.0
3024634,0.0
3024635,12.25
3024636,4.0
3024637,196.5
3024638,7.75
3024639,174.31900024414062
3024640,97.0
3024641,3.0
3024642,5.25
3024643,163.9114990234375
3024644,26.623000144958496
3024645,1221.3030395507812
3024646,1.0
3024647,3.5
3024648,3.5
3024649,0.0
3024650,0.0
3024651,881.0
3024652,0.0
3024653,226.25
3024654,3.75
3024655,290.0
3024656,254.5
3024657,85.57099914550781
3024658,35.0
3024659,31.0
3024660,1207.5
3024661,15.75
3024662,0.25
3024663,10.25
3024664,8.5
3024665,0.0
3024666,77.75
3024667,0.0
3024668,0.75
3024669,0.0
3024670,8.5
3024671,0.0
3024672,200.17824935913086
3024673,116.25
3024674,2.25
3024675,1.0
3024676,114.35575103759766
3024677,25.75
3024678,375.47025299072266
3024679,0.0
3024680,1.5
3024681,7.0
3024682,0.25
3024683,1.5
3024684,2947.0
3024685,0.0
3024686,628.9279937744141
3024687,15.5
3024688,913.5
3024689,916.5
3024690,304.32950592041016
3024691,235.5
3024692,84.32125091552734
3024693,3784.5
3024694,27.25
3024695,4.0
3024696,20.0
3024697,20.0
3024698,0.0
3024699,208.25
3024700,5.5
3024701,32.25
3024702,10.5
3024703,68.0
3024704,3.75
3024705,246.2342529296875
3024706,231.5
3024707,9.25
3024708,10.0
3024709,378.29273986816406
3024710,66.29750061035156
3024711,2250.6751708984375
3024712,1.0
3024713,13.72374951839447
3024714,7.5
3024715,0.0
3024716,4.75
3024717,3580.25
3024718,0.0
3024719,676.25
3024720,11.75
3024721,1170.0
3024722,1056.25
3024723,374.1992416381836
3024724,318.5
3024725,71.25
3024726,4643.6055908203125
3024727,24.0
3024728,0.0
3024729,39.75
3024730,12.5
3024731,1.0
3024732,296.25
3024733,0.0
3024734,8.25
3024735,5.75
3024736,26.0
3024737,2.0
3024738,240.18074798583984
3024739,378.5
3024740,4.0
3024741,3.0
3024742,196.57424926757812
3024743,90.26025199890137
3024744,3208.394775390625
3024745,2.0
3024746,9.5
3024747,5.75
3024748,0.75
3024749,4.75
3024750,3744.0
3024751,0.0
3024752,829.75
3024753,12.0
3024754,1016.5
3024755,699.25
3024756,352.3880043029785
3024757,272.0
3024758,67.25
3024759,4344.628845214844
3024760,23.75
3024761,1.75
3024762,31.25
3024763,20.25
3024764,0.0
3024765,266.5
3024766,0.0
3024767,6.0
3024768,3.0
3024769,35.75
3024770,3.5
3024771,127.79999923706055
3024772,222.75
3024773,7.25
3024774,3.5
3024775,224.3110008239746
3024776,69.12974739074707
3024777,2468.8497314453125
3024778,1.75
3024779,7.0
3024780,12.75
3024781,0.0
3024782,13.5
3024783,6934.0
3024784,0.0
3024785,1077.7467956542969
3024786,25.75
3024787,1884.5
3024788,1810.75
3024789,313.2772445678711
3024790,406.25
3024791,286.7409973144531
3024792,6922.5
3024793,67.0
3024794,2.5
3024795,46.75
3024796,52.25
3024797,0.0
3024798,453.25
3024799,32.5
3024800,47.5
3024801,24.75
3024802,156.0
3024803,26.75
3024804,646.9627380371094
3024805,462.5
3024806,16.5
3024807,23.25
3024808,1059.5752716064453
3024809,232.03750610351562
3024810,6977.7442626953125
3024811,1.0
3024812,70.31599807739258
3024813,3.5
3024814,0.0
3024815,0.25
3024816,2107.75
3024817,0.0
3024818,183.25
3024819,4.0
3024820,813.5
3024821,309.75
3024822,130.25
3024823,94.75
3024824,51.75
3024825,2505.25
3024826,3.75
3024827,0.0
3024828,9.5
3024829,8.0
3024830,0.25
3024831,209.75
3024832,0.0
3024833,0.0
3024834,2.0
3024835,11.0
3024836,0.0
3024837,86.88000106811523
3024838,106.0
3024839,1.75
3024840,5.25
3024841,117.36749839782715
3024842,27.0
3024843,1285.0500183105469
3024844,0.0
3024845,3.25
3024846,5.5
3024847,0.0
3024848,1.0
3024849,4060.0
3024850,0.0
3024851,672.5
3024852,10.5
3024853,1015.0
3024854,631.5
3024855,206.97624969482422
3024856,359.75
3024857,96.41449928283691
3024858,4572.322265625
3024859,13.75
3024860,0.0
3024861,19.25
3024862,15.5
3024863,0.0
3024864,260.75
3024865,0.25
3024866,5.75
3024867,13.5
3024868,19.5
3024869,1.0
3024870,323.86475372314453
3024871,224.5
3024872,3.25
3024873,8.5
3024874,160.09950256347656
3024875,62.45225238800049
3024876,2798.2318115234375
3024877,1.5
3024878,3.75
3024879,0.0
3024880,0.0
3024881,1.0
3024882,1421.5
3024883,0.0
3024884,118.0
3024885,4.75
3024886,708.25
3024887,161.5
3024888,108.0
3024889,168.0
3024890,18.0
3024891,2356.5
3024892,1.25
3024893,0.0
3024894,6.5
3024895,2.75
3024896,0.0
3024897,81.0
3024898,0.0
3024899,0.0
3024900,0.0
3024901,5.5
3024902,0.0
3024903,89.5667495727539
3024904,80.5
3024905,1.75
3024906,2.0
3024907,53.957000732421875
3024908,13.25
3024909,382.87000274658203
3024910,0.0
3024911,1.0
3024912,9.5
3024913,0.0
3024914,1.5
3024915,2689.25
3024916,0.0
3024917,247.75
3024918,10.5
3024919,1130.25
3024920,435.25
3024921,209.25
3024922,135.25
3024923,43.75
3024924,3173.0
3024925,3.0
3024926,0.25
3024927,29.75
3024928,17.75
3024929,0.0
3024930,202.0
3024931,0.0
3024932,0.0
3024933,13.5
3024934,20.5
3024935,2.0
3024936,270.4622573852539
3024937,227.5
3024938,2.5
3024939,3.5
3024940,259.9417495727539
3024941,42.75
3024942,2324.8811645507812
3024943,0.0
3024944,1.0
3024945,3.25
3024946,0.0
3024947,2.5
3024948,2240.75
3024949,0.0
3024950,654.5
3024951,7.0
3024952,899.75
3024953,579.0
3024954,216.89875030517578
3024955,128.75
3024956,56.25
3024957,4393.595397949219
3024958,11.0
3024959,6.0
3024960,20.75
3024961,48.0
3024962,0.0
3024963,218.75
3024964,0.75
3024965,2.5
3024966,3.25
3024967,14.25
3024968,2.75
3024969,173.85224533081055
3024970,261.0
3024971,4.5
3024972,4.0
3024973,130.07749938964844
3024974,34.249250411987305
3024975,1038.8957061767578
3024976,4.0
3024977,2.75
3024978,4.5
3024979,0.0
3024980,0.25
3024981,1330.25
3024982,0.0
3024983,147.0
3024984,2.75
3024985,378.25
3024986,157.0
3024987,104.5
3024988,149.0
3024989,32.25
3024990,1895.25
3024991,5.75
3024992,0.0
3024993,9.25
3024994,4.75
3024995,0.0
3024996,95.75
3024997,0.0
3024998,0.0
3024999,0.0
3025000,14.0
3025001,1.0
3025002,237.25
3025003,77.25
3025004,1.0
3025005,1.0
3025006,44.40649890899658
3025007,19.5
3025008,603.3587341308594
3025009,0.0
3025010,1.0
3025011,2.25
3025012,0.0
3025013,1.0
3025014,3966.0
3025015,0.0
3025016,625.25
3025017,7.0
3025018,950.5
3025019,700.75
3025020,210.65275192260742
3025021,186.25
3025022,72.27099990844727
3025023,4229.7379150390625
3025024,9.75
3025025,0.0
3025026,32.0
3025027,13.25
3025028,0.0
3025029,226.0
3025030,0.0
3025031,22.0
3025032,3.75
3025033,42.75
3025034,1.5
3025035,268.4547576904297
3025036,212.5
3025037,4.0
3025038,3.75
3025039,173.11174774169922
3025040,54.635250091552734
3025041,3031.7872314453125
3025042,2.25
3025043,1.0
3025044,5.5
3025045,0.0
3025046,6.75
3025047,2547.0
3025048,0.0
3025049,490.73448944091797
3025050,7.5
3025051,923.5
3025052,780.25
3025053,147.2035026550293
3025054,123.0
3025055,126.68724822998047
3025056,3636.0
3025057,54.0
3025058,1.0
3025059,24.25
3025060,22.0
3025061,0.25
3025062,235.5
3025063,23.25
3025064,20.5
3025065,0.75
3025066,73.25
3025067,12.0
3025068,231.71925354003906
3025069,286.75
3025070,7.75
3025071,12.75
3025072,240.80249786376953
3025073,69.57199668884277
3025074,2188.2974243164062
3025075,0.0
3025076,10.10325026512146
3025077,5.0
3025078,0.0
3025079,8.25
3025080,1767.0
3025081,0.0
3025082,414.5439987182617
3025083,11.0
3025084,789.0
3025085,752.75
3025086,140.49900436401367
3025087,73.0
3025088,101.60850143432617
3025089,2998.5
3025090,30.0
3025091,1.5
3025092,32.5
3025093,36.0
3025094,0.0
3025095,265.0
3025096,24.75
3025097,17.25
3025098,10.25
3025099,51.5
3025100,11.0
3025101,135.3917465209961
3025102,288.25
3025103,11.0
3025104,12.75
3025105,98.49300003051758
3025106,70.29524803161621
3025107,1795.3217468261719
3025108,0.0
3025109,11.249750137329102
3025110,5.25
3025111,0.0
3025112,2.5
3025113,3974.75
3025114,0.0
3025115,658.25
3025116,4.0
3025117,1310.0
3025118,712.0
3025119,202.26924896240234
3025120,370.5
3025121,73.25
3025122,5794.056640625
3025123,33.5
3025124,1.0
3025125,28.0
3025126,19.0
3025127,0.0
3025128,407.0
3025129,6.25
3025130,14.5
3025131,7.5
3025132,32.5
3025133,0.5
3025134,182.79650115966797
3025135,317.5
3025136,6.0
3025137,11.5
3025138,203.7509994506836
3025139,55.83124828338623
3025140,2759.9757080078125
3025141,3.75
3025142,16.207499980926514
3025143,4.0
3025144,0.0
3025145,4.5
3025146,2018.5
3025147,0.0
3025148,307.1445083618164
3025149,6.0
3025150,748.0
3025151,612.25
3025152,179.0584945678711
3025153,129.5
3025154,67.5
3025155,2920.0
3025156,22.0
3025157,0.5
3025158,13.5
3025159,10.0
3025160,0.0
3025161,195.75
3025162,15.25
3025163,17.75
3025164,2.0
3025165,46.25
3025166,8.75
3025167,298.3669891357422
3025168,212.75
3025169,4.0
3025170,5.25
3025171,369.50474548339844
3025172,57.47624969482422
3025173,2018.0025329589844
3025174,0.0
3025175,20.383000373840332
3025176,3.5
3025177,0.0
3025178,3.0
3025179,5046.75
3025180,0.0
3025181,526.0
3025182,5.0
3025183,2710.0
3025184,631.75
3025185,279.0
3025186,207.0
3025187,82.67700004577637
3025188,5349.0
3025189,6.5
3025190,2.25
3025191,33.75
3025192,25.0
3025193,0.0
3025194,476.75
3025195,0.0
3025196,0.0
3025197,9.5
3025198,24.5
3025199,2.5
3025200,144.38100051879883
3025201,306.25
3025202,4.0
3025203,15.75
3025204,193.9285011291504
3025205,59.5
3025206,2191.5601806640625
3025207,0.0
3025208,2.5
3025209,7.5
3025210,0.0
3025211,6.75
3025212,1765.0
3025213,0.0
3025214,416.6705017089844
3025215,4.25
3025216,878.25
3025217,574.75
3025218,187.70774841308594
3025219,117.5
3025220,92.32024765014648
3025221,3022.25
3025222,28.25
3025223,1.75
3025224,26.5
3025225,62.5
3025226,0.0
3025227,210.5
3025228,18.0
3025229,9.75
3025230,4.0
3025231,57.0
3025232,11.5
3025233,171.67074966430664
3025234,397.75
3025235,13.25
3025236,6.5
3025237,182.56474685668945
3025238,51.66499996185303
3025239,1766.2550354003906
3025240,0.0
3025241,2.805999994277954
3025242,2.5
3025243,0.0
3025244,5.5
3025245,2075.0
3025246,0.0
3025247,401.07525634765625
3025248,7.25
3025249,688.5
3025250,751.0
3025251,169.94324493408203
3025252,108.75
3025253,119.90324974060059
3025254,2666.0
3025255,27.5
3025256,1.25
3025257,32.0
3025258,21.25
3025259,0.0
3025260,171.25
3025261,11.75
3025262,31.75
3025263,2.75
3025264,41.0
3025265,7.5
3025266,203.30524826049805
3025267,211.5
3025268,12.5
3025269,9.25
3025270,216.67774963378906
3025271,56.00800037384033
3025272,1999.8605041503906
3025273,0.0
3025274,10.251000165939331
3025275,6.0
3025276,0.0
3025277,4.25
3025278,4967.0
3025279,0.0
3025280,611.25
3025281,14.0
3025282,1229.5
3025283,762.5
3025284,302.9432601928711
3025285,233.75
3025286,65.95849990844727
3025287,4802.6248779296875
3025288,8.0
3025289,0.0
3025290,24.5
3025291,17.75
3025292,0.0
3025293,263.75
3025294,0.0
3025295,7.5
3025296,0.75
3025297,52.5
3025298,1.25
3025299,223.29275131225586
3025300,277.75
3025301,3.25
3025302,2.0
3025303,280.8695068359375
3025304,155.47399520874023
3025305,2127.3075256347656
3025306,2.5
3025307,0.0
3025308,15.0
3025309,0.0
3025310,9.5
3025311,7255.0
3025312,0.0
3025313,1364.5422973632812
3025314,27.5
3025315,2058.75
3025316,1926.25
3025317,469.04524993896484
3025318,491.0
3025319,328.40699768066406
3025320,8181.5
3025321,88.5
3025322,2.75
3025323,131.0
3025324,107.25
3025325,0.0
3025326,563.5
3025327,26.75
3025328,21.0
3025329,41.25
3025330,220.25
3025331,21.25
3025332,689.3907623291016
3025333,466.25
3025334,30.75
3025335,31.75
3025336,887.7419738769531
3025337,298.6107482910156
3025338,7165.734619140625
3025339,252.5
3025340,88.8222484588623
3025341,13.5
3025342,0.0
3025343,14.25
3025344,6829.25
3025345,0.0
3025346,1047.060531616211
3025347,19.25
3025348,2081.0
3025349,1824.25
3025350,631.4862670898438
3025351,308.0
3025352,206.42625045776367
3025353,9228.25
3025354,109.5
3025355,3.0
3025356,61.75
3025357,89.0
3025358,0.0
3025359,567.5
3025360,14.0
3025361,27.0
3025362,8.0
3025363,152.25
3025364,18.25
3025365,870.8734893798828
3025366,616.75
3025367,21.0
3025368,24.75
3025369,1160.3534851074219
3025370,192.9202537536621
3025371,4951.836669921875
3025372,443.5
3025373,78.51325225830078
3025374,9.75
3025375,0.0
3025376,17.0
3025377,4599.0
3025378,0.0
3025379,769.75
3025380,11.0
3025381,1705.75
3025382,1215.5
3025383,649.2022552490234
3025384,120.75
3025385,204.0
3025386,7245.5
3025387,50.75
3025388,3.0
3025389,45.25
3025390,26.5
3025391,0.0
3025392,517.5
3025393,27.0
3025394,21.25
3025395,8.0
3025396,82.25
3025397,13.0
3025398,942.1807250976562
3025399,671.25
3025400,22.5
3025401,41.25
3025402,627.9635009765625
3025403,109.57550239562988
3025404,2145.8742065429688
3025405,316.0
3025406,44.82574939727783
3025407,17.25
3025408,0.0
3025409,19.0
3025410,6933.0
3025411,0.0
3025412,1070.4645233154297
3025413,23.25
3025414,1915.0
3025415,1784.75
3025416,544.7285232543945
3025417,307.75
3025418,212.97325134277344
3025419,9050.0
3025420,51.5
3025421,0.75
3025422,56.25
3025423,58.25
3025424,0.0
3025425,539.75
3025426,21.75
3025427,16.75
3025428,7.25
3025429,158.0
3025430,12.5
3025431,775.1492614746094
3025432,653.25
3025433,19.5
3025434,24.25
3025435,948.8235168457031
3025436,213.37450408935547
3025437,4936.6441650390625
3025438,408.75
3025439,65.59125137329102
3025440,13.5
3025441,0.0
3025442,21.0
3025443,3622.5
3025444,0.0
3025445,675.75
3025446,13.5
3025447,1649.75
3025448,1004.0
3025449,474.20874786376953
3025450,87.0
3025451,147.44225311279297
3025452,6362.0
3025453,38.0
3025454,0.0
3025455,30.0
3025456,35.75
3025457,0.0
3025458,448.25
3025459,25.75
3025460,5.5
3025461,1.5
3025462,82.0
3025463,6.5
3025464,789.9585113525391
3025465,590.0
3025466,15.25
3025467,22.5
3025468,684.219482421875
3025469,78.29025077819824
3025470,1451.0519714355469
3025471,150.75
3025472,18.501750469207764
3025473,11.5
3025474,0.0
3025475,11.75
3025476,5732.5
3025477,0.0
3025478,1135.4557800292969
3025479,34.25
3025480,1721.75
3025481,1818.25
3025482,371.4867477416992
3025483,418.0
3025484,269.25
3025485,6884.25
3025486,95.5
3025487,0.75
3025488,40.5
3025489,49.0
3025490,1.0
3025491,479.5
3025492,14.0
3025493,17.75
3025494,17.5
3025495,151.5
3025496,19.75
3025497,732.9984741210938
3025498,476.5
3025499,15.5
3025500,21.5
3025501,893.1755065917969
3025502,203.25299835205078
3025503,6193.35693359375
3025504,301.5
3025505,73.68174743652344
3025506,8.75
3025507,0.0
3025508,6.5
3025509,1612.75
3025510,0.0
3025511,346.82173919677734
3025512,26.5
3025513,730.0
3025514,530.0
3025515,197.3169937133789
3025516,75.0
3025517,75.83575248718262
3025518,2617.5
3025519,49.0
3025520,1.0
3025521,25.25
3025522,15.75
3025523,0.0
3025524,188.25
3025525,14.75
3025526,5.75
3025527,13.0
3025528,33.0
3025529,6.5
3025530,230.5430030822754
3025531,250.75
3025532,4.0
3025533,5.0
3025534,219.82625198364258
3025535,51.224249839782715
3025536,1416.6452026367188
3025537,1.0
3025538,9.971749782562256
3025539,11.75
3025540,0.0
3025541,12.75
3025542,3765.5
3025543,0.0
3025544,478.8814926147461
3025545,30.75
3025546,1420.25
3025547,1014.5
3025548,426.29998779296875
3025549,90.0
3025550,94.43575286865234
3025551,5895.75
3025552,82.0
3025553,1.25
3025554,46.0
3025555,18.75
3025556,0.25
3025557,356.5
3025558,11.25
3025559,5.25
3025560,2.5
3025561,98.5
3025562,8.75
3025563,577.0050201416016
3025564,509.25
3025565,9.75
3025566,23.0
3025567,367.0760040283203
3025568,77.24950218200684
3025569,1958.5485229492188
3025570,297.75
3025571,16.006749868392944
3025572,10.5
3025573,0.0
3025574,4.5
3025575,4003.75
3025576,0.0
3025577,719.8732757568359
3025578,11.25
3025579,1358.75
3025580,1397.25
3025581,211.84825134277344
3025582,347.5
3025583,225.18549346923828
3025584,4801.0
3025585,41.25
3025586,2.75
3025587,26.25
3025588,44.75
3025589,0.0
3025590,301.5
3025591,3.75
3025592,40.75
3025593,6.25
3025594,79.25
3025595,9.0
3025596,564.9387512207031
3025597,258.5
3025598,15.75
3025599,7.5
3025600,655.5842590332031
3025601,106.2544994354248
3025602,4832.03564453125
3025603,4.25
3025604,48.658249855041504
3025605,4.5
3025606,0.0
3025607,11.0
3025608,3791.0
3025609,0.0
3025610,726.4365081787109
3025611,13.75
3025612,1407.5
3025613,1038.25
3025614,302.63574981689453
3025615,175.5
3025616,240.41050338745117
3025617,5172.0
3025618,35.5
3025619,2.5
3025620,56.5
3025621,54.0
3025622,0.0
3025623,308.25
3025624,6.0
3025625,44.75
3025626,7.75
3025627,178.5
3025628,9.5
3025629,411.7207489013672
3025630,285.5
3025631,11.75
3025632,19.5
3025633,388.3479995727539
3025634,108.44725036621094
3025635,3684.82470703125
3025636,7.0
3025637,7.024500012397766
3025638,7.75
3025639,0.0
3025640,4.0
3025641,1703.25
3025642,0.0
3025643,416.1767578125
3025644,5.0
3025645,788.5
3025646,454.0
3025647,190.0885009765625
3025648,80.75
3025649,96.37700080871582
3025650,2430.0
3025651,15.75
3025652,0.75
3025653,16.5
3025654,16.75
3025655,0.0
3025656,173.5
3025657,6.0
3025658,13.0
3025659,6.25
3025660,34.75
3025661,3.5
3025662,208.2635040283203
3025663,178.25
3025664,4.25
3025665,5.75
3025666,167.9567527770996
3025667,50.798749923706055
3025668,1528.0082702636719
3025669,0.0
3025670,5.25
3025671,5.75
3025672,0.0
3025673,1.0
3025674,4079.0
3025675,0.0
3025676,286.0
3025677,3.25
3025678,1304.0
3025679,256.0
3025680,216.52849960327148
3025681,80.5
3025682,29.0
3025683,4039.75
3025684,12.0
3025685,0.25
3025686,16.75
3025687,17.0
3025688,0.0
3025689,225.5
3025690,0.0
3025691,0.0
3025692,4.0
3025693,14.5
3025694,0.25
3025695,58.68774890899658
3025696,166.25
3025697,0.0
3025698,2.25
3025699,69.13200092315674
3025700,92.0
3025701,915.2679748535156
3025702,0.0
3025703,4.0
3025704,6.75
3025705,0.0
3025706,6.0
3025707,2833.75
3025708,0.0
3025709,508.9324951171875
3025710,8.75
3025711,1120.75
3025712,854.0
3025713,340.4120101928711
3025714,143.75
3025715,143.70499420166016
3025716,4297.25
3025717,37.25
3025718,1.0
3025719,19.75
3025720,69.75
3025721,0.0
3025722,275.75
3025723,22.25
3025724,11.0
3025725,6.0
3025726,55.0
3025727,6.25
3025728,418.9597473144531
3025729,334.75
3025730,11.0
3025731,9.25
3025732,478.08199310302734
3025733,87.65474700927734
3025734,2058.271728515625
3025735,0.0
3025736,31.99899959564209
3025737,4.5
3025738,0.0
3025739,8.75
3025740,3887.0
3025741,0.0
3025742,645.7820129394531
3025743,17.75
3025744,1112.0
3025745,1263.5
3025746,178.62225341796875
3025747,281.75
3025748,219.9387550354004
3025749,3761.75
3025750,34.75
3025751,1.25
3025752,26.75
3025753,28.25
3025754,1.25
3025755,239.25
3025756,14.0
3025757,46.0
3025758,8.5
3025759,117.5
3025760,19.5
3025761,480.50025177001953
3025762,238.25
3025763,5.5
3025764,15.0
3025765,673.9557495117188
3025766,110.80724906921387
3025767,4964.0994873046875
3025768,0.75
3025769,45.05999946594238
3025770,3.75
3025771,1.0
3025772,7.75
3025773,3711.25
3025774,0.0
3025775,755.0349884033203
3025776,15.5
3025777,1150.0
3025778,1273.25
3025779,268.3682556152344
3025780,287.75
3025781,151.99474716186523
3025782,4112.5
3025783,27.0
3025784,2.0
3025785,35.5
3025786,38.75
3025787,0.0
3025788,316.25
3025789,27.75
3025790,31.5
3025791,19.25
3025792,108.75
3025793,18.0
3025794,358.0914993286133
3025795,302.75
3025796,14.0
3025797,20.0
3025798,526.8674926757812
3025799,110.87749862670898
3025800,3851.1583251953125
3025801,0.0
3025802,28.530749797821045
3025803,15.0
3025804,0.0
3025805,9.25
3025806,3483.75
3025807,0.0
3025808,522.0
3025809,18.0
3025810,1410.0
3025811,808.0
3025812,531.0922622680664
3025813,235.75
3025814,107.54500007629395
3025815,6457.5919189453125
3025816,10.0
3025817,1.0
3025818,61.75
3025819,52.25
3025820,0.0
3025821,397.75
3025822,11.5
3025823,10.75
3025824,7.5
3025825,39.0
3025826,3.0
3025827,414.7747497558594
3025828,505.0
3025829,6.25
3025830,6.25
3025831,418.1327438354492
3025832,97.68525218963623
3025833,2389.7255249023438
3025834,157.75
3025835,16.344500064849854
3025836,5.125
3025837,0.0
3025838,3.0
3025839,2332.75
3025840,0.0
3025841,403.86512756347656
3025842,12.0
3025843,776.875
3025844,788.0
3025845,141.0718765258789
3025846,146.0
3025847,156.2046241760254
3025848,2948.125
3025849,24.875
3025850,1.0
3025851,27.375
3025852,18.125
3025853,0.0
3025854,225.375
3025855,18.75
3025856,26.25
3025857,6.125
3025858,92.25
3025859,4.25
3025860,284.53712463378906
3025861,168.75
3025862,2.0
3025863,12.125
3025864,348.2001304626465
3025865,61.50637483596802
3025866,3848.7152099609375
3025867,0.0
3025868,22.727375268936157
3025869,0.625
3025870,0.0
3025871,2.0
3025872,1159.125
3025873,0.0
3025874,78.375
3025875,2.625
3025876,682.25
3025877,415.625
3025878,233.375
3025879,26.875
3025880,30.5
3025881,2428.25
3025882,2.0
3025883,0.625
3025884,6.75
3025885,6.75
3025886,0.0
3025887,140.375
3025888,1.75
3025889,0.0
3025890,2.375
3025891,6.625
3025892,0.625
3025893,184.8952465057373
3025894,148.5
3025895,0.0
3025896,2.375
3025897,141.68512535095215
3025898,20.875
3025899,223.46513175964355
3025900,0.0
3025901,1.375
3025902,3.5
3025903,0.0
3025904,3.75
3025905,3990.125
3025906,0.0
3025907,581.875
3025908,12.5
3025909,1757.75
3025910,623.0
3025911,463.10200119018555
3025912,182.125
3025913,77.0627498626709
3025914,6725.381774902344
3025915,44.0
3025916,0.375
3025917,22.875
3025918,16.75
3025919,0.0
3025920,525.875
3025921,6.0
3025922,0.375
3025923,13.125
3025924,29.125
3025925,1.25
3025926,702.2174072265625
3025927,399.75
3025928,1.625
3025929,13.25
3025930,429.14762115478516
3025931,111.44725322723389
3025932,1225.0446319580078
3025933,14.125
3025934,12.0
3025935,3.0
3025936,0.0
3025937,0.625
3025938,1413.5
3025939,0.0
3025940,180.375
3025941,3.375
3025942,796.625
3025943,463.5
3025944,188.25
3025945,52.375
3025946,37.875
3025947,2760.375
3025948,9.125
3025949,0.0
3025950,11.0
3025951,18.875
3025952,0.0
3025953,164.25
3025954,10.5
3025955,0.0
3025956,2.75
3025957,27.625
3025958,2.0
3025959,138.30599784851074
3025960,177.5
3025961,1.375
3025962,4.125
3025963,137.32637405395508
3025964,30.75
3025965,304.94886779785156
3025966,0.0
3025967,3.625
3025968,4.0
3025969,0.0
3025970,3.75
3025971,1319.375
3025972,0.0
3025973,98.875
3025974,2.25
3025975,663.125
3025976,255.375
3025977,149.0
3025978,42.875
3025979,33.5
3025980,2329.25
3025981,17.625
3025982,0.0
3025983,6.0
3025984,7.5
3025985,0.0
3025986,125.75
3025987,0.625
3025988,0.0
3025989,1.25
3025990,44.875
3025991,0.0
3025992,124.28599834442139
3025993,209.875
3025994,0.0
3025995,5.5
3025996,60.99387502670288
3025997,21.375
3025998,166.10699272155762
3025999,0.0
3026000,1.375
3026001,3.625
3026002,0.0
3026003,2.0
3026004,1360.125
3026005,0.0
3026006,145.625
3026007,4.125
3026008,814.0
3026009,442.625
3026010,272.875
3026011,31.5
3026012,36.25
3026013,2376.875
3026014,4.0
3026015,0.0
3026016,14.375
3026017,14.875
3026018,0.0
3026019,193.75
3026020,1.625
3026021,0.0
3026022,2.0
3026023,16.125
3026024,2.0
3026025,133.79700469970703
3026026,258.5
3026027,0.875
3026028,3.0
3026029,90.24525165557861
3026030,81.125
3026031,316.32586669921875
3026032,0.875
3026033,5.5
3026034,2.375
3026035,1.375
3026036,2.375
3026037,1518.875
3026038,0.0
3026039,140.875
3026040,2.75
3026041,746.625
3026042,365.875
3026043,223.5
3026044,102.0
3026045,60.875
3026046,2650.0
3026047,8.875
3026048,0.875
3026049,13.25
3026050,22.875
3026051,0.0
3026052,205.375
3026053,9.5
3026054,0.0
3026055,3.5
3026056,20.5
3026057,1.625
3026058,127.3234977722168
3026059,191.5
3026060,1.375
3026061,4.75
3026062,100.59875011444092
3026063,47.0
3026064,560.9736175537109
3026065,0.0
3026066,4.75
3026067,2.125
3026068,0.0
3026069,2.5
3026070,1336.125
3026071,0.0
3026072,135.625
3026073,5.625
3026074,689.875
3026075,261.75
3026076,162.25
3026077,136.25
3026078,25.125
3026079,2455.875
3026080,8.0
3026081,0.125
3026082,12.5
3026083,7.125
3026084,0.0
3026085,154.75
3026086,0.0
3026087,0.0
3026088,2.125
3026089,20.75
3026090,0.625
3026091,59.213624000549316
3026092,126.0
3026093,0.625
3026094,3.625
3026095,71.29674911499023
3026096,32.125
3026097,476.7232475280762
3026098,0.0
3026099,1.625
3026100,5.625
3026101,0.0
3026102,3.0
3026103,2394.25
3026104,0.0
3026105,284.875
3026106,3.5
3026107,919.875
3026108,1139.0
3026109,419.25
3026110,140.125
3026111,79.875
3026112,3934.25
3026113,11.75
3026114,0.0
3026115,21.5
3026116,24.75
3026117,0.0
3026118,233.75
3026119,0.0
3026120,0.0
3026121,6.125
3026122,21.625
3026123,3.5
3026124,232.32049560546875
3026125,223.625
3026126,4.0
3026127,5.75
3026128,283.6775093078613
3026129,46.375
3026130,1105.0569152832031
3026131,0.0
3026132,8.625
3026133,3.25
3026134,0.0
3026135,2.0
3026136,1794.875
3026137,0.0
3026138,491.25
3026139,6.0
3026140,448.125
3026141,684.25
3026142,181.7126293182373
3026143,160.5
3026144,40.75
3026145,2220.109375
3026146,12.25
3026147,1.0
3026148,13.125
3026149,13.0
3026150,0.0
3026151,139.625
3026152,12.75
3026153,3.875
3026154,3.125
3026155,58.625
3026156,3.125
3026157,78.71537208557129
3026158,126.75
3026159,2.875
3026160,3.625
3026161,146.8072452545166
3026162,56.62025022506714
3026163,1182.8685455322266
3026164,14.125
3026165,11.026874899864197
3026166,7.875
3026167,1.0
3026168,2.0
3026169,2287.75
3026170,0.0
3026171,153.5
3026172,6.375
3026173,711.25
3026174,330.25
3026175,248.75
3026176,34.25
3026177,29.0
3026178,3036.75
3026179,19.375
3026180,1.0
3026181,12.5
3026182,14.0
3026183,0.0
3026184,140.25
3026185,4.0
3026186,0.0
3026187,4.5
3026188,22.75
3026189,2.375
3026190,119.01412296295166
3026191,141.0
3026192,0.0
3026193,2.875
3026194,77.74487590789795
3026195,21.0
3026196,356.0389976501465
3026197,0.0
3026198,2.0
3026199,6.0
3026200,0.0
3026201,9.625
3026202,2983.0
3026203,0.0
3026204,611.0
3026205,9.375
3026206,946.5
3026207,784.375
3026208,200.2476291656494
3026209,157.625
3026210,111.62125015258789
3026211,3738.5
3026212,40.875
3026213,0.0
3026214,20.875
3026215,33.875
3026216,0.0
3026217,248.125
3026218,16.0
3026219,17.75
3026220,6.625
3026221,51.5
3026222,7.375
3026223,400.44850158691406
3026224,243.0
3026225,9.625
3026226,7.5
3026227,458.9619941711426
3026228,118.76012802124023
3026229,3153.3472290039062
3026230,0.0
3026231,36.21199989318848
3026232,7.625
3026233,0.0
3026234,4.625
3026235,2982.875
3026236,0.0
3026237,400.25
3026238,7.0
3026239,908.5
3026240,771.25
3026241,479.1581230163574
3026242,57.0
3026243,56.905375480651855
3026244,4241.292449951172
3026245,9.625
3026246,0.875
3026247,20.625
3026248,6.625
3026249,0.0
3026250,261.375
3026251,1.75
3026252,4.625
3026253,4.75
3026254,45.875
3026255,0.0
3026256,268.51312255859375
3026257,313.75
3026258,2.875
3026259,4.25
3026260,198.41137886047363
3026261,53.72575044631958
3026262,806.2617263793945
3026263,18.5
3026264,14.043624639511108
3026265,8.0
3026266,0.375
3026267,4.0
3026268,2409.375
3026269,0.0
3026270,396.375
3026271,4.0
3026272,873.375
3026273,721.25
3026274,269.6787452697754
3026275,264.0
3026276,84.25462532043457
3026277,3378.0928344726562
3026278,20.5
3026279,0.0
3026280,36.875
3026281,27.875
3026282,0.0
3026283,241.5
3026284,1.875
3026285,2.875
3026286,6.5
3026287,94.125
3026288,0.125
3026289,125.53012371063232
3026290,198.5
3026291,2.25
3026292,2.125
3026293,148.77488327026367
3026294,136.95388221740723
3026295,1081.8426208496094
3026296,0.0
3026297,5.25
3026298,3.375
3026299,0.0
3026300,2.375
3026301,1661.0
3026302,0.0
3026303,130.375
3026304,7.625
3026305,857.375
3026306,311.625
3026307,154.125
3026308,38.875
3026309,40.5
3026310,2692.0
3026311,11.375
3026312,0.0
3026313,23.125
3026314,17.875
3026315,0.0
3026316,158.0
3026317,0.25
3026318,0.0
3026319,1.625
3026320,41.25
3026321,1.0
3026322,113.76500034332275
3026323,166.625
3026324,1.375
3026325,9.25
3026326,151.77299880981445
3026327,29.0
3026328,398.8102378845215
3026329,0.0
3026330,1.125
3026331,1.375
3026332,0.0
3026333,1.0
3026334,1496.5
3026335,0.0
3026336,300.53137969970703
3026337,8.5
3026338,562.875
3026339,486.5
3026340,133.2379970550537
3026341,45.25
3026342,55.125
3026343,2255.0
3026344,33.0
3026345,0.125
3026346,16.25
3026347,11.5
3026348,0.0
3026349,156.75
3026350,15.875
3026351,0.75
3026352,2.25
3026353,38.625
3026354,4.0
3026355,853.3778991699219
3026356,149.875
3026357,4.0
3026358,7.5
3026359,320.22214126586914
3026360,34.570125579833984
3026361,1490.4335021972656
3026362,0.0
3026363,9.379624962806702
3026364,2.625
3026365,0.0
3026366,4.875
3026367,3578.75
3026368,0.0
3026369,730.7372283935547
3026370,11.625
3026371,1219.875
3026372,1355.125
3026373,300.81188201904297
3026374,242.5
3026375,173.24188041687012
3026376,4553.125
3026377,28.625
3026378,0.25
3026379,18.125
3026380,29.0
3026381,0.0
3026382,332.25
3026383,10.875
3026384,50.625
3026385,9.25
3026386,74.625
3026387,11.125
3026388,449.22913360595703
3026389,280.75
3026390,14.0
3026391,13.875
3026392,555.2988510131836
3026393,104.4338731765747
3026394,5971.5245361328125
3026395,0.0
3026396,23.371375560760498
3026397,1.0
3026398,0.0
3026399,3.875
3026400,1813.375
3026401,0.0
3026402,391.53586196899414
3026403,6.25
3026404,439.375
3026405,553.125
3026406,157.29062843322754
3026407,117.125
3026408,75.57087516784668
3026409,1937.75
3026410,20.125
3026411,0.625
3026412,16.375
3026413,20.125
3026414,0.0
3026415,100.25
3026416,0.0
3026417,35.375
3026418,3.0
3026419,121.0
3026420,4.875
3026421,231.87074661254883
3026422,105.5
3026423,4.0
3026424,3.375
3026425,189.1417579650879
3026426,45.55350160598755
3026427,2925.9762268066406
3026428,1.0
3026429,2.875
3026430,6.0
3026431,0.0
3026432,0.0
3026433,868.625
3026434,0.0
3026435,209.375
3026436,6.375
3026437,343.875
3026438,224.75
3026439,78.22499752044678
3026440,28.125
3026441,20.0
3026442,1460.625
3026443,16.25
3026444,0.625
3026445,9.125
3026446,16.375
3026447,0.0
3026448,75.25
3026449,0.0
3026450,3.125
3026451,0.0
3026452,18.375
3026453,0.0
3026454,230.7014980316162
3026455,109.875
3026456,1.375
3026457,0.0
3026458,126.97749900817871
3026459,22.875
3026460,989.3882598876953
3026461,0.0
3026462,1.75
3026463,5.0
3026464,0.0
3026465,2.875
3026466,2988.5
3026467,0.0
3026468,650.2610092163086
3026469,8.375
3026470,982.625
3026471,936.375
3026472,288.0501174926758
3026473,253.5
3026474,103.15050220489502
3026475,3609.125
3026476,26.0
3026477,3.0
3026478,22.0
3026479,15.375
3026480,0.0
3026481,258.875
3026482,2.0
3026483,27.375
3026484,5.5
3026485,87.875
3026486,3.75
3026487,275.17312240600586
3026488,206.75
3026489,10.125
3026490,11.0
3026491,357.04248809814453
3026492,78.52337551116943
3026493,4156.527099609375
3026494,0.375
3026495,19.621999502182007
3026496,5.5
3026497,0.0
3026498,3.125
3026499,2150.0
3026500,0.0
3026501,501.25
3026502,20.875
3026503,711.0
3026504,793.875
3026505,307.54836654663086
3026506,184.625
3026507,51.0
3026508,3117.3516235351562
3026509,11.125
3026510,0.625
3026511,21.0
3026512,12.75
3026513,0.375
3026514,191.125
3026515,0.0
3026516,7.375
3026517,5.0
3026518,24.75
3026519,1.25
3026520,163.3186206817627
3026521,296.75
3026522,5.0
3026523,1.75
3026524,170.0622501373291
3026525,70.30662250518799
3026526,1125.0986328125
3026527,3.375
3026528,2.625
3026529,2.625
3026530,1.0
3026531,2.875
3026532,2644.75
3026533,0.0
3026534,507.75
3026535,8.625
3026536,700.125
3026537,706.875
3026538,214.11900520324707
3026539,142.125
3026540,55.25
3026541,3111.2225646972656
3026542,12.25
3026543,0.375
3026544,13.125
3026545,14.25
3026546,0.0
3026547,186.125
3026548,0.0
3026549,7.0
3026550,5.0
3026551,62.0
3026552,0.375
3026553,108.4868745803833
3026554,165.0
3026555,3.25
3026556,1.0
3026557,165.35237884521484
3026558,60.070374488830566
3026559,867.9281234741211
3026560,0.625
3026561,4.75
3026562,10.25
3026563,1.625
3026564,13.625
3026565,7845.5
3026566,0.0
3026567,1194.6076202392578
3026568,24.0
3026569,1864.375
3026570,1977.375
3026571,302.4052505493164
3026572,436.875
3026573,337.3380012512207
3026574,7649.125
3026575,97.0
3026576,3.0
3026577,58.375
3026578,45.25
3026579,0.0
3026580,539.625
3026581,37.0
3026582,79.375
3026583,15.375
3026584,175.375
3026585,22.125
3026586,650.1747512817383
3026587,488.125
3026588,13.875
3026589,20.875
3026590,1031.2841033935547
3026591,213.43986892700195
3026592,10271.07177734375
3026593,2.0
3026594,77.98574733734131
3026595,1.375
3026596,0.0
3026597,1.0
3026598,1625.625
3026599,0.0
3026600,158.875
3026601,4.75
3026602,400.75
3026603,335.875
3026604,105.375
3026605,97.625
3026606,43.5
3026607,2123.875
3026608,2.0
3026609,0.0
3026610,11.75
3026611,10.75
3026612,0.0
3026613,134.375
3026614,0.0
3026615,0.0
3026616,2.5
3026617,15.375
3026618,0.625
3026619,56.358750343322754
3026620,76.25
3026621,1.75
3026622,3.0
3026623,98.68712615966797
3026624,18.25
3026625,467.89649963378906
3026626,0.0
3026627,3.75
3026628,6.625
3026629,0.0
3026630,2.625
3026631,2727.5
3026632,0.0
3026633,428.125
3026634,7.375
3026635,891.0
3026636,708.75
3026637,195.46925354003906
3026638,213.125
3026639,62.8095006942749
3026640,4566.473205566406
3026641,9.125
3026642,0.0
3026643,13.875
3026644,17.125
3026645,0.0
3026646,211.25
3026647,0.625
3026648,5.875
3026649,5.125
3026650,10.25
3026651,1.625
3026652,290.1693649291992
3026653,201.125
3026654,4.875
3026655,5.125
3026656,97.65499496459961
3026657,78.32000064849854
3026658,977.4527435302734
3026659,1.125
3026660,4.75
3026661,0.875
3026662,0.0
3026663,0.75
3026664,730.5
3026665,0.0
3026666,108.5
3026667,1.375
3026668,573.875
3026669,162.625
3026670,90.875
3026671,149.0
3026672,12.0
3026673,1576.0
3026674,2.0
3026675,0.0
3026676,12.875
3026677,6.125
3026678,0.0
3026679,73.375
3026680,0.0
3026681,0.0
3026682,0.0
3026683,7.75
3026684,0.625
3026685,60.01500082015991
3026686,61.25
3026687,0.375
3026688,1.0
3026689,46.701749324798584
3026690,9.25
3026691,158.57737350463867
3026692,0.0
3026693,1.875
3026694,6.75
3026695,0.0
3026696,0.625
3026697,1964.875
3026698,0.0
3026699,186.0
3026700,6.875
3026701,758.125
3026702,549.5
3026703,161.5
3026704,102.375
3026705,46.625
3026706,2568.375
3026707,3.625
3026708,0.625
3026709,20.375
3026710,10.75
3026711,0.0
3026712,183.5
3026713,0.0
3026714,0.0
3026715,14.375
3026716,56.875
3026717,0.625
3026718,268.8165054321289
3026719,158.875
3026720,1.75
3026721,3.75
3026722,219.7336254119873
3026723,28.0
3026724,945.1741104125977
3026725,0.0
3026726,0.0
3026727,2.375
3026728,0.375
3026729,1.0
3026730,2039.25
3026731,0.0
3026732,608.75
3026733,7.75
3026734,782.625
3026735,696.625
3026736,198.05412673950195
3026737,93.25
3026738,66.66237831115723
3026739,3297.4376831054688
3026740,6.0
3026741,3.625
3026742,31.125
3026743,27.75
3026744,0.0
3026745,167.5
3026746,0.75
3026747,3.625
3026748,4.625
3026749,23.5
3026750,1.375
3026751,192.25537300109863
3026752,220.375
3026753,1.125
3026754,4.0
3026755,167.04424858093262
3026756,17.25
3026757,614.7290115356445
3026758,3.0
3026759,6.0
3026760,2.0
3026761,0.0
3026762,0.375
3026763,1166.75
3026764,0.0
3026765,89.75
3026766,2.0
3026767,465.0
3026768,204.875
3026769,82.375
3026770,112.125
3026771,40.5
3026772,1720.0
3026773,1.375
3026774,1.0
3026775,4.25
3026776,9.625
3026777,0.0
3026778,98.75
3026779,0.0
3026780,0.0
3026781,0.0
3026782,3.875
3026783,0.0
3026784,174.06563186645508
3026785,83.875
3026786,1.0
3026787,2.125
3026788,31.92949867248535
3026789,17.25
3026790,331.54024505615234
3026791,0.0
3026792,0.0
3026793,2.75
3026794,0.0
3026795,1.0
3026796,4025.875
3026797,0.0
3026798,401.5
3026799,5.875
3026800,769.375
3026801,571.875
3026802,215.3158721923828
3026803,86.5
3026804,67.48187446594238
3026805,3634.8886108398438
3026806,3.75
3026807,0.0
3026808,15.0
3026809,10.0
3026810,0.0
3026811,174.875
3026812,0.0
3026813,25.0
3026814,4.375
3026815,45.25
3026816,0.0
3026817,208.04800033569336
3026818,180.0
3026819,3.0
3026820,3.0
3026821,97.14200019836426
3026822,55.783000469207764
3026823,1054.8292694091797
3026824,0.0
3026825,0.0
3026826,4.125
3026827,0.0
3026828,11.75
3026829,3044.125
3026830,0.0
3026831,550.9699859619141
3026832,8.5
3026833,1056.0
3026834,857.5
3026835,156.1412525177002
3026836,130.875
3026837,125.56250190734863
3026838,4170.0
3026839,66.75
3026840,3.0
3026841,26.75
3026842,24.875
3026843,0.0
3026844,260.75
3026845,24.0
3026846,33.625
3026847,3.375
3026848,112.625
3026849,8.0
3026850,228.98350524902344
3026851,266.875
3026852,12.0
3026853,22.75
3026854,267.72824478149414
3026855,83.91337776184082
3026856,3814.4803466796875
3026857,0.0
3026858,13.451124668121338
3026859,5.875
3026860,0.0
3026861,5.875
3026862,2186.0
3026863,0.0
3026864,471.4205093383789
3026865,6.0
3026866,1174.5
3026867,800.375
3026868,128.08925342559814
3026869,91.125
3026870,163.5775032043457
3026871,3759.25
3026872,40.875
3026873,1.0
3026874,56.625
3026875,41.625
3026876,0.0
3026877,300.0
3026878,19.5
3026879,26.75
3026880,7.5
3026881,76.625
3026882,11.25
3026883,154.80475425720215
3026884,802.75
3026885,9.375
3026886,8.75
3026887,133.52886867523193
3026888,63.96724891662598
3026889,3082.7413024902344
3026890,0.0
3026891,16.363874316215515
3026892,9.25
3026893,0.625
3026894,2.0
3026895,2938.625
3026896,0.0
3026897,665.625
3026898,8.625
3026899,995.5
3026900,608.125
3026901,198.2328758239746
3026902,194.125
3026903,57.375
3026904,4722.595275878906
3026905,21.0
3026906,0.875
3026907,20.0
3026908,23.5
3026909,0.0
3026910,284.75
3026911,2.375
3026912,12.875
3026913,7.0
3026914,36.25
3026915,2.625
3026916,146.25012397766113
3026917,261.75
3026918,4.5
3026919,8.625
3026920,188.97024726867676
3026921,55.07737350463867
3026922,1461.59716796875
3026923,2.75
3026924,13.582500100135803
3026925,4.625
3026926,0.0
3026927,4.875
3026928,2260.0
3026929,0.0
3026930,353.26062774658203
3026931,5.125
3026932,784.75
3026933,686.625
3026934,168.22787857055664
3026935,119.0
3026936,79.99562644958496
3026937,2964.125
3026938,32.5
3026939,1.125
3026940,17.5
3026941,14.5
3026942,0.0
3026943,204.75
3026944,18.5
3026945,33.75
3026946,1.875
3026947,55.125
3026948,7.125
3026949,281.63886642456055
3026950,209.25
3026951,4.625
3026952,8.875
3026953,331.5277519226074
3026954,51.05050086975098
3026955,2973.5418701171875
3026956,0.0
3026957,20.799625396728516
3026958,3.0
3026959,0.0
3026960,1.375
3026961,4172.0
3026962,0.0
3026963,433.0
3026964,15.5
3026965,1163.75
3026966,948.0
3026967,255.0
3026968,166.875
3026969,45.49887561798096
3026970,4774.875
3026971,11.375
3026972,1.375
3026973,28.0
3026974,22.5
3026975,0.0
3026976,326.875
3026977,0.0
3026978,0.0
3026979,11.0
3026980,31.625
3026981,1.0
3026982,139.1072540283203
3026983,244.375
3026984,3.375
3026985,5.75
3026986,146.4481258392334
3026987,56.375
3026988,1012.0013809204102
3026989,0.0
3026990,1.125
3026991,6.875
3026992,0.0
3026993,9.375
3026994,2788.25
3026995,0.0
3026996,479.49000549316406
3026997,10.25
3026998,1318.375
3026999,714.375
3027000,196.8923740386963
3027001,128.375
3027002,114.07112407684326
3027003,4556.5
3027004,28.75
3027005,2.625
3027006,23.75
3027007,32.5
3027008,0.0
3027009,272.75
3027010,11.875
3027011,22.25
3027012,8.25
3027013,104.25
3027014,9.625
3027015,221.6303825378418
3027016,721.125
3027017,17.875
3027018,8.0
3027019,208.92712593078613
3027020,89.75362491607666
3027021,2860.9508056640625
3027022,0.375
3027023,9.454249739646912
3027024,3.0
3027025,0.0
3027026,5.0
3027027,3035.0
3027028,0.0
3027029,473.23499298095703
3027030,12.625
3027031,747.0
3027032,806.25
3027033,147.01912689208984
3027034,138.125
3027035,114.22812366485596
3027036,3089.875
3027037,31.0
3027038,0.875
3027039,18.125
3027040,15.25
3027041,0.0
3027042,211.125
3027043,13.625
3027044,33.25
3027045,4.625
3027046,56.25
3027047,7.75
3027048,240.25562477111816
3027049,240.875
3027050,12.75
3027051,7.75
3027052,236.03775215148926
3027053,53.28662443161011
3027054,3189.1415405273438
3027055,0.0
3027056,12.824999928474426
3027057,5.875
3027058,0.0
3027059,3.625
3027060,4391.875
3027061,0.0
3027062,497.125
3027063,11.0
3027064,1081.75
3027065,641.125
3027066,247.2852554321289
3027067,173.25
3027068,38.41499996185303
3027069,4007.2208557128906
3027070,9.875
3027071,0.875
3027072,11.625
3027073,14.625
3027074,0.0
3027075,236.875
3027076,0.0
3027077,10.25
3027078,0.0
3027079,39.75
3027080,2.75
3027081,183.90625
3027082,255.875
3027083,3.75
3027084,1.375
3027085,234.21325302124023
3027086,103.93937301635742
3027087,1114.3762130737305
3027088,1.125
3027089,0.0
3027090,14.375
3027091,0.0
3027092,14.75
3027093,8347.25
3027094,0.0
3027095,1579.743896484375
3027096,39.25
3027097,3016.375
3027098,2291.625
3027099,477.76649475097656
3027100,567.625
3027101,408.2460021972656
3027102,9022.25
3027103,110.625
3027104,2.625
3027105,116.25
3027106,132.875
3027107,0.375
3027108,766.25
3027109,28.125
3027110,26.5
3027111,17.75
3027112,266.0
3027113,20.375
3027114,784.1346206665039
3027115,545.875
3027116,38.25
3027117,33.5
3027118,1095.3619689941406
3027119,308.7593650817871
3027120,12101.416625976562
3027121,232.125
3027122,77.75725173950195
3027123,17.875
3027124,0.0
3027125,10.0
3027126,8043.25
3027127,0.0
3027128,1143.2457427978516
3027129,24.75
3027130,2183.875
3027131,1946.375
3027132,563.2791442871094
3027133,322.0
3027134,289.0273857116699
3027135,9670.75
3027136,163.625
3027137,0.625
3027138,64.125
3027139,76.5
3027140,0.625
3027141,575.625
3027142,13.0
3027143,35.375
3027144,2.125
3027145,219.75
3027146,15.875
3027147,884.229362487793
3027148,721.625
3027149,17.875
3027150,24.75
3027151,1003.9142684936523
3027152,262.2215042114258
3027153,7732.1812744140625
3027154,471.625
3027155,77.17587566375732
3027156,8.5
3027157,0.0
3027158,16.0
3027159,4735.875
3027160,0.0
3027161,879.625
3027162,10.625
3027163,2128.875
3027164,1217.125
3027165,611.4551162719727
3027166,112.875
3027167,219.60662460327148
3027168,7416.5
3027169,38.0
3027170,1.0
3027171,37.25
3027172,22.625
3027173,0.0
3027174,563.75
3027175,18.625
3027176,24.0
3027177,6.75
3027178,99.25
3027179,9.625
3027180,955.9484939575195
3027181,594.875
3027182,19.375
3027183,42.25
3027184,604.0299987792969
3027185,136.8101282119751
3027186,3114.5958557128906
3027187,237.125
3027188,36.396000385284424
3027189,14.0
3027190,0.0
3027191,21.75
3027192,7604.75
3027193,0.0
3027194,1040.7974243164062
3027195,16.375
3027196,2168.0
3027197,1913.625
3027198,522.2920074462891
3027199,302.375
3027200,223.98737716674805
3027201,8999.375
3027202,45.75
3027203,1.0
3027204,84.625
3027205,62.5
3027206,0.0
3027207,570.0
3027208,27.5
3027209,28.0
3027210,3.625
3027211,173.125
3027212,10.75
3027213,734.8675231933594
3027214,583.5
3027215,20.75
3027216,33.5
3027217,828.2927474975586
3027218,197.51750373840332
3027219,6841.7607421875
3027220,297.0
3027221,61.177000999450684
3027222,8.0
3027223,0.0
3027224,19.0
3027225,3966.125
3027226,0.0
3027227,650.5
3027228,19.0
3027229,1603.125
3027230,977.375
3027231,519.6639938354492
3027232,90.5
3027233,145.25087547302246
3027234,6302.375
3027235,33.375
3027236,0.0
3027237,26.75
3027238,40.125
3027239,0.75
3027240,552.625
3027241,18.5
3027242,14.125
3027243,2.375
3027244,93.75
3027245,2.375
3027246,694.6651153564453
3027247,820.875
3027248,11.25
3027249,21.375
3027250,618.374755859375
3027251,74.65774917602539
3027252,2202.2115478515625
3027253,214.75
3027254,18.332500100135803
3027255,8.0
3027256,0.0
3027257,10.75
3027258,6051.375
3027259,0.0
3027260,1213.2828674316406
3027261,21.5
3027262,1803.625
3027263,2024.25
3027264,371.2853889465332
3027265,456.5
3027266,337.375
3027267,7422.75
3027268,69.125
3027269,1.125
3027270,51.5
3027271,47.25
3027272,1.375
3027273,500.0
3027274,14.75
3027275,30.125
3027276,9.25
3027277,205.5
3027278,15.0
3027279,653.0534973144531
3027280,466.625
3027281,12.625
3027282,32.0
3027283,855.7432479858398
3027284,220.47725105285645
3027285,10178.41455078125
3027286,230.25
3027287,78.98300170898438
3027288,4.25
3027289,0.0
3027290,5.25
3027291,1941.25
3027292,0.0
3027293,345.2223663330078
3027294,20.25
3027295,966.25
3027296,543.25
3027297,211.6035041809082
3027298,84.75
3027299,76.07587623596191
3027300,2912.5
3027301,69.25
3027302,0.875
3027303,33.75
3027304,17.875
3027305,0.0
3027306,220.0
3027307,9.25
3027308,8.75
3027309,12.125
3027310,46.625
3027311,6.375
3027312,221.08412551879883
3027313,250.75
3027314,2.75
3027315,8.375
3027316,229.05037307739258
3027317,52.54124975204468
3027318,2071.064666748047
3027319,1.375
3027320,12.225999593734741
3027321,7.75
3027322,0.0
3027323,13.625
3027324,3761.125
3027325,0.0
3027326,595.2981147766113
3027327,22.5
3027328,1614.25
3027329,973.75
3027330,457.8505096435547
3027331,99.375
3027332,136.5802516937256
3027333,5871.25
3027334,93.375
3027335,1.875
3027336,54.75
3027337,33.625
3027338,0.625
3027339,454.5
3027340,15.125
3027341,14.25
3027342,1.375
3027343,117.875
3027344,6.625
3027345,597.9716186523438
3027346,477.875
3027347,10.375
3027348,24.5
3027349,363.8671226501465
3027350,82.9860029220581
3027351,2613.2849731445312
3027352,350.5
3027353,14.352625250816345
3027354,6.375
3027355,0.0
3027356,5.625
3027357,4546.375
3027358,0.0
3027359,912.0279998779297
3027360,12.375
3027361,1647.5
3027362,1781.375
3027363,243.30850410461426
3027364,387.0
3027365,241.78150177001953
3027366,5771.375
3027367,55.25
3027368,1.875
3027369,39.5
3027370,26.875
3027371,0.125
3027372,366.75
3027373,1.125
3027374,48.125
3027375,6.125
3027376,139.25
3027377,11.125
3027378,595.322868347168
3027379,301.75
3027380,20.625
3027381,9.375
3027382,721.8000030517578
3027383,137.7926254272461
3027384,8312.996826171875
3027385,4.125
3027386,46.43887519836426
3027387,12.875
3027388,0.0
3027389,8.875
3027390,4137.125
3027391,0.0
3027392,888.8466262817383
3027393,12.0
3027394,1806.875
3027395,1221.875
3027396,303.5118713378906
3027397,249.0
3027398,280.07899475097656
3027399,5896.125
3027400,51.0
3027401,3.875
3027402,46.25
3027403,39.375
3027404,0.0
3027405,360.125
3027406,5.625
3027407,57.25
3027408,11.75
3027409,214.25
3027410,10.625
3027411,437.4123764038086
3027412,328.875
3027413,11.25
3027414,30.875
3027415,470.6176223754883
3027416,143.0558795928955
3027417,7804.41259765625
3027418,4.25
3027419,7.625
3027420,9.75
3027421,0.0
3027422,4.125
3027423,2510.625
3027424,0.0
3027425,452.4197425842285
3027426,6.0
3027427,1070.375
3027428,558.25
3027429,220.66387176513672
3027430,101.625
3027431,105.22912502288818
3027432,3088.0
3027433,13.875
3027434,3.625
3027435,33.875
3027436,22.875
3027437,0.0
3027438,257.875
3027439,3.75
3027440,16.125
3027441,6.125
3027442,47.125
3027443,3.0
3027444,290.49299240112305
3027445,240.375
3027446,5.0
3027447,4.875
3027448,177.6875057220459
3027449,109.1696252822876
3027450,2950.26513671875
3027451,0.0
3027452,2.5
3027453,4.75
3027454,0.0
3027455,0.125
3027456,2240.875
3027457,0.0
3027458,197.625
3027459,2.625
3027460,726.375
3027461,290.125
3027462,177.625
3027463,46.375
3027464,22.0
3027465,2513.0
3027466,6.125
3027467,0.875
3027468,8.875
3027469,6.375
3027470,0.0
3027471,172.375
3027472,0.0
3027473,0.0
3027474,1.875
3027475,6.75
3027476,0.625
3027477,47.85287523269653
3027478,152.625
3027479,0.0
3027480,1.375
3027481,39.1403751373291
3027482,80.625
3027483,558.0027694702148
3027484,0.0
3027485,3.0
3027486,6.0
3027487,0.0
3027488,10.0
3027489,3204.875
3027490,0.0
3027491,511.7057685852051
3027492,13.0
3027493,1186.125
3027494,926.75
3027495,293.93750381469727
3027496,170.875
3027497,136.4071273803711
3027498,4572.125
3027499,24.875
3027500,0.0
3027501,25.125
3027502,52.0
3027503,0.0
3027504,333.875
3027505,18.625
3027506,21.125
3027507,7.625
3027508,65.5
3027509,6.375
3027510,409.7427520751953
3027511,320.875
3027512,10.375
3027513,14.875
3027514,465.43150329589844
3027515,85.53099632263184
3027516,3462.4213256835938
3027517,0.0
3027518,32.60887622833252
3027519,6.125
3027520,0.0
3027521,6.125
3027522,4036.75
3027523,0.375
3027524,635.5489807128906
3027525,16.25
3027526,1101.25
3027527,1380.5
3027528,189.28749465942383
3027529,278.125
3027530,216.49999809265137
3027531,4166.25
3027532,47.25
3027533,4.75
3027534,26.5
3027535,24.0
3027536,1.25
3027537,278.75
3027538,14.875
3027539,37.5
3027540,8.375
3027541,131.0
3027542,9.75
3027543,445.8867492675781
3027544,269.0
3027545,5.0
3027546,13.5
3027547,688.3145065307617
3027548,137.76337051391602
3027549,6556.487548828125
3027550,0.0
3027551,48.93899965286255
3027552,5.0
3027553,0.0
3027554,11.5
3027555,4519.875
3027556,0.0
3027557,793.9637603759766
3027558,19.5
3027559,1249.625
3027560,1351.25
3027561,247.52500534057617
3027562,292.625
3027563,163.8631248474121
3027564,4810.375
3027565,33.75
3027566,4.125
3027567,36.625
3027568,76.625
3027569,0.0
3027570,327.0
3027571,28.25
3027572,46.5
3027573,10.125
3027574,122.625
3027575,17.0
3027576,398.80225372314453
3027577,284.0
3027578,18.5
3027579,19.625
3027580,490.4503746032715
3027581,150.12999534606934
3027582,6186.684326171875
3027583,0.875
3027584,37.836875438690186
3027585,12.375
3027586,0.0
3027587,7.25
3027588,2685.625
3027589,0.0
3027590,436.875
3027591,13.875
3027592,1295.375
3027593,685.75
3027594,457.53261947631836
3027595,162.125
3027596,111.89749908447266
3027597,5662.450256347656
3027598,4.625
3027599,0.625
3027600,42.25
3027601,32.875
3027602,0.0
3027603,351.875
3027604,8.375
3027605,5.25
3027606,9.0
3027607,50.25
3027608,3.375
3027609,325.3731384277344
3027610,390.0
3027611,8.875
3027612,7.75
3027613,343.7351303100586
3027614,86.53525161743164
3027615,1282.0946197509766
3027616,73.0
3027617,17.141124367713928
3027618,4.625
3027619,0.0
3027620,4.625
3027621,2033.125
3027622,0.0
3027623,327.6757507324219
3027624,16.25
3027625,673.5
3027626,727.25
3027627,120.55037498474121
3027628,120.875
3027629,132.0099983215332
3027630,2512.875
3027631,24.375
3027632,2.25
3027633,21.875
3027634,27.125
3027635,0.375
3027636,169.375
3027637,13.5
3027638,20.125
3027639,3.25
3027640,92.625
3027641,5.625
3027642,261.5139904022217
3027643,159.125
3027644,3.75
3027645,7.375
3027646,275.49361419677734
3027647,68.12737464904785
3027648,2231.9114685058594
3027649,0.0
3027650,31.507874965667725
3027651,0.375
3027652,0.0
3027653,1.25
3027654,1539.5
3027655,0.0
3027656,73.875
3027657,4.375
3027658,797.375
3027659,219.625
3027660,177.875
3027661,15.25
3027662,27.644624948501587
3027663,2278.25
3027664,5.0
3027665,0.0
3027666,12.25
3027667,3.875
3027668,0.0
3027669,136.5
3027670,3.625
3027671,0.0
3027672,1.875
3027673,7.0
3027674,0.0
3027675,243.3613796234131
3027676,150.125
3027677,0.0
3027678,1.625
3027679,118.48637104034424
3027680,39.625
3027681,221.89937019348145
3027682,0.0
3027683,0.625
3027684,8.75
3027685,0.0
3027686,6.0
3027687,4481.875
3027688,0.0
3027689,679.875
3027690,12.875
3027691,1560.25
3027692,569.125
3027693,411.5436325073242
3027694,152.5
3027695,73.75
3027696,6511.3421630859375
3027697,47.625
3027698,0.0
3027699,18.5
3027700,23.0
3027701,0.0
3027702,399.875
3027703,9.25
3027704,2.5
3027705,8.125
3027706,36.5
3027707,1.0
3027708,886.2804946899414
3027709,342.75
3027710,1.0
3027711,13.125
3027712,292.91150093078613
3027713,124.48787212371826
3027714,1374.822525024414
3027715,18.875
3027716,8.0
3027717,7.0
3027718,0.0
3027719,1.875
3027720,1508.5
3027721,0.0
3027722,169.375
3027723,5.375
3027724,881.875
3027725,370.0
3027726,201.75
3027727,91.0
3027728,34.31812524795532
3027729,2625.875
3027730,9.125
3027731,0.375
3027732,16.125
3027733,19.25
3027734,0.0
3027735,166.5
3027736,5.625
3027737,0.0
3027738,6.75
3027739,41.125
3027740,1.125
3027741,207.31374549865723
3027742,129.25
3027743,1.375
3027744,8.625
3027745,161.89162254333496
3027746,43.5
3027747,349.6257553100586
3027748,0.0
3027749,1.125
3027750,3.25
3027751,0.0
3027752,2.375
3027753,1415.125
3027754,0.0
3027755,82.5
3027756,7.625
3027757,887.125
3027758,217.375
3027759,108.875
3027760,27.625
3027761,29.875
3027762,2515.25
3027763,5.875
3027764,0.0
3027765,9.375
3027766,5.0
3027767,0.0
3027768,110.75
3027769,1.375
3027770,0.0
3027771,1.5
3027772,31.25
3027773,0.0
3027774,176.1571273803711
3027775,151.5
3027776,0.0
3027777,5.75
3027778,94.449875831604
3027779,20.375
3027780,171.52062034606934
3027781,0.0
3027782,0.375
3027783,4.0
3027784,0.0
3027785,2.125
3027786,1317.375
3027787,0.0
3027788,141.5
3027789,9.0
3027790,2820.125
3027791,358.75
3027792,203.875
3027793,23.25
3027794,38.125
3027795,2521.0
3027796,6.125
3027797,0.0
3027798,15.75
3027799,19.375
3027800,0.0
3027801,206.625
3027802,0.375
3027803,0.0
3027804,4.0
3027805,9.125
3027806,2.0
3027807,375.1872444152832
3027808,208.625
3027809,0.0
3027810,3.375
3027811,81.63037395477295
3027812,100.875
3027813,342.1852378845215
3027814,0.0
3027815,3.875
3027816,5.0
3027817,1.0
3027818,4.125
3027819,1568.375
3027820,0.0
3027821,183.125
3027822,2.625
3027823,884.125
3027824,341.125
3027825,273.125
3027826,97.5
3027827,72.945876121521
3027828,2802.0
3027829,6.375
3027830,0.0
3027831,8.0
3027832,20.0
3027833,0.0
3027834,199.0
3027835,7.125
3027836,0.0
3027837,2.125
3027838,22.5
3027839,0.0
3027840,170.79474639892578
3027841,176.0
3027842,1.25
3027843,4.75
3027844,129.48724937438965
3027845,49.875
3027846,548.6918716430664
3027847,0.0
3027848,6.0
3027849,2.875
3027850,0.625
3027851,0.125
3027852,1180.0
3027853,0.0
3027854,106.25
3027855,5.75
3027856,930.5
3027857,190.25
3027858,133.125
3027859,111.25
3027860,25.595624923706055
3027861,1554.375
3027862,6.125
3027863,0.0
3027864,6.25
3027865,9.625
3027866,0.0
3027867,129.0
3027868,0.0
3027869,0.0
3027870,3.625
3027871,22.375
3027872,1.0
3027873,50.48837614059448
3027874,120.375
3027875,0.875
3027876,2.375
3027877,57.89275074005127
3027878,30.75
3027879,367.1691360473633
3027880,0.0
3027881,0.625
3027882,5.125
3027883,0.0
3027884,4.0
3027885,2632.5
3027886,0.0
3027887,261.375
3027888,3.625
3027889,846.125
3027890,537.25
3027891,387.25
3027892,171.25
3027893,65.5
3027894,3633.0
3027895,18.875
3027896,1.125
3027897,20.375
3027898,25.25
3027899,0.0
3027900,219.0
3027901,0.0
3027902,0.0
3027903,5.875
3027904,35.25
3027905,2.375
3027906,297.3255043029785
3027907,205.75
3027908,2.125
3027909,9.25
3027910,293.39963150024414
3027911,59.0
3027912,1006.8737640380859
3027913,1.75
3027914,10.125
3027915,3.125
3027916,0.0
3027917,5.75
3027918,1761.125
3027919,0.0
3027920,512.75
3027921,9.375
3027922,449.375
3027923,484.375
3027924,135.33774757385254
3027925,131.75
3027926,41.625
3027927,2298.086669921875
3027928,14.375
3027929,1.625
3027930,21.125
3027931,11.5
3027932,0.125
3027933,146.375
3027934,9.375
3027935,8.125
3027936,3.125
3027937,59.375
3027938,2.625
3027939,197.0752468109131
3027940,125.375
3027941,4.0
3027942,8.125
3027943,144.63124656677246
3027944,57.16374921798706
3027945,1287.4449768066406
3027946,33.625
3027947,10.402624726295471
3027948,6.25
3027949,0.625
3027950,2.75
3027951,1988.25
3027952,0.0
3027953,129.375
3027954,8.125
3027955,736.75
3027956,275.875
3027957,193.5
3027958,46.375
3027959,44.125
3027960,2811.25
3027961,14.75
3027962,1.375
3027963,9.25
3027964,7.5
3027965,0.0
3027966,141.25
3027967,4.875
3027968,0.0
3027969,1.25
3027970,32.875
3027971,2.125
3027972,140.56662368774414
3027973,144.375
3027974,0.375
3027975,6.125
3027976,206.92036819458008
3027977,26.875
3027978,462.2324905395508
3027979,0.0
3027980,3.875
3027981,8.25
3027982,0.0
3027983,8.625
3027984,2627.375
3027985,0.0
3027986,517.375
3027987,12.75
3027988,803.25
3027989,662.5
3027990,157.47525596618652
3027991,137.25
3027992,79.375
3027993,3249.75
3027994,39.75
3027995,1.0
3027996,19.625
3027997,19.375
3027998,0.0
3027999,219.5
3028000,18.625
3028001,16.375
3028002,2.0
3028003,72.25
3028004,3.25
3028005,314.64562606811523
3028006,190.0
3028007,5.875
3028008,4.375
3028009,356.88812255859375
3028010,87.14874839782715
3028011,1834.7540435791016
3028012,0.0
3028013,23.96750044822693
3028014,5.875
3028015,0.0
3028016,5.5
3028017,3961.875
3028018,0.0
3028019,405.5
3028020,3.625
3028021,1411.25
3028022,579.125
3028023,451.3169860839844
3028024,56.875
3028025,83.125
3028026,4987.4825439453125
3028027,15.125
3028028,0.875
3028029,17.375
3028030,9.75
3028031,0.0
3028032,290.5
3028033,1.375
3028034,4.0
3028035,1.625
3028036,44.5
3028037,0.125
3028038,746.010498046875
3028039,302.5
3028040,3.0
3028041,4.0
3028042,197.14750289916992
3028043,51.47550106048584
3028044,757.0003662109375
3028045,7.125
3028046,11.462250113487244
3028047,5.75
3028048,0.125
3028049,1.0
3028050,2311.25
3028051,0.0
3028052,301.875
3028053,6.0
3028054,1759.5
3028055,441.625
3028056,187.68050003051758
3028057,173.625
3028058,80.0
3028059,3143.474822998047
3028060,14.25
3028061,0.75
3028062,24.75
3028063,19.25
3028064,0.0
3028065,287.25
3028066,2.625
3028067,1.25
3028068,10.25
3028069,84.125
3028070,0.875
3028071,89.80762672424316
3028072,186.75
3028073,2.625
3028074,3.0
3028075,136.7763729095459
3028076,141.5412483215332
3028077,853.2782669067383
3028078,0.125
3028079,5.375
3028080,5.25
3028081,0.0
3028082,2.875
3028083,1872.375
3028084,0.0
3028085,109.625
3028086,7.125
3028087,786.125
3028088,299.625
3028089,132.875
3028090,30.375
3028091,45.75
3028092,2976.125
3028093,11.875
3028094,0.375
3028095,18.875
3028096,20.375
3028097,0.0
3028098,152.875
3028099,0.125
3028100,0.0
3028101,1.625
3028102,48.25
3028103,1.125
3028104,105.23050212860107
3028105,127.375
3028106,1.25
3028107,9.5
3028108,105.12362480163574
3028109,30.375
3028110,355.0987358093262
3028111,0.0
3028112,1.0
3028113,3.625
3028114,0.0
3028115,2.75
3028116,1314.0
3028117,0.0
3028118,243.01486778259277
3028119,12.25
3028120,487.0
3028121,463.25
3028122,107.69474792480469
3028123,45.875
3028124,71.30312633514404
3028125,1933.5
3028126,42.625
3028127,0.0
3028128,10.25
3028129,4.125
3028130,0.0
3028131,123.875
3028132,6.125
3028133,2.625
3028134,1.0
3028135,49.0
3028136,4.0
3028137,852.8893966674805
3028138,128.875
3028139,3.625
3028140,6.75
3028141,269.2632484436035
3028142,29.049999952316284
3028143,955.7988815307617
3028144,0.0
3028145,6.625
3028146,3.25
3028147,0.0
3028148,2.75
3028149,3025.875
3028150,0.0
3028151,640.1581115722656
3028152,20.0
3028153,1048.0
3028154,1075.625
3028155,223.75162506103516
3028156,189.5
3028157,169.6188735961914
3028158,3513.125
3028159,48.5
3028160,0.625
3028161,22.375
3028162,27.625
3028163,0.0
3028164,235.875
3028165,12.375
3028166,42.0
3028167,7.875
3028168,78.0
3028169,10.125
3028170,328.0423774719238
3028171,241.625
3028172,16.5
3028173,9.5
3028174,467.5148735046387
3028175,96.17762565612793
3028176,2847.299346923828
3028177,0.0
3028178,16.82937490940094
3028179,4.75
3028180,0.0
3028181,2.0
3028182,1905.5
3028183,0.0
3028184,266.7097396850586
3028185,5.875
3028186,395.875
3028187,464.875
3028188,119.83900165557861
3028189,109.25
3028190,67.375
3028191,1592.25
3028192,16.875
3028193,0.0
3028194,11.875
3028195,11.625
3028196,0.0
3028197,103.5
3028198,0.0
3028199,27.5
3028200,2.875
3028201,189.0
3028202,2.5
3028203,174.93886947631836
3028204,109.125
3028205,4.75
3028206,8.25
3028207,148.83237075805664
3028208,33.809749364852905
3028209,1200.5275421142578
3028210,0.0
3028211,2.0
3028212,1.375
3028213,0.0
3028214,0.0
3028215,605.625
3028216,0.0
3028217,158.25
3028218,2.25
3028219,257.5
3028220,160.625
3028221,40.30537557601929
3028222,24.25
3028223,39.125
3028224,1039.375
3028225,10.25
3028226,0.0
3028227,8.25
3028228,6.75
3028229,0.0
3028230,63.625
3028231,0.0
3028232,7.25
3028233,0.0
3028234,28.875
3028235,0.0
3028236,193.57912635803223
3028237,96.875
3028238,1.0
3028239,1.375
3028240,100.0998764038086
3028241,12.0
3028242,311.7695007324219
3028243,0.625
3028244,2.625
3028245,3.375
3028246,0.0
3028247,2.625
3028248,2228.125
3028249,0.0
3028250,499.8082466125488
3028251,14.875
3028252,598.375
3028253,736.75
3028254,203.20950317382812
3028255,184.25
3028256,102.67387294769287
3028257,2698.625
3028258,19.875
3028259,2.0
3028260,21.875
3028261,22.5
3028262,0.0
3028263,173.125
3028264,2.0
3028265,28.625
3028266,5.875
3028267,118.125
3028268,4.125
3028269,211.06674766540527
3028270,164.625
3028271,8.25
3028272,5.875
3028273,274.07262420654297
3028274,61.98424959182739
3028275,1912.7090301513672
3028276,1.375
3028277,6.698500037193298
3028278,5.625
3028279,0.0
3028280,3.375
3028281,2800.5
3028282,0.0
3028283,451.75
3028284,7.25
3028285,900.375
3028286,608.25
3028287,258.50550079345703
3028288,190.25
3028289,65.34999942779541
3028290,3426.587677001953
3028291,10.625
3028292,0.0
3028293,28.25
3028294,14.375
3028295,1.0
3028296,213.125
3028297,0.0
3028298,4.625
3028299,3.375
3028300,50.5
3028301,1.625
3028302,276.88874435424805
3028303,179.375
3028304,1.625
3028305,5.375
3028306,155.6448745727539
3028307,71.11075019836426
3028308,1253.387710571289
3028309,1.25
3028310,1.0
3028311,6.375
3028312,0.0
3028313,0.75
3028314,2469.625
3028315,0.0
3028316,529.625
3028317,12.625
3028318,846.5
3028319,459.625
3028320,201.6531219482422
3028321,151.0
3028322,62.25
3028323,3284.4727783203125
3028324,11.375
3028325,0.375
3028326,28.75
3028327,17.0
3028328,0.0
3028329,216.0
3028330,0.0
3028331,4.5
3028332,5.0
3028333,112.375
3028334,1.625
3028335,126.77962112426758
3028336,174.75
3028337,5.0
3028338,2.125
3028339,158.49512672424316
3028340,43.702749729156494
3028341,847.1288986206055
3028342,2.625
3028343,6.0
3028344,10.5
3028345,1.0
3028346,11.625
3028347,6908.875
3028348,0.0
3028349,1012.8687591552734
3028350,106.0
3028351,1649.125
3028352,1657.5
3028353,300.7721252441406
3028354,389.875
3028355,297.5199890136719
3028356,6444.875
3028357,60.625
3028358,1.625
3028359,48.625
3028360,42.75
3028361,0.0
3028362,410.375
3028363,22.5
3028364,33.125
3028365,21.25
3028366,201.0
3028367,22.625
3028368,581.2849807739258
3028369,413.625
3028370,22.375
3028371,20.25
3028372,902.0546264648438
3028373,206.38787078857422
3028374,6094.9197998046875
3028375,1.0
3028376,64.0735011100769
3028377,6.625
3028378,0.0
3028379,0.0
3028380,1319.375
3028381,0.0
3028382,168.625
3028383,3.375
3028384,706.125
3028385,230.5
3028386,100.5
3028387,109.25
3028388,47.875
3028389,2974.75
3028390,4.125
3028391,0.0
3028392,11.375
3028393,9.625
3028394,0.0
3028395,247.125
3028396,0.0
3028397,0.0
3028398,2.625
3028399,37.0
3028400,1.625
3028401,155.25625038146973
3028402,78.625
3028403,1.0
3028404,5.75
3028405,111.0339994430542
3028406,21.875
3028407,461.2201232910156
3028408,0.0
3028409,4.125
3028410,8.5
3028411,0.0
3028412,1.625
3028413,2657.75
3028414,0.0
3028415,442.125
3028416,11.625
3028417,1407.5
3028418,488.25
3028419,191.303129196167
3028420,212.625
3028421,72.83299827575684
3028422,3946.5970764160156
3028423,12.875
3028424,0.0
3028425,21.0
3028426,15.625
3028427,0.0
3028428,255.625
3028429,1.625
3028430,7.0
3028431,12.75
3028432,15.5
3028433,1.625
3028434,679.9272689819336
3028435,224.625
3028436,2.625
3028437,5.625
3028438,142.5667495727539
3028439,45.59362506866455
3028440,996.0912399291992
3028441,1.0
3028442,4.125
3028443,1.375
3028444,0.0
3028445,0.625
3028446,877.25
3028447,0.0
3028448,149.25
3028449,3.875
3028450,743.25
3028451,142.375
3028452,84.625
3028453,200.375
3028454,17.49399995803833
3028455,1682.25
3028456,0.0
3028457,0.0
3028458,10.0
3028459,5.375
3028460,0.0
3028461,68.25
3028462,0.0
3028463,0.0
3028464,0.0
3028465,37.875
3028466,0.0
3028467,121.22237396240234
3028468,58.625
3028469,0.0
3028470,0.0
3028471,36.18787336349487
3028472,12.25
3028473,158.30712127685547
3028474,0.0
3028475,2.0
3028476,5.875
3028477,0.0
3028478,1.25
3028479,1497.25
3028480,0.0
3028481,179.375
3028482,3.5
3028483,796.75
3028484,293.125
3028485,152.125
3028486,112.375
3028487,50.905749797821045
3028488,2286.5
3028489,2.75
3028490,1.0
3028491,27.375
3028492,12.625
3028493,0.0
3028494,151.375
3028495,0.0
3028496,0.0
3028497,11.25
3028498,31.875
3028499,1.625
3028500,326.5941276550293
3028501,164.75
3028502,1.625
3028503,4.25
3028504,194.75237274169922
3028505,15.25
3028506,989.7185134887695
3028507,0.0
3028508,0.125
3028509,2.0
3028510,0.0
3028511,1.875
3028512,2527.0
3028513,0.0
3028514,581.625
3028515,8.375
3028516,770.0
3028517,541.375
3028518,214.6941261291504
3028519,54.625
3028520,75.22050333023071
3028521,3768.0582580566406
3028522,7.0
3028523,4.5
3028524,23.25
3028525,30.5
3028526,0.0
3028527,181.0
3028528,1.125
3028529,7.0
3028530,5.625
3028531,32.625
3028532,2.375
3028533,234.51638221740723
3028534,232.375
3028535,2.25
3028536,9.5
3028537,134.45225715637207
3028538,29.75
3028539,560.2882232666016
3028540,3.75
3028541,2.75
3028542,4.375
3028543,0.0
3028544,0.0
3028545,1300.75
3028546,0.0
3028547,72.25
3028548,2.625
3028549,350.125
3028550,139.375
3028551,69.875
3028552,75.125
3028553,35.5
3028554,1520.75
3028555,5.0
3028556,0.625
3028557,8.0
3028558,5.875
3028559,0.0
3028560,88.625
3028561,0.0
3028562,0.0
3028563,0.375
3028564,15.875
3028565,0.0
3028566,327.6388816833496
3028567,50.5
3028568,1.0
3028569,0.625
3028570,71.16837787628174
3028571,12.375
3028572,319.1952438354492
3028573,0.0
3028574,0.0
3028575,3.375
3028576,0.0
3028577,0.125
3028578,3030.25
3028579,0.0
3028580,424.25
3028581,13.125
3028582,777.5
3028583,481.625
3028584,159.96912956237793
3028585,188.75
3028586,49.140624046325684
3028587,3269.6441955566406
3028588,2.625
3028589,0.0
3028590,15.125
3028591,4.5
3028592,0.0
3028593,174.0
3028594,0.0
3028595,34.375
3028596,3.875
3028597,39.75
3028598,0.875
3028599,452.3032569885254
3028600,160.875
3028601,0.75
3028602,3.0
3028603,126.4109992980957
3028604,36.286251068115234
3028605,1084.317398071289
3028606,1.0
3028607,0.0
3028608,2.875
3028609,0.0
3028610,5.625
3028611,2430.5
3028612,0.0
3028613,514.6037368774414
3028614,6.25
3028615,874.625
3028616,764.375
3028617,174.18213081359863
3028618,121.0
3028619,118.16699981689453
3028620,3581.875
3028621,57.375
3028622,1.0
3028623,34.875
3028624,32.75
3028625,0.0
3028626,213.5
3028627,15.5
3028628,24.0
3028629,1.375
3028630,122.5
3028631,7.875
3028632,215.75075340270996
3028633,253.375
3028634,12.25
3028635,14.5
3028636,229.8033676147461
3028637,88.13700485229492
3028638,2299.298858642578
3028639,0.0
3028640,10.691999793052673
3028641,5.0
3028642,0.0
3028643,6.875
3028644,1769.625
3028645,0.0
3028646,373.3461227416992
3028647,15.5
3028648,782.875
3028649,606.625
3028650,101.49587631225586
3028651,78.125
3028652,103.375
3028653,3181.875
3028654,32.5
3028655,0.0
3028656,33.875
3028657,36.25
3028658,0.0
3028659,264.5
3028660,14.625
3028661,20.125
3028662,10.625
3028663,75.875
3028664,10.875
3028665,146.22649955749512
3028666,284.25
3028667,3.75
3028668,11.625
3028669,98.52499961853027
3028670,75.7829999923706
3028671,1803.8547821044922
3028672,0.0
3028673,19.799124717712402
3028674,7.25
3028675,0.0
3028676,2.0
3028677,3223.625
3028678,0.0
3028679,620.875
3028680,7.375
3028681,2261.375
3028682,547.25
3028683,144.74237823486328
3028684,280.875
3028685,49.25
3028686,5391.4814453125
3028687,28.625
3028688,1.0
3028689,27.125
3028690,12.625
3028691,0.0
3028692,311.25
3028693,2.75
3028694,14.375
3028695,6.625
3028696,40.375
3028697,3.375
3028698,229.27549934387207
3028699,302.375
3028700,7.25
3028701,8.75
3028702,229.9202423095703
3028703,48.71462440490723
3028704,1270.865478515625
3028705,6.5
3028706,11.875
3028707,4.375
3028708,0.0
3028709,3.0
3028710,1913.0
3028711,0.0
3028712,304.58638763427734
3028713,7.25
3028714,593.5
3028715,594.375
3028716,164.44561958312988
3028717,105.375
3028718,64.02987575531006
3028719,2649.0
3028720,20.25
3028721,1.375
3028722,7.375
3028723,8.625
3028724,0.0
3028725,189.375
3028726,12.5
3028727,17.5
3028728,0.375
3028729,63.25
3028730,7.625
3028731,267.4909973144531
3028732,200.75
3028733,3.75
3028734,6.0
3028735,257.0664920806885
3028736,34.20737409591675
3028737,1611.1379852294922
3028738,0.0
3028739,17.220749139785767
3028740,3.625
3028741,0.0
3028742,3.125
3028743,4212.375
3028744,0.0
3028745,347.25
3028746,6.25
3028747,1365.875
3028748,506.375
3028749,203.5
3028750,120.75
3028751,57.32124996185303
3028752,5145.375
3028753,8.625
3028754,2.25
3028755,25.125
3028756,14.75
3028757,0.0
3028758,343.0
3028759,0.0
3028760,0.0
3028761,7.375
3028762,34.0
3028763,1.125
3028764,162.21974182128906
3028765,249.25
3028766,2.0
3028767,9.375
3028768,178.55712890625
3028769,41.75
3028770,870.4109802246094
3028771,0.0
3028772,3.375
3028773,4.375
3028774,0.0
3028775,6.875
3028776,1546.125
3028777,0.0
3028778,384.73936462402344
3028779,11.375
3028780,903.75
3028781,567.125
3028782,176.5526180267334
3028783,97.875
3028784,143.29950523376465
3028785,3209.375
3028786,21.125
3028787,1.0
3028788,24.0
3028789,22.75
3028790,0.0
3028791,182.875
3028792,9.0
3028793,10.125
3028794,11.375
3028795,96.75
3028796,9.75
3028797,165.36100006103516
3028798,234.75
3028799,9.25
3028800,6.25
3028801,136.0937557220459
3028802,51.54474973678589
3028803,1582.0281219482422
3028804,0.625
3028805,3.25
3028806,1.0
3028807,0.0
3028808,2.0
3028809,1949.375
3028810,0.0
3028811,367.9096145629883
3028812,6.625
3028813,621.875
3028814,699.25
3028815,147.298002243042
3028816,113.375
3028817,100.61874961853027
3028818,2677.75
3028819,21.75
3028820,0.125
3028821,15.25
3028822,14.75
3028823,0.0
3028824,180.25
3028825,9.125
3028826,31.5
3028827,3.375
3028828,76.875
3028829,7.375
3028830,235.5833740234375
3028831,151.75
3028832,10.875
3028833,6.25
3028834,200.47149848937988
3028835,53.47612476348877
3028836,2015.5087890625
3028837,0.0
3028838,11.660374999046326
3028839,6.625
3028840,0.625
3028841,1.875
3028842,4382.125
3028843,0.0
3028844,483.375
3028845,8.625
3028846,1081.25
3028847,523.625
3028848,240.03812980651855
3028849,156.625
3028850,54.625
3028851,4101.812438964844
3028852,5.625
3028853,0.0
3028854,12.75
3028855,17.0
3028856,0.0
3028857,207.875
3028858,0.0
3028859,7.875
3028860,0.875
3028861,71.25
3028862,0.75
3028863,261.060245513916
3028864,260.5
3028865,2.0
3028866,1.25
3028867,204.02899932861328
3028868,127.98737335205078
3028869,1130.0757598876953
3028870,2.25
3028871,0.125
3028872,15.625
3028873,0.0
3028874,12.75
3028875,7473.125
3028876,0.0
3028877,1256.0537109375
3028878,34.75
3028879,1963.25
3028880,1894.375
3028881,417.2848663330078
3028882,424.25
3028883,421.4828758239746
3028884,7460.5
3028885,91.125
3028886,5.75
3028887,94.125
3028888,109.875
3028889,0.0
3028890,509.125
3028891,16.875
3028892,23.5
3028893,24.125
3028894,350.625
3028895,21.0
3028896,727.1373672485352
3028897,391.375
3028898,32.5
3028899,39.75
3028900,919.2743759155273
3028901,310.0488815307617
3028902,6841.431884765625
3028903,231.375
3028904,62.847750186920166
3028905,11.125
3028906,0.0
3028907,9.625
3028908,7119.875
3028909,0.0
3028910,966.4465026855469
3028911,41.125
3028912,2174.625
3028913,1688.25
3028914,525.0987319946289
3028915,285.0
3028916,279.3453826904297
3028917,8399.625
3028918,121.5
3028919,1.375
3028920,50.25
3028921,63.625
3028922,0.0
3028923,536.625
3028924,21.125
3028925,34.25
3028926,2.25
3028927,209.625
3028928,16.125
3028929,884.4386367797852
3028930,512.75
3028931,18.25
3028932,19.75
3028933,916.6112518310547
3028934,217.1757469177246
3028935,4798.179016113281
3028936,219.5
3028937,53.51724910736084
3028938,9.125
3028939,0.0
3028940,19.5
3028941,4476.625
3028942,0.0
3028943,749.375
3028944,15.0
3028945,1930.5
3028946,1182.125
3028947,611.3238830566406
3028948,98.375
3028949,221.03412628173828
3028950,7417.0
3028951,34.125
3028952,1.0
3028953,32.5
3028954,20.75
3028955,1.0
3028956,506.5
3028957,17.125
3028958,15.375
3028959,11.625
3028960,121.375
3028961,9.0
3028962,793.0681381225586
3028963,500.375
3028964,17.5
3028965,30.25
3028966,563.2052612304688
3028967,116.8913745880127
3028968,2046.2816925048828
3028969,169.5
3028970,37.82837677001953
3028971,18.25
3028972,0.0
3028973,21.125
3028974,6377.0
3028975,0.0
3028976,925.5892486572266
3028977,23.5
3028978,1924.75
3028979,1656.0
3028980,496.1982421875
3028981,265.75
3028982,199.925630569458
3028983,8598.25
3028984,44.75
3028985,1.875
3028986,52.625
3028987,67.125
3028988,0.0
3028989,561.375
3028990,25.0
3028991,30.625
3028992,2.125
3028993,194.875
3028994,11.125
3028995,764.9544906616211
3028996,553.5
3028997,21.0
3028998,31.75
3028999,870.9217681884766
3029000,179.7582492828369
3029001,4504.4326171875
3029002,199.75
3029003,56.77012538909912
3029004,8.75
3029005,0.0
3029006,20.0
3029007,3935.0
3029008,0.0
3029009,630.625
3029010,12.5
3029011,1725.0
3029012,895.875
3029013,506.09387969970703
3029014,85.625
3029015,175.35262298583984
3029016,6298.625
3029017,40.75
3029018,0.0
3029019,33.0
3029020,33.75
3029021,0.0
3029022,468.375
3029023,18.125
3029024,9.5
3029025,5.5
3029026,125.875
3029027,3.0
3029028,629.4439926147461
3029029,552.125
3029030,12.625
3029031,19.875
3029032,629.42626953125
3029033,81.04850006103516
3029034,1386.0411224365234
3029035,279.75
3029036,16.958375334739685
3029037,12.5
3029038,0.0
3029039,7.625
3029040,5163.5
3029041,0.0
3029042,900.6580123901367
3029043,26.25
3029044,1453.75
3029045,1719.375
3029046,319.3735046386719
3029047,352.75
3029048,291.656005859375
3029049,5985.75
3029050,59.0
3029051,2.75
3029052,61.75
3029053,46.25
3029054,0.875
3029055,371.125
3029056,13.125
3029057,30.25
3029058,11.0
3029059,254.375
3029060,9.5
3029061,644.7168960571289
3029062,394.875
3029063,17.5
3029064,25.75
3029065,723.817008972168
3029066,168.2400016784668
3029067,5586.4881591796875
3029068,152.25
3029069,57.29249954223633
3029070,5.25
3029071,0.0
3029072,4.875
3029073,1649.75
3029074,0.0
3029075,301.63274002075195
3029076,22.75
3029077,773.125
3029078,468.375
3029079,201.64849662780762
3029080,62.75
3029081,76.20600128173828
3029082,2464.125
3029083,35.25
3029084,0.375
3029085,31.5
3029086,21.875
3029087,0.0
3029088,169.0
3029089,9.25
3029090,6.125
3029091,11.25
3029092,60.875
3029093,2.0
3029094,233.15737915039062
3029095,196.875
3029096,1.25
3029097,7.625
3029098,193.4566192626953
3029099,56.78225135803223
3029100,1358.561019897461
3029101,0.375
3029102,8.003124952316284
3029103,9.875
3029104,0.0
3029105,13.75
3029106,3871.5
3029107,0.0
3029108,489.34661865234375
3029109,28.625
3029110,1445.875
3029111,931.375
3029112,394.918758392334
3029113,87.125
3029114,220.48937797546387
3029115,5873.375
3029116,85.125
3029117,1.0
3029118,62.875
3029119,31.625
3029120,0.0
3029121,325.5
3029122,10.625
3029123,8.375
3029124,1.375
3029125,136.75
3029126,6.75
3029127,483.742000579834
3029128,452.5
3029129,10.5
3029130,15.5
3029131,324.16486740112305
3029132,83.50037384033203
3029133,1828.017578125
3029134,249.75
3029135,16.39174973964691
3029136,8.25
3029137,0.0
3029138,3.625
3029139,3435.625
3029140,0.0
3029141,682.1627578735352
3029142,9.25
3029143,1116.5
3029144,1205.75
3029145,195.16637992858887
3029146,270.125
3029147,181.8832550048828
3029148,3991.625
3029149,37.75
3029150,1.0
3029151,18.375
3029152,24.25
3029153,0.0
3029154,253.25
3029155,1.375
3029156,57.625
3029157,5.5
3029158,121.125
3029159,9.75
3029160,461.5033721923828
3029161,195.625
3029162,17.75
3029163,14.125
3029164,517.2862510681152
3029165,109.30374908447266
3029166,4061.6860961914062
3029167,3.25
3029168,26.56000065803528
3029169,11.125
3029170,0.0
3029171,5.125
3029172,3777.0
3029173,0.0
3029174,699.7537384033203
3029175,13.625
3029176,1371.5
3029177,1015.0
3029178,304.7310028076172
3029179,180.875
3029180,334.1927604675293
3029181,5273.875
3029182,42.875
3029183,2.25
3029184,33.125
3029185,31.5
3029186,0.0
3029187,296.0
3029188,7.25
3029189,62.875
3029190,8.625
3029191,277.625
3029192,10.375
3029193,396.15837478637695
3029194,277.5
3029195,17.375
3029196,27.0
3029197,392.43386459350586
3029198,92.66687679290771
3029199,3945.376922607422
3029200,2.75
3029201,8.925750017166138
3029202,3.0
3029203,0.0
3029204,1.25
3029205,1648.25
3029206,0.0
3029207,367.05075454711914
3029208,14.0
3029209,692.25
3029210,374.875
3029211,184.51437377929688
3029212,67.625
3029213,75.60625076293945
3029214,2345.875
3029215,14.5
3029216,1.0
3029217,29.25
3029218,20.0
3029219,0.0
3029220,144.25
3029221,3.25
3029222,6.75
3029223,10.0
3029224,60.0
3029225,3.75
3029226,205.9778709411621
3029227,189.875
3029228,3.625
3029229,5.375
3029230,121.94075107574463
3029231,52.28537654876709
3029232,1597.744613647461
3029233,0.375
3029234,2.25
3029235,5.25
3029236,0.0
3029237,1.625
3029238,2797.125
3029239,0.0
3029240,169.75
3029241,5.625
3029242,724.375
3029243,189.875
3029244,172.75
3029245,48.125
3029246,38.27125120162964
3029247,2804.375
3029248,10.375
3029249,0.0
3029250,14.5
3029251,8.5
3029252,0.0
3029253,168.75
3029254,0.0
3029255,0.0
3029256,1.875
3029257,12.5
3029258,1.375
3029259,53.59774971008301
3029260,144.875
3029261,0.0
3029262,1.375
3029263,51.17849922180176
3029264,70.75
3029265,500.91788482666016
3029266,0.0
3029267,2.375
3029268,6.375
3029269,0.0
3029270,4.375
3029271,2608.375
3029272,0.0
3029273,437.2534942626953
3029274,16.375
3029275,1011.375
3029276,748.75
3029277,254.9771213531494
3029278,128.75
3029279,104.125
3029280,3916.375
3029281,26.25
3029282,2.0
3029283,17.25
3029284,40.625
3029285,0.0
3029286,246.75
3029287,17.375
3029288,20.125
3029289,16.125
3029290,75.375
3029291,5.625
3029292,366.84024810791016
3029293,249.875
3029294,8.5
3029295,15.0
3029296,394.7913703918457
3029297,76.15899658203125
3029298,1871.2496032714844
3029299,0.0
3029300,19.24774980545044
3029301,4.375
3029302,0.0
3029303,5.0
3029304,3250.0
3029305,0.0
3029306,564.2921295166016
3029307,16.0
3029308,901.25
3029309,1091.875
3029310,148.86075019836426
3029311,233.75
3029312,168.22038078308105
3029313,3395.375
3029314,32.125
3029315,2.0
3029316,36.625
3029317,26.5
3029318,0.875
3029319,214.75
3029320,12.875
3029321,34.875
3029322,12.5
3029323,132.375
3029324,8.5
3029325,370.0202445983887
3029326,210.125
3029327,6.25
3029328,11.0
3029329,546.0147476196289
3029330,113.29012393951416
3029331,4276.664855957031
3029332,0.0
3029333,30.655375480651855
3029334,3.625
3029335,0.625
3029336,7.625
3029337,3810.875
3029338,0.0
3029339,704.0087356567383
3029340,27.25
3029341,978.75
3029342,1167.875
3029343,228.07137298583984
3029344,231.0
3029345,118.125
3029346,4006.875
3029347,30.25
3029348,1.125
3029349,25.125
3029350,39.0
3029351,0.0
3029352,279.75
3029353,24.5
3029354,25.0
3029355,36.375
3029356,156.75
3029357,19.625
3029358,375.5435028076172
3029359,262.75
3029360,11.75
3029361,13.625
3029362,448.439884185791
3029363,145.45800590515137
3029364,3239.98974609375
3029365,0.375
3029366,29.925124883651733
3029367,14.25
3029368,0.0
3029369,4.625
3029370,2529.5
3029371,0.0
3029372,421.25
3029373,8.875
3029374,1249.75
3029375,579.5
3029376,419.690616607666
3029377,170.375
3029378,107.06599712371826
3029379,5070.540832519531
3029380,10.875
3029381,0.875
3029382,45.625
3029383,30.125
3029384,0.0
3029385,313.0
3029386,7.125
3029387,5.75
3029388,6.125
3029389,36.875
3029390,3.125
3029391,531.0739974975586
3029392,344.0
3029393,9.625
3029394,6.5
3029395,335.416748046875
3029396,88.99537467956543
3029397,1128.7230987548828
3029398,122.375
3029399,13.755250334739685
