full_date,date_key,year,quarter,month_number,month_name,week_of_year,day_name,is_weekend,is_payday,month_start
2013-01-01,20130101,2013,Q1,1,January,1,Tuesday,0,0,2013-01-01
2013-01-02,20130102,2013,Q1,1,January,1,Wednesday,0,0,2013-01-01
2013-01-03,20130103,2013,Q1,1,January,1,Thursday,0,0,2013-01-01
2013-01-04,20130104,2013,Q1,1,January,1,Friday,0,0,2013-01-01
2013-01-05,20130105,2013,Q1,1,January,1,Saturday,1,0,2013-01-01
2013-01-06,20130106,2013,Q1,1,January,1,Sunday,1,0,2013-01-01
2013-01-07,20130107,2013,Q1,1,January,2,Monday,0,0,2013-01-01
2013-01-08,20130108,2013,Q1,1,January,2,Tuesday,0,0,2013-01-01
2013-01-09,20130109,2013,Q1,1,January,2,Wednesday,0,0,2013-01-01
2013-01-10,20130110,2013,Q1,1,January,2,Thursday,0,0,2013-01-01
2013-01-11,20130111,2013,Q1,1,January,2,Friday,0,0,2013-01-01
2013-01-12,20130112,2013,Q1,1,January,2,Saturday,1,0,2013-01-01
2013-01-13,20130113,2013,Q1,1,January,2,Sunday,1,0,2013-01-01
2013-01-14,20130114,2013,Q1,1,January,3,Monday,0,0,2013-01-01
2013-01-15,20130115,2013,Q1,1,January,3,Tuesday,0,1,2013-01-01
2013-01-16,20130116,2013,Q1,1,January,3,Wednesday,0,0,2013-01-01
2013-01-17,20130117,2013,Q1,1,January,3,Thursday,0,0,2013-01-01
2013-01-18,20130118,2013,Q1,1,January,3,Friday,0,0,2013-01-01
2013-01-19,20130119,2013,Q1,1,January,3,Saturday,1,0,2013-01-01
2013-01-20,20130120,2013,Q1,1,January,3,Sunday,1,0,2013-01-01
2013-01-21,20130121,2013,Q1,1,January,4,Monday,0,0,2013-01-01
2013-01-22,20130122,2013,Q1,1,January,4,Tuesday,0,0,2013-01-01
2013-01-23,20130123,2013,Q1,1,January,4,Wednesday,0,0,2013-01-01
2013-01-24,20130124,2013,Q1,1,January,4,Thursday,0,0,2013-01-01
2013-01-25,20130125,2013,Q1,1,January,4,Friday,0,0,2013-01-01
2013-01-26,20130126,2013,Q1,1,January,4,Saturday,1,0,2013-01-01
2013-01-27,20130127,2013,Q1,1,January,4,Sunday,1,0,2013-01-01
2013-01-28,20130128,2013,Q1,1,January,5,Monday,0,0,2013-01-01
2013-01-29,20130129,2013,Q1,1,January,5,Tuesday,0,0,2013-01-01
2013-01-30,20130130,2013,Q1,1,January,5,Wednesday,0,0,2013-01-01
2013-01-31,20130131,2013,Q1,1,January,5,Thursday,0,1,2013-01-01
2013-02-01,20130201,2013,Q1,2,February,5,Friday,0,0,2013-02-01
2013-02-02,20130202,2013,Q1,2,February,5,Saturday,1,0,2013-02-01
2013-02-03,20130203,2013,Q1,2,February,5,Sunday,1,0,2013-02-01
2013-02-04,20130204,2013,Q1,2,February,6,Monday,0,0,2013-02-01
2013-02-05,20130205,2013,Q1,2,February,6,Tuesday,0,0,2013-02-01
2013-02-06,20130206,2013,Q1,2,February,6,Wednesday,0,0,2013-02-01
2013-02-07,20130207,2013,Q1,2,February,6,Thursday,0,0,2013-02-01
2013-02-08,20130208,2013,Q1,2,February,6,Friday,0,0,2013-02-01
2013-02-09,20130209,2013,Q1,2,February,6,Saturday,1,0,2013-02-01
2013-02-10,20130210,2013,Q1,2,February,6,Sunday,1,0,2013-02-01
2013-02-11,20130211,2013,Q1,2,February,7,Monday,0,0,2013-02-01
2013-02-12,20130212,2013,Q1,2,February,7,Tuesday,0,0,2013-02-01
2013-02-13,20130213,2013,Q1,2,February,7,Wednesday,0,0,2013-02-01
2013-02-14,20130214,2013,Q1,2,February,7,Thursday,0,0,2013-02-01
2013-02-15,20130215,2013,Q1,2,February,7,Friday,0,1,2013-02-01
2013-02-16,20130216,2013,Q1,2,February,7,Saturday,1,0,2013-02-01
2013-02-17,20130217,2013,Q1,2,February,7,Sunday,1,0,2013-02-01
2013-02-18,20130218,2013,Q1,2,February,8,Monday,0,0,2013-02-01
2013-02-19,20130219,2013,Q1,2,February,8,Tuesday,0,0,2013-02-01
2013-02-20,20130220,2013,Q1,2,February,8,Wednesday,0,0,2013-02-01
2013-02-21,20130221,2013,Q1,2,February,8,Thursday,0,0,2013-02-01
2013-02-22,20130222,2013,Q1,2,February,8,Friday,0,0,2013-02-01
2013-02-23,20130223,2013,Q1,2,February,8,Saturday,1,0,2013-02-01
2013-02-24,20130224,2013,Q1,2,February,8,Sunday,1,0,2013-02-01
2013-02-25,20130225,2013,Q1,2,February,9,Monday,0,0,2013-02-01
2013-02-26,20130226,2013,Q1,2,February,9,Tuesday,0,0,2013-02-01
2013-02-27,20130227,2013,Q1,2,February,9,Wednesday,0,0,2013-02-01
2013-02-28,20130228,2013,Q1,2,February,9,Thursday,0,1,2013-02-01
2013-03-01,20130301,2013,Q1,3,March,9,Friday,0,0,2013-03-01
2013-03-02,20130302,2013,Q1,3,March,9,Saturday,1,0,2013-03-01
2013-03-03,20130303,2013,Q1,3,March,9,Sunday,1,0,2013-03-01
2013-03-04,20130304,2013,Q1,3,March,10,Monday,0,0,2013-03-01
2013-03-05,20130305,2013,Q1,3,March,10,Tuesday,0,0,2013-03-01
2013-03-06,20130306,2013,Q1,3,March,10,Wednesday,0,0,2013-03-01
2013-03-07,20130307,2013,Q1,3,March,10,Thursday,0,0,2013-03-01
2013-03-08,20130308,2013,Q1,3,March,10,Friday,0,0,2013-03-01
2013-03-09,20130309,2013,Q1,3,March,10,Saturday,1,0,2013-03-01
2013-03-10,20130310,2013,Q1,3,March,10,Sunday,1,0,2013-03-01
2013-03-11,20130311,2013,Q1,3,March,11,Monday,0,0,2013-03-01
2013-03-12,20130312,2013,Q1,3,March,11,Tuesday,0,0,2013-03-01
2013-03-13,20130313,2013,Q1,3,March,11,Wednesday,0,0,2013-03-01
2013-03-14,20130314,2013,Q1,3,March,11,Thursday,0,0,2013-03-01
2013-03-15,20130315,2013,Q1,3,March,11,Friday,0,1,2013-03-01
2013-03-16,20130316,2013,Q1,3,March,11,Saturday,1,0,2013-03-01
2013-03-17,20130317,2013,Q1,3,March,11,Sunday,1,0,2013-03-01
2013-03-18,20130318,2013,Q1,3,March,12,Monday,0,0,2013-03-01
2013-03-19,20130319,2013,Q1,3,March,12,Tuesday,0,0,2013-03-01
2013-03-20,20130320,2013,Q1,3,March,12,Wednesday,0,0,2013-03-01
2013-03-21,20130321,2013,Q1,3,March,12,Thursday,0,0,2013-03-01
2013-03-22,20130322,2013,Q1,3,March,12,Friday,0,0,2013-03-01
2013-03-23,20130323,2013,Q1,3,March,12,Saturday,1,0,2013-03-01
2013-03-24,20130324,2013,Q1,3,March,12,Sunday,1,0,2013-03-01
2013-03-25,20130325,2013,Q1,3,March,13,Monday,0,0,2013-03-01
2013-03-26,20130326,2013,Q1,3,March,13,Tuesday,0,0,2013-03-01
2013-03-27,20130327,2013,Q1,3,March,13,Wednesday,0,0,2013-03-01
2013-03-28,20130328,2013,Q1,3,March,13,Thursday,0,0,2013-03-01
2013-03-29,20130329,2013,Q1,3,March,13,Friday,0,0,2013-03-01
2013-03-30,20130330,2013,Q1,3,March,13,Saturday,1,0,2013-03-01
2013-03-31,20130331,2013,Q1,3,March,13,Sunday,1,1,2013-03-01
2013-04-01,20130401,2013,Q2,4,April,14,Monday,0,0,2013-04-01
2013-04-02,20130402,2013,Q2,4,April,14,Tuesday,0,0,2013-04-01
2013-04-03,20130403,2013,Q2,4,April,14,Wednesday,0,0,2013-04-01
2013-04-04,20130404,2013,Q2,4,April,14,Thursday,0,0,2013-04-01
2013-04-05,20130405,2013,Q2,4,April,14,Friday,0,0,2013-04-01
2013-04-06,20130406,2013,Q2,4,April,14,Saturday,1,0,2013-04-01
2013-04-07,20130407,2013,Q2,4,April,14,Sunday,1,0,2013-04-01
2013-04-08,20130408,2013,Q2,4,April,15,Monday,0,0,2013-04-01
2013-04-09,20130409,2013,Q2,4,April,15,Tuesday,0,0,2013-04-01
2013-04-10,20130410,2013,Q2,4,April,15,Wednesday,0,0,2013-04-01
2013-04-11,20130411,2013,Q2,4,April,15,Thursday,0,0,2013-04-01
2013-04-12,20130412,2013,Q2,4,April,15,Friday,0,0,2013-04-01
2013-04-13,20130413,2013,Q2,4,April,15,Saturday,1,0,2013-04-01
2013-04-14,20130414,2013,Q2,4,April,15,Sunday,1,0,2013-04-01
2013-04-15,20130415,2013,Q2,4,April,16,Monday,0,1,2013-04-01
2013-04-16,20130416,2013,Q2,4,April,16,Tuesday,0,0,2013-04-01
2013-04-17,20130417,2013,Q2,4,April,16,Wednesday,0,0,2013-04-01
2013-04-18,20130418,2013,Q2,4,April,16,Thursday,0,0,2013-04-01
2013-04-19,20130419,2013,Q2,4,April,16,Friday,0,0,2013-04-01
2013-04-20,20130420,2013,Q2,4,April,16,Saturday,1,0,2013-04-01
2013-04-21,20130421,2013,Q2,4,April,16,Sunday,1,0,2013-04-01
2013-04-22,20130422,2013,Q2,4,April,17,Monday,0,0,2013-04-01
2013-04-23,20130423,2013,Q2,4,April,17,Tuesday,0,0,2013-04-01
2013-04-24,20130424,2013,Q2,4,April,17,Wednesday,0,0,2013-04-01
2013-04-25,20130425,2013,Q2,4,April,17,Thursday,0,0,2013-04-01
2013-04-26,20130426,2013,Q2,4,April,17,Friday,0,0,2013-04-01
2013-04-27,20130427,2013,Q2,4,April,17,Saturday,1,0,2013-04-01
2013-04-28,20130428,2013,Q2,4,April,17,Sunday,1,0,2013-04-01
2013-04-29,20130429,2013,Q2,4,April,18,Monday,0,0,2013-04-01
2013-04-30,20130430,2013,Q2,4,April,18,Tuesday,0,1,2013-04-01
2013-05-01,20130501,2013,Q2,5,May,18,Wednesday,0,0,2013-05-01
2013-05-02,20130502,2013,Q2,5,May,18,Thursday,0,0,2013-05-01
2013-05-03,20130503,2013,Q2,5,May,18,Friday,0,0,2013-05-01
2013-05-04,20130504,2013,Q2,5,May,18,Saturday,1,0,2013-05-01
2013-05-05,20130505,2013,Q2,5,May,18,Sunday,1,0,2013-05-01
2013-05-06,20130506,2013,Q2,5,May,19,Monday,0,0,2013-05-01
2013-05-07,20130507,2013,Q2,5,May,19,Tuesday,0,0,2013-05-01
2013-05-08,20130508,2013,Q2,5,May,19,Wednesday,0,0,2013-05-01
2013-05-09,20130509,2013,Q2,5,May,19,Thursday,0,0,2013-05-01
2013-05-10,20130510,2013,Q2,5,May,19,Friday,0,0,2013-05-01
2013-05-11,20130511,2013,Q2,5,May,19,Saturday,1,0,2013-05-01
2013-05-12,20130512,2013,Q2,5,May,19,Sunday,1,0,2013-05-01
2013-05-13,20130513,2013,Q2,5,May,20,Monday,0,0,2013-05-01
2013-05-14,20130514,2013,Q2,5,May,20,Tuesday,0,0,2013-05-01
2013-05-15,20130515,2013,Q2,5,May,20,Wednesday,0,1,2013-05-01
2013-05-16,20130516,2013,Q2,5,May,20,Thursday,0,0,2013-05-01
2013-05-17,20130517,2013,Q2,5,May,20,Friday,0,0,2013-05-01
2013-05-18,20130518,2013,Q2,5,May,20,Saturday,1,0,2013-05-01
2013-05-19,20130519,2013,Q2,5,May,20,Sunday,1,0,2013-05-01
2013-05-20,20130520,2013,Q2,5,May,21,Monday,0,0,2013-05-01
2013-05-21,20130521,2013,Q2,5,May,21,Tuesday,0,0,2013-05-01
2013-05-22,20130522,2013,Q2,5,May,21,Wednesday,0,0,2013-05-01
2013-05-23,20130523,2013,Q2,5,May,21,Thursday,0,0,2013-05-01
2013-05-24,20130524,2013,Q2,5,May,21,Friday,0,0,2013-05-01
2013-05-25,20130525,2013,Q2,5,May,21,Saturday,1,0,2013-05-01
2013-05-26,20130526,2013,Q2,5,May,21,Sunday,1,0,2013-05-01
2013-05-27,20130527,2013,Q2,5,May,22,Monday,0,0,2013-05-01
2013-05-28,20130528,2013,Q2,5,May,22,Tuesday,0,0,2013-05-01
2013-05-29,20130529,2013,Q2,5,May,22,Wednesday,0,0,2013-05-01
2013-05-30,20130530,2013,Q2,5,May,22,Thursday,0,0,2013-05-01
2013-05-31,20130531,2013,Q2,5,May,22,Friday,0,1,2013-05-01
2013-06-01,20130601,2013,Q2,6,June,22,Saturday,1,0,2013-06-01
2013-06-02,20130602,2013,Q2,6,June,22,Sunday,1,0,2013-06-01
2013-06-03,20130603,2013,Q2,6,June,23,Monday,0,0,2013-06-01
2013-06-04,20130604,2013,Q2,6,June,23,Tuesday,0,0,2013-06-01
2013-06-05,20130605,2013,Q2,6,June,23,Wednesday,0,0,2013-06-01
2013-06-06,20130606,2013,Q2,6,June,23,Thursday,0,0,2013-06-01
2013-06-07,20130607,2013,Q2,6,June,23,Friday,0,0,2013-06-01
2013-06-08,20130608,2013,Q2,6,June,23,Saturday,1,0,2013-06-01
2013-06-09,20130609,2013,Q2,6,June,23,Sunday,1,0,2013-06-01
2013-06-10,20130610,2013,Q2,6,June,24,Monday,0,0,2013-06-01
2013-06-11,20130611,2013,Q2,6,June,24,Tuesday,0,0,2013-06-01
2013-06-12,20130612,2013,Q2,6,June,24,Wednesday,0,0,2013-06-01
2013-06-13,20130613,2013,Q2,6,June,24,Thursday,0,0,2013-06-01
2013-06-14,20130614,2013,Q2,6,June,24,Friday,0,0,2013-06-01
2013-06-15,20130615,2013,Q2,6,June,24,Saturday,1,1,2013-06-01
2013-06-16,20130616,2013,Q2,6,June,24,Sunday,1,0,2013-06-01
2013-06-17,20130617,2013,Q2,6,June,25,Monday,0,0,2013-06-01
2013-06-18,20130618,2013,Q2,6,June,25,Tuesday,0,0,2013-06-01
2013-06-19,20130619,2013,Q2,6,June,25,Wednesday,0,0,2013-06-01
2013-06-20,20130620,2013,Q2,6,June,25,Thursday,0,0,2013-06-01
2013-06-21,20130621,2013,Q2,6,June,25,Friday,0,0,2013-06-01
2013-06-22,20130622,2013,Q2,6,June,25,Saturday,1,0,2013-06-01
2013-06-23,20130623,2013,Q2,6,June,25,Sunday,1,0,2013-06-01
2013-06-24,20130624,2013,Q2,6,June,26,Monday,0,0,2013-06-01
2013-06-25,20130625,2013,Q2,6,June,26,Tuesday,0,0,2013-06-01
2013-06-26,20130626,2013,Q2,6,June,26,Wednesday,0,0,2013-06-01
2013-06-27,20130627,2013,Q2,6,June,26,Thursday,0,0,2013-06-01
2013-06-28,20130628,2013,Q2,6,June,26,Friday,0,0,2013-06-01
2013-06-29,20130629,2013,Q2,6,June,26,Saturday,1,0,2013-06-01
2013-06-30,20130630,2013,Q2,6,June,26,Sunday,1,1,2013-06-01
2013-07-01,20130701,2013,Q3,7,July,27,Monday,0,0,2013-07-01
2013-07-02,20130702,2013,Q3,7,July,27,Tuesday,0,0,2013-07-01
2013-07-03,20130703,2013,Q3,7,July,27,Wednesday,0,0,2013-07-01
2013-07-04,20130704,2013,Q3,7,July,27,Thursday,0,0,2013-07-01
2013-07-05,20130705,2013,Q3,7,July,27,Friday,0,0,2013-07-01
2013-07-06,20130706,2013,Q3,7,July,27,Saturday,1,0,2013-07-01
2013-07-07,20130707,2013,Q3,7,July,27,Sunday,1,0,2013-07-01
2013-07-08,20130708,2013,Q3,7,July,28,Monday,0,0,2013-07-01
2013-07-09,20130709,2013,Q3,7,July,28,Tuesday,0,0,2013-07-01
2013-07-10,20130710,2013,Q3,7,July,28,Wednesday,0,0,2013-07-01
2013-07-11,20130711,2013,Q3,7,July,28,Thursday,0,0,2013-07-01
2013-07-12,20130712,2013,Q3,7,July,28,Friday,0,0,2013-07-01
2013-07-13,20130713,2013,Q3,7,July,28,Saturday,1,0,2013-07-01
2013-07-14,20130714,2013,Q3,7,July,28,Sunday,1,0,2013-07-01
2013-07-15,20130715,2013,Q3,7,July,29,Monday,0,1,2013-07-01
2013-07-16,20130716,2013,Q3,7,July,29,Tuesday,0,0,2013-07-01
2013-07-17,20130717,2013,Q3,7,July,29,Wednesday,0,0,2013-07-01
2013-07-18,20130718,2013,Q3,7,July,29,Thursday,0,0,2013-07-01
2013-07-19,20130719,2013,Q3,7,July,29,Friday,0,0,2013-07-01
2013-07-20,20130720,2013,Q3,7,July,29,Saturday,1,0,2013-07-01
2013-07-21,20130721,2013,Q3,7,July,29,Sunday,1,0,2013-07-01
2013-07-22,20130722,2013,Q3,7,July,30,Monday,0,0,2013-07-01
2013-07-23,20130723,2013,Q3,7,July,30,Tuesday,0,0,2013-07-01
2013-07-24,20130724,2013,Q3,7,July,30,Wednesday,0,0,2013-07-01
2013-07-25,20130725,2013,Q3,7,July,30,Thursday,0,0,2013-07-01
2013-07-26,20130726,2013,Q3,7,July,30,Friday,0,0,2013-07-01
2013-07-27,20130727,2013,Q3,7,July,30,Saturday,1,0,2013-07-01
2013-07-28,20130728,2013,Q3,7,July,30,Sunday,1,0,2013-07-01
2013-07-29,20130729,2013,Q3,7,July,31,Monday,0,0,2013-07-01
2013-07-30,20130730,2013,Q3,7,July,31,Tuesday,0,0,2013-07-01
2013-07-31,20130731,2013,Q3,7,July,31,Wednesday,0,1,2013-07-01
2013-08-01,20130801,2013,Q3,8,August,31,Thursday,0,0,2013-08-01
2013-08-02,20130802,2013,Q3,8,August,31,Friday,0,0,2013-08-01
2013-08-03,20130803,2013,Q3,8,August,31,Saturday,1,0,2013-08-01
2013-08-04,20130804,2013,Q3,8,August,31,Sunday,1,0,2013-08-01
2013-08-05,20130805,2013,Q3,8,August,32,Monday,0,0,2013-08-01
2013-08-06,20130806,2013,Q3,8,August,32,Tuesday,0,0,2013-08-01
2013-08-07,20130807,2013,Q3,8,August,32,Wednesday,0,0,2013-08-01
2013-08-08,20130808,2013,Q3,8,August,32,Thursday,0,0,2013-08-01
2013-08-09,20130809,2013,Q3,8,August,32,Friday,0,0,2013-08-01
2013-08-10,20130810,2013,Q3,8,August,32,Saturday,1,0,2013-08-01
2013-08-11,20130811,2013,Q3,8,August,32,Sunday,1,0,2013-08-01
2013-08-12,20130812,2013,Q3,8,August,33,Monday,0,0,2013-08-01
2013-08-13,20130813,2013,Q3,8,August,33,Tuesday,0,0,2013-08-01
2013-08-14,20130814,2013,Q3,8,August,33,Wednesday,0,0,2013-08-01
2013-08-15,20130815,2013,Q3,8,August,33,Thursday,0,1,2013-08-01
2013-08-16,20130816,2013,Q3,8,August,33,Friday,0,0,2013-08-01
2013-08-17,20130817,2013,Q3,8,August,33,Saturday,1,0,2013-08-01
2013-08-18,20130818,2013,Q3,8,August,33,Sunday,1,0,2013-08-01
2013-08-19,20130819,2013,Q3,8,August,34,Monday,0,0,2013-08-01
2013-08-20,20130820,2013,Q3,8,August,34,Tuesday,0,0,2013-08-01
2013-08-21,20130821,2013,Q3,8,August,34,Wednesday,0,0,2013-08-01
2013-08-22,20130822,2013,Q3,8,August,34,Thursday,0,0,2013-08-01
2013-08-23,20130823,2013,Q3,8,August,34,Friday,0,0,2013-08-01
2013-08-24,20130824,2013,Q3,8,August,34,Saturday,1,0,2013-08-01
2013-08-25,20130825,2013,Q3,8,August,34,Sunday,1,0,2013-08-01
2013-08-26,20130826,2013,Q3,8,August,35,Monday,0,0,2013-08-01
2013-08-27,20130827,2013,Q3,8,August,35,Tuesday,0,0,2013-08-01
2013-08-28,20130828,2013,Q3,8,August,35,Wednesday,0,0,2013-08-01
2013-08-29,20130829,2013,Q3,8,August,35,Thursday,0,0,2013-08-01
2013-08-30,20130830,2013,Q3,8,August,35,Friday,0,0,2013-08-01
2013-08-31,20130831,2013,Q3,8,August,35,Saturday,1,1,2013-08-01
2013-09-01,20130901,2013,Q3,9,September,35,Sunday,1,0,2013-09-01
2013-09-02,20130902,2013,Q3,9,September,36,Monday,0,0,2013-09-01
2013-09-03,20130903,2013,Q3,9,September,36,Tuesday,0,0,2013-09-01
2013-09-04,20130904,2013,Q3,9,September,36,Wednesday,0,0,2013-09-01
2013-09-05,20130905,2013,Q3,9,September,36,Thursday,0,0,2013-09-01
2013-09-06,20130906,2013,Q3,9,September,36,Friday,0,0,2013-09-01
2013-09-07,20130907,2013,Q3,9,September,36,Saturday,1,0,2013-09-01
2013-09-08,20130908,2013,Q3,9,September,36,Sunday,1,0,2013-09-01
2013-09-09,20130909,2013,Q3,9,September,37,Monday,0,0,2013-09-01
2013-09-10,20130910,2013,Q3,9,September,37,Tuesday,0,0,2013-09-01
2013-09-11,20130911,2013,Q3,9,September,37,Wednesday,0,0,2013-09-01
2013-09-12,20130912,2013,Q3,9,September,37,Thursday,0,0,2013-09-01
2013-09-13,20130913,2013,Q3,9,September,37,Friday,0,0,2013-09-01
2013-09-14,20130914,2013,Q3,9,September,37,Saturday,1,0,2013-09-01
2013-09-15,20130915,2013,Q3,9,September,37,Sunday,1,1,2013-09-01
2013-09-16,20130916,2013,Q3,9,September,38,Monday,0,0,2013-09-01
2013-09-17,20130917,2013,Q3,9,September,38,Tuesday,0,0,2013-09-01
2013-09-18,20130918,2013,Q3,9,September,38,Wednesday,0,0,2013-09-01
2013-09-19,20130919,2013,Q3,9,September,38,Thursday,0,0,2013-09-01
2013-09-20,20130920,2013,Q3,9,September,38,Friday,0,0,2013-09-01
2013-09-21,20130921,2013,Q3,9,September,38,Saturday,1,0,2013-09-01
2013-09-22,20130922,2013,Q3,9,September,38,Sunday,1,0,2013-09-01
2013-09-23,20130923,2013,Q3,9,September,39,Monday,0,0,2013-09-01
2013-09-24,20130924,2013,Q3,9,September,39,Tuesday,0,0,2013-09-01
2013-09-25,20130925,2013,Q3,9,September,39,Wednesday,0,0,2013-09-01
2013-09-26,20130926,2013,Q3,9,September,39,Thursday,0,0,2013-09-01
2013-09-27,20130927,2013,Q3,9,September,39,Friday,0,0,2013-09-01
2013-09-28,20130928,2013,Q3,9,September,39,Saturday,1,0,2013-09-01
2013-09-29,20130929,2013,Q3,9,September,39,Sunday,1,0,2013-09-01
2013-09-30,20130930,2013,Q3,9,September,40,Monday,0,1,2013-09-01
2013-10-01,20131001,2013,Q4,10,October,40,Tuesday,0,0,2013-10-01
2013-10-02,20131002,2013,Q4,10,October,40,Wednesday,0,0,2013-10-01
2013-10-03,20131003,2013,Q4,10,October,40,Thursday,0,0,2013-10-01
2013-10-04,20131004,2013,Q4,10,October,40,Friday,0,0,2013-10-01
2013-10-05,20131005,2013,Q4,10,October,40,Saturday,1,0,2013-10-01
2013-10-06,20131006,2013,Q4,10,October,40,Sunday,1,0,2013-10-01
2013-10-07,20131007,2013,Q4,10,October,41,Monday,0,0,2013-10-01
2013-10-08,20131008,2013,Q4,10,October,41,Tuesday,0,0,2013-10-01
2013-10-09,20131009,2013,Q4,10,October,41,Wednesday,0,0,2013-10-01
2013-10-10,20131010,2013,Q4,10,October,41,Thursday,0,0,2013-10-01
2013-10-11,20131011,2013,Q4,10,October,41,Friday,0,0,2013-10-01
2013-10-12,20131012,2013,Q4,10,October,41,Saturday,1,0,2013-10-01
2013-10-13,20131013,2013,Q4,10,October,41,Sunday,1,0,2013-10-01
2013-10-14,20131014,2013,Q4,10,October,42,Monday,0,0,2013-10-01
2013-10-15,20131015,2013,Q4,10,October,42,Tuesday,0,1,2013-10-01
2013-10-16,20131016,2013,Q4,10,October,42,Wednesday,0,0,2013-10-01
2013-10-17,20131017,2013,Q4,10,October,42,Thursday,0,0,2013-10-01
2013-10-18,20131018,2013,Q4,10,October,42,Friday,0,0,2013-10-01
2013-10-19,20131019,2013,Q4,10,October,42,Saturday,1,0,2013-10-01
2013-10-20,20131020,2013,Q4,10,October,42,Sunday,1,0,2013-10-01
2013-10-21,20131021,2013,Q4,10,October,43,Monday,0,0,2013-10-01
2013-10-22,20131022,2013,Q4,10,October,43,Tuesday,0,0,2013-10-01
2013-10-23,20131023,2013,Q4,10,October,43,Wednesday,0,0,2013-10-01
2013-10-24,20131024,2013,Q4,10,October,43,Thursday,0,0,2013-10-01
2013-10-25,20131025,2013,Q4,10,October,43,Friday,0,0,2013-10-01
2013-10-26,20131026,2013,Q4,10,October,43,Saturday,1,0,2013-10-01
2013-10-27,20131027,2013,Q4,10,October,43,Sunday,1,0,2013-10-01
2013-10-28,20131028,2013,Q4,10,October,44,Monday,0,0,2013-10-01
2013-10-29,20131029,2013,Q4,10,October,44,Tuesday,0,0,2013-10-01
2013-10-30,20131030,2013,Q4,10,October,44,Wednesday,0,0,2013-10-01
2013-10-31,20131031,2013,Q4,10,October,44,Thursday,0,1,2013-10-01
2013-11-01,20131101,2013,Q4,11,November,44,Friday,0,0,2013-11-01
2013-11-02,20131102,2013,Q4,11,November,44,Saturday,1,0,2013-11-01
2013-11-03,20131103,2013,Q4,11,November,44,Sunday,1,0,2013-11-01
2013-11-04,20131104,2013,Q4,11,November,45,Monday,0,0,2013-11-01
2013-11-05,20131105,2013,Q4,11,November,45,Tuesday,0,0,2013-11-01
2013-11-06,20131106,2013,Q4,11,November,45,Wednesday,0,0,2013-11-01
2013-11-07,20131107,2013,Q4,11,November,45,Thursday,0,0,2013-11-01
2013-11-08,20131108,2013,Q4,11,November,45,Friday,0,0,2013-11-01
2013-11-09,20131109,2013,Q4,11,November,45,Saturday,1,0,2013-11-01
2013-11-10,20131110,2013,Q4,11,November,45,Sunday,1,0,2013-11-01
2013-11-11,20131111,2013,Q4,11,November,46,Monday,0,0,2013-11-01
2013-11-12,20131112,2013,Q4,11,November,46,Tuesday,0,0,2013-11-01
2013-11-13,20131113,2013,Q4,11,November,46,Wednesday,0,0,2013-11-01
2013-11-14,20131114,2013,Q4,11,November,46,Thursday,0,0,2013-11-01
2013-11-15,20131115,2013,Q4,11,November,46,Friday,0,1,2013-11-01
2013-11-16,20131116,2013,Q4,11,November,46,Saturday,1,0,2013-11-01
2013-11-17,20131117,2013,Q4,11,November,46,Sunday,1,0,2013-11-01
2013-11-18,20131118,2013,Q4,11,November,47,Monday,0,0,2013-11-01
2013-11-19,20131119,2013,Q4,11,November,47,Tuesday,0,0,2013-11-01
2013-11-20,20131120,2013,Q4,11,November,47,Wednesday,0,0,2013-11-01
2013-11-21,20131121,2013,Q4,11,November,47,Thursday,0,0,2013-11-01
2013-11-22,20131122,2013,Q4,11,November,47,Friday,0,0,2013-11-01
2013-11-23,20131123,2013,Q4,11,November,47,Saturday,1,0,2013-11-01
2013-11-24,20131124,2013,Q4,11,November,47,Sunday,1,0,2013-11-01
2013-11-25,20131125,2013,Q4,11,November,48,Monday,0,0,2013-11-01
2013-11-26,20131126,2013,Q4,11,November,48,Tuesday,0,0,2013-11-01
2013-11-27,20131127,2013,Q4,11,November,48,Wednesday,0,0,2013-11-01
2013-11-28,20131128,2013,Q4,11,November,48,Thursday,0,0,2013-11-01
2013-11-29,20131129,2013,Q4,11,November,48,Friday,0,0,2013-11-01
2013-11-30,20131130,2013,Q4,11,November,48,Saturday,1,1,2013-11-01
2013-12-01,20131201,2013,Q4,12,December,48,Sunday,1,0,2013-12-01
2013-12-02,20131202,2013,Q4,12,December,49,Monday,0,0,2013-12-01
2013-12-03,20131203,2013,Q4,12,December,49,Tuesday,0,0,2013-12-01
2013-12-04,20131204,2013,Q4,12,December,49,Wednesday,0,0,2013-12-01
2013-12-05,20131205,2013,Q4,12,December,49,Thursday,0,0,2013-12-01
2013-12-06,20131206,2013,Q4,12,December,49,Friday,0,0,2013-12-01
2013-12-07,20131207,2013,Q4,12,December,49,Saturday,1,0,2013-12-01
2013-12-08,20131208,2013,Q4,12,December,49,Sunday,1,0,2013-12-01
2013-12-09,20131209,2013,Q4,12,December,50,Monday,0,0,2013-12-01
2013-12-10,20131210,2013,Q4,12,December,50,Tuesday,0,0,2013-12-01
2013-12-11,20131211,2013,Q4,12,December,50,Wednesday,0,0,2013-12-01
2013-12-12,20131212,2013,Q4,12,December,50,Thursday,0,0,2013-12-01
2013-12-13,20131213,2013,Q4,12,December,50,Friday,0,0,2013-12-01
2013-12-14,20131214,2013,Q4,12,December,50,Saturday,1,0,2013-12-01
2013-12-15,20131215,2013,Q4,12,December,50,Sunday,1,1,2013-12-01
2013-12-16,20131216,2013,Q4,12,December,51,Monday,0,0,2013-12-01
2013-12-17,20131217,2013,Q4,12,December,51,Tuesday,0,0,2013-12-01
2013-12-18,20131218,2013,Q4,12,December,51,Wednesday,0,0,2013-12-01
2013-12-19,20131219,2013,Q4,12,December,51,Thursday,0,0,2013-12-01
2013-12-20,20131220,2013,Q4,12,December,51,Friday,0,0,2013-12-01
2013-12-21,20131221,2013,Q4,12,December,51,Saturday,1,0,2013-12-01
2013-12-22,20131222,2013,Q4,12,December,51,Sunday,1,0,2013-12-01
2013-12-23,20131223,2013,Q4,12,December,52,Monday,0,0,2013-12-01
2013-12-24,20131224,2013,Q4,12,December,52,Tuesday,0,0,2013-12-01
2013-12-25,20131225,2013,Q4,12,December,52,Wednesday,0,0,2013-12-01
2013-12-26,20131226,2013,Q4,12,December,52,Thursday,0,0,2013-12-01
2013-12-27,20131227,2013,Q4,12,December,52,Friday,0,0,2013-12-01
2013-12-28,20131228,2013,Q4,12,December,52,Saturday,1,0,2013-12-01
2013-12-29,20131229,2013,Q4,12,December,52,Sunday,1,0,2013-12-01
2013-12-30,20131230,2013,Q4,12,December,1,Monday,0,0,2013-12-01
2013-12-31,20131231,2013,Q4,12,December,1,Tuesday,0,1,2013-12-01
2014-01-01,20140101,2014,Q1,1,January,1,Wednesday,0,0,2014-01-01
2014-01-02,20140102,2014,Q1,1,January,1,Thursday,0,0,2014-01-01
2014-01-03,20140103,2014,Q1,1,January,1,Friday,0,0,2014-01-01
2014-01-04,20140104,2014,Q1,1,January,1,Saturday,1,0,2014-01-01
2014-01-05,20140105,2014,Q1,1,January,1,Sunday,1,0,2014-01-01
2014-01-06,20140106,2014,Q1,1,January,2,Monday,0,0,2014-01-01
2014-01-07,20140107,2014,Q1,1,January,2,Tuesday,0,0,2014-01-01
2014-01-08,20140108,2014,Q1,1,January,2,Wednesday,0,0,2014-01-01
2014-01-09,20140109,2014,Q1,1,January,2,Thursday,0,0,2014-01-01
2014-01-10,20140110,2014,Q1,1,January,2,Friday,0,0,2014-01-01
2014-01-11,20140111,2014,Q1,1,January,2,Saturday,1,0,2014-01-01
2014-01-12,20140112,2014,Q1,1,January,2,Sunday,1,0,2014-01-01
2014-01-13,20140113,2014,Q1,1,January,3,Monday,0,0,2014-01-01
2014-01-14,20140114,2014,Q1,1,January,3,Tuesday,0,0,2014-01-01
2014-01-15,20140115,2014,Q1,1,January,3,Wednesday,0,1,2014-01-01
2014-01-16,20140116,2014,Q1,1,January,3,Thursday,0,0,2014-01-01
2014-01-17,20140117,2014,Q1,1,January,3,Friday,0,0,2014-01-01
2014-01-18,20140118,2014,Q1,1,January,3,Saturday,1,0,2014-01-01
2014-01-19,20140119,2014,Q1,1,January,3,Sunday,1,0,2014-01-01
2014-01-20,20140120,2014,Q1,1,January,4,Monday,0,0,2014-01-01
2014-01-21,20140121,2014,Q1,1,January,4,Tuesday,0,0,2014-01-01
2014-01-22,20140122,2014,Q1,1,January,4,Wednesday,0,0,2014-01-01
2014-01-23,20140123,2014,Q1,1,January,4,Thursday,0,0,2014-01-01
2014-01-24,20140124,2014,Q1,1,January,4,Friday,0,0,2014-01-01
2014-01-25,20140125,2014,Q1,1,January,4,Saturday,1,0,2014-01-01
2014-01-26,20140126,2014,Q1,1,January,4,Sunday,1,0,2014-01-01
2014-01-27,20140127,2014,Q1,1,January,5,Monday,0,0,2014-01-01
2014-01-28,20140128,2014,Q1,1,January,5,Tuesday,0,0,2014-01-01
2014-01-29,20140129,2014,Q1,1,January,5,Wednesday,0,0,2014-01-01
2014-01-30,20140130,2014,Q1,1,January,5,Thursday,0,0,2014-01-01
2014-01-31,20140131,2014,Q1,1,January,5,Friday,0,1,2014-01-01
2014-02-01,20140201,2014,Q1,2,February,5,Saturday,1,0,2014-02-01
2014-02-02,20140202,2014,Q1,2,February,5,Sunday,1,0,2014-02-01
2014-02-03,20140203,2014,Q1,2,February,6,Monday,0,0,2014-02-01
2014-02-04,20140204,2014,Q1,2,February,6,Tuesday,0,0,2014-02-01
2014-02-05,20140205,2014,Q1,2,February,6,Wednesday,0,0,2014-02-01
2014-02-06,20140206,2014,Q1,2,February,6,Thursday,0,0,2014-02-01
2014-02-07,20140207,2014,Q1,2,February,6,Friday,0,0,2014-02-01
2014-02-08,20140208,2014,Q1,2,February,6,Saturday,1,0,2014-02-01
2014-02-09,20140209,2014,Q1,2,February,6,Sunday,1,0,2014-02-01
2014-02-10,20140210,2014,Q1,2,February,7,Monday,0,0,2014-02-01
2014-02-11,20140211,2014,Q1,2,February,7,Tuesday,0,0,2014-02-01
2014-02-12,20140212,2014,Q1,2,February,7,Wednesday,0,0,2014-02-01
2014-02-13,20140213,2014,Q1,2,February,7,Thursday,0,0,2014-02-01
2014-02-14,20140214,2014,Q1,2,February,7,Friday,0,0,2014-02-01
2014-02-15,20140215,2014,Q1,2,February,7,Saturday,1,1,2014-02-01
2014-02-16,20140216,2014,Q1,2,February,7,Sunday,1,0,2014-02-01
2014-02-17,20140217,2014,Q1,2,February,8,Monday,0,0,2014-02-01
2014-02-18,20140218,2014,Q1,2,February,8,Tuesday,0,0,2014-02-01
2014-02-19,20140219,2014,Q1,2,February,8,Wednesday,0,0,2014-02-01
2014-02-20,20140220,2014,Q1,2,February,8,Thursday,0,0,2014-02-01
2014-02-21,20140221,2014,Q1,2,February,8,Friday,0,0,2014-02-01
2014-02-22,20140222,2014,Q1,2,February,8,Saturday,1,0,2014-02-01
2014-02-23,20140223,2014,Q1,2,February,8,Sunday,1,0,2014-02-01
2014-02-24,20140224,2014,Q1,2,February,9,Monday,0,0,2014-02-01
2014-02-25,20140225,2014,Q1,2,February,9,Tuesday,0,0,2014-02-01
2014-02-26,20140226,2014,Q1,2,February,9,Wednesday,0,0,2014-02-01
2014-02-27,20140227,2014,Q1,2,February,9,Thursday,0,0,2014-02-01
2014-02-28,20140228,2014,Q1,2,February,9,Friday,0,1,2014-02-01
2014-03-01,20140301,2014,Q1,3,March,9,Saturday,1,0,2014-03-01
2014-03-02,20140302,2014,Q1,3,March,9,Sunday,1,0,2014-03-01
2014-03-03,20140303,2014,Q1,3,March,10,Monday,0,0,2014-03-01
2014-03-04,20140304,2014,Q1,3,March,10,Tuesday,0,0,2014-03-01
2014-03-05,20140305,2014,Q1,3,March,10,Wednesday,0,0,2014-03-01
2014-03-06,20140306,2014,Q1,3,March,10,Thursday,0,0,2014-03-01
2014-03-07,20140307,2014,Q1,3,March,10,Friday,0,0,2014-03-01
2014-03-08,20140308,2014,Q1,3,March,10,Saturday,1,0,2014-03-01
2014-03-09,20140309,2014,Q1,3,March,10,Sunday,1,0,2014-03-01
2014-03-10,20140310,2014,Q1,3,March,11,Monday,0,0,2014-03-01
2014-03-11,20140311,2014,Q1,3,March,11,Tuesday,0,0,2014-03-01
2014-03-12,20140312,2014,Q1,3,March,11,Wednesday,0,0,2014-03-01
2014-03-13,20140313,2014,Q1,3,March,11,Thursday,0,0,2014-03-01
2014-03-14,20140314,2014,Q1,3,March,11,Friday,0,0,2014-03-01
2014-03-15,20140315,2014,Q1,3,March,11,Saturday,1,1,2014-03-01
2014-03-16,20140316,2014,Q1,3,March,11,Sunday,1,0,2014-03-01
2014-03-17,20140317,2014,Q1,3,March,12,Monday,0,0,2014-03-01
2014-03-18,20140318,2014,Q1,3,March,12,Tuesday,0,0,2014-03-01
2014-03-19,20140319,2014,Q1,3,March,12,Wednesday,0,0,2014-03-01
2014-03-20,20140320,2014,Q1,3,March,12,Thursday,0,0,2014-03-01
2014-03-21,20140321,2014,Q1,3,March,12,Friday,0,0,2014-03-01
2014-03-22,20140322,2014,Q1,3,March,12,Saturday,1,0,2014-03-01
2014-03-23,20140323,2014,Q1,3,March,12,Sunday,1,0,2014-03-01
2014-03-24,20140324,2014,Q1,3,March,13,Monday,0,0,2014-03-01
2014-03-25,20140325,2014,Q1,3,March,13,Tuesday,0,0,2014-03-01
2014-03-26,20140326,2014,Q1,3,March,13,Wednesday,0,0,2014-03-01
2014-03-27,20140327,2014,Q1,3,March,13,Thursday,0,0,2014-03-01
2014-03-28,20140328,2014,Q1,3,March,13,Friday,0,0,2014-03-01
2014-03-29,20140329,2014,Q1,3,March,13,Saturday,1,0,2014-03-01
2014-03-30,20140330,2014,Q1,3,March,13,Sunday,1,0,2014-03-01
2014-03-31,20140331,2014,Q1,3,March,14,Monday,0,1,2014-03-01
2014-04-01,20140401,2014,Q2,4,April,14,Tuesday,0,0,2014-04-01
2014-04-02,20140402,2014,Q2,4,April,14,Wednesday,0,0,2014-04-01
2014-04-03,20140403,2014,Q2,4,April,14,Thursday,0,0,2014-04-01
2014-04-04,20140404,2014,Q2,4,April,14,Friday,0,0,2014-04-01
2014-04-05,20140405,2014,Q2,4,April,14,Saturday,1,0,2014-04-01
2014-04-06,20140406,2014,Q2,4,April,14,Sunday,1,0,2014-04-01
2014-04-07,20140407,2014,Q2,4,April,15,Monday,0,0,2014-04-01
2014-04-08,20140408,2014,Q2,4,April,15,Tuesday,0,0,2014-04-01
2014-04-09,20140409,2014,Q2,4,April,15,Wednesday,0,0,2014-04-01
2014-04-10,20140410,2014,Q2,4,April,15,Thursday,0,0,2014-04-01
2014-04-11,20140411,2014,Q2,4,April,15,Friday,0,0,2014-04-01
2014-04-12,20140412,2014,Q2,4,April,15,Saturday,1,0,2014-04-01
2014-04-13,20140413,2014,Q2,4,April,15,Sunday,1,0,2014-04-01
2014-04-14,20140414,2014,Q2,4,April,16,Monday,0,0,2014-04-01
2014-04-15,20140415,2014,Q2,4,April,16,Tuesday,0,1,2014-04-01
2014-04-16,20140416,2014,Q2,4,April,16,Wednesday,0,0,2014-04-01
2014-04-17,20140417,2014,Q2,4,April,16,Thursday,0,0,2014-04-01
2014-04-18,20140418,2014,Q2,4,April,16,Friday,0,0,2014-04-01
2014-04-19,20140419,2014,Q2,4,April,16,Saturday,1,0,2014-04-01
2014-04-20,20140420,2014,Q2,4,April,16,Sunday,1,0,2014-04-01
2014-04-21,20140421,2014,Q2,4,April,17,Monday,0,0,2014-04-01
2014-04-22,20140422,2014,Q2,4,April,17,Tuesday,0,0,2014-04-01
2014-04-23,20140423,2014,Q2,4,April,17,Wednesday,0,0,2014-04-01
2014-04-24,20140424,2014,Q2,4,April,17,Thursday,0,0,2014-04-01
2014-04-25,20140425,2014,Q2,4,April,17,Friday,0,0,2014-04-01
2014-04-26,20140426,2014,Q2,4,April,17,Saturday,1,0,2014-04-01
2014-04-27,20140427,2014,Q2,4,April,17,Sunday,1,0,2014-04-01
2014-04-28,20140428,2014,Q2,4,April,18,Monday,0,0,2014-04-01
2014-04-29,20140429,2014,Q2,4,April,18,Tuesday,0,0,2014-04-01
2014-04-30,20140430,2014,Q2,4,April,18,Wednesday,0,1,2014-04-01
2014-05-01,20140501,2014,Q2,5,May,18,Thursday,0,0,2014-05-01
2014-05-02,20140502,2014,Q2,5,May,18,Friday,0,0,2014-05-01
2014-05-03,20140503,2014,Q2,5,May,18,Saturday,1,0,2014-05-01
2014-05-04,20140504,2014,Q2,5,May,18,Sunday,1,0,2014-05-01
2014-05-05,20140505,2014,Q2,5,May,19,Monday,0,0,2014-05-01
2014-05-06,20140506,2014,Q2,5,May,19,Tuesday,0,0,2014-05-01
2014-05-07,20140507,2014,Q2,5,May,19,Wednesday,0,0,2014-05-01
2014-05-08,20140508,2014,Q2,5,May,19,Thursday,0,0,2014-05-01
2014-05-09,20140509,2014,Q2,5,May,19,Friday,0,0,2014-05-01
2014-05-10,20140510,2014,Q2,5,May,19,Saturday,1,0,2014-05-01
2014-05-11,20140511,2014,Q2,5,May,19,Sunday,1,0,2014-05-01
2014-05-12,20140512,2014,Q2,5,May,20,Monday,0,0,2014-05-01
2014-05-13,20140513,2014,Q2,5,May,20,Tuesday,0,0,2014-05-01
2014-05-14,20140514,2014,Q2,5,May,20,Wednesday,0,0,2014-05-01
2014-05-15,20140515,2014,Q2,5,May,20,Thursday,0,1,2014-05-01
2014-05-16,20140516,2014,Q2,5,May,20,Friday,0,0,2014-05-01
2014-05-17,20140517,2014,Q2,5,May,20,Saturday,1,0,2014-05-01
2014-05-18,20140518,2014,Q2,5,May,20,Sunday,1,0,2014-05-01
2014-05-19,20140519,2014,Q2,5,May,21,Monday,0,0,2014-05-01
2014-05-20,20140520,2014,Q2,5,May,21,Tuesday,0,0,2014-05-01
2014-05-21,20140521,2014,Q2,5,May,21,Wednesday,0,0,2014-05-01
2014-05-22,20140522,2014,Q2,5,May,21,Thursday,0,0,2014-05-01
2014-05-23,20140523,2014,Q2,5,May,21,Friday,0,0,2014-05-01
2014-05-24,20140524,2014,Q2,5,May,21,Saturday,1,0,2014-05-01
2014-05-25,20140525,2014,Q2,5,May,21,Sunday,1,0,2014-05-01
2014-05-26,20140526,2014,Q2,5,May,22,Monday,0,0,2014-05-01
2014-05-27,20140527,2014,Q2,5,May,22,Tuesday,0,0,2014-05-01
2014-05-28,20140528,2014,Q2,5,May,22,Wednesday,0,0,2014-05-01
2014-05-29,20140529,2014,Q2,5,May,22,Thursday,0,0,2014-05-01
2014-05-30,20140530,2014,Q2,5,May,22,Friday,0,0,2014-05-01
2014-05-31,20140531,2014,Q2,5,May,22,Saturday,1,1,2014-05-01
2014-06-01,20140601,2014,Q2,6,June,22,Sunday,1,0,2014-06-01
2014-06-02,20140602,2014,Q2,6,June,23,Monday,0,0,2014-06-01
2014-06-03,20140603,2014,Q2,6,June,23,Tuesday,0,0,2014-06-01
2014-06-04,20140604,2014,Q2,6,June,23,Wednesday,0,0,2014-06-01
2014-06-05,20140605,2014,Q2,6,June,23,Thursday,0,0,2014-06-01
2014-06-06,20140606,2014,Q2,6,June,23,Friday,0,0,2014-06-01
2014-06-07,20140607,2014,Q2,6,June,23,Saturday,1,0,2014-06-01
2014-06-08,20140608,2014,Q2,6,June,23,Sunday,1,0,2014-06-01
2014-06-09,20140609,2014,Q2,6,June,24,Monday,0,0,2014-06-01
2014-06-10,20140610,2014,Q2,6,June,24,Tuesday,0,0,2014-06-01
2014-06-11,20140611,2014,Q2,6,June,24,Wednesday,0,0,2014-06-01
2014-06-12,20140612,2014,Q2,6,June,24,Thursday,0,0,2014-06-01
2014-06-13,20140613,2014,Q2,6,June,24,Friday,0,0,2014-06-01
2014-06-14,20140614,2014,Q2,6,June,24,Saturday,1,0,2014-06-01
2014-06-15,20140615,2014,Q2,6,June,24,Sunday,1,1,2014-06-01
2014-06-16,20140616,2014,Q2,6,June,25,Monday,0,0,2014-06-01
2014-06-17,20140617,2014,Q2,6,June,25,Tuesday,0,0,2014-06-01
2014-06-18,20140618,2014,Q2,6,June,25,Wednesday,0,0,2014-06-01
2014-06-19,20140619,2014,Q2,6,June,25,Thursday,0,0,2014-06-01
2014-06-20,20140620,2014,Q2,6,June,25,Friday,0,0,2014-06-01
2014-06-21,20140621,2014,Q2,6,June,25,Saturday,1,0,2014-06-01
2014-06-22,20140622,2014,Q2,6,June,25,Sunday,1,0,2014-06-01
2014-06-23,20140623,2014,Q2,6,June,26,Monday,0,0,2014-06-01
2014-06-24,20140624,2014,Q2,6,June,26,Tuesday,0,0,2014-06-01
2014-06-25,20140625,2014,Q2,6,June,26,Wednesday,0,0,2014-06-01
2014-06-26,20140626,2014,Q2,6,June,26,Thursday,0,0,2014-06-01
2014-06-27,20140627,2014,Q2,6,June,26,Friday,0,0,2014-06-01
2014-06-28,20140628,2014,Q2,6,June,26,Saturday,1,0,2014-06-01
2014-06-29,20140629,2014,Q2,6,June,26,Sunday,1,0,2014-06-01
2014-06-30,20140630,2014,Q2,6,June,27,Monday,0,1,2014-06-01
2014-07-01,20140701,2014,Q3,7,July,27,Tuesday,0,0,2014-07-01
2014-07-02,20140702,2014,Q3,7,July,27,Wednesday,0,0,2014-07-01
2014-07-03,20140703,2014,Q3,7,July,27,Thursday,0,0,2014-07-01
2014-07-04,20140704,2014,Q3,7,July,27,Friday,0,0,2014-07-01
2014-07-05,20140705,2014,Q3,7,July,27,Saturday,1,0,2014-07-01
2014-07-06,20140706,2014,Q3,7,July,27,Sunday,1,0,2014-07-01
2014-07-07,20140707,2014,Q3,7,July,28,Monday,0,0,2014-07-01
2014-07-08,20140708,2014,Q3,7,July,28,Tuesday,0,0,2014-07-01
2014-07-09,20140709,2014,Q3,7,July,28,Wednesday,0,0,2014-07-01
2014-07-10,20140710,2014,Q3,7,July,28,Thursday,0,0,2014-07-01
2014-07-11,20140711,2014,Q3,7,July,28,Friday,0,0,2014-07-01
2014-07-12,20140712,2014,Q3,7,July,28,Saturday,1,0,2014-07-01
2014-07-13,20140713,2014,Q3,7,July,28,Sunday,1,0,2014-07-01
2014-07-14,20140714,2014,Q3,7,July,29,Monday,0,0,2014-07-01
2014-07-15,20140715,2014,Q3,7,July,29,Tuesday,0,1,2014-07-01
2014-07-16,20140716,2014,Q3,7,July,29,Wednesday,0,0,2014-07-01
2014-07-17,20140717,2014,Q3,7,July,29,Thursday,0,0,2014-07-01
2014-07-18,20140718,2014,Q3,7,July,29,Friday,0,0,2014-07-01
2014-07-19,20140719,2014,Q3,7,July,29,Saturday,1,0,2014-07-01
2014-07-20,20140720,2014,Q3,7,July,29,Sunday,1,0,2014-07-01
2014-07-21,20140721,2014,Q3,7,July,30,Monday,0,0,2014-07-01
2014-07-22,20140722,2014,Q3,7,July,30,Tuesday,0,0,2014-07-01
2014-07-23,20140723,2014,Q3,7,July,30,Wednesday,0,0,2014-07-01
2014-07-24,20140724,2014,Q3,7,July,30,Thursday,0,0,2014-07-01
2014-07-25,20140725,2014,Q3,7,July,30,Friday,0,0,2014-07-01
2014-07-26,20140726,2014,Q3,7,July,30,Saturday,1,0,2014-07-01
2014-07-27,20140727,2014,Q3,7,July,30,Sunday,1,0,2014-07-01
2014-07-28,20140728,2014,Q3,7,July,31,Monday,0,0,2014-07-01
2014-07-29,20140729,2014,Q3,7,July,31,Tuesday,0,0,2014-07-01
2014-07-30,20140730,2014,Q3,7,July,31,Wednesday,0,0,2014-07-01
2014-07-31,20140731,2014,Q3,7,July,31,Thursday,0,1,2014-07-01
2014-08-01,20140801,2014,Q3,8,August,31,Friday,0,0,2014-08-01
2014-08-02,20140802,2014,Q3,8,August,31,Saturday,1,0,2014-08-01
2014-08-03,20140803,2014,Q3,8,August,31,Sunday,1,0,2014-08-01
2014-08-04,20140804,2014,Q3,8,August,32,Monday,0,0,2014-08-01
2014-08-05,20140805,2014,Q3,8,August,32,Tuesday,0,0,2014-08-01
2014-08-06,20140806,2014,Q3,8,August,32,Wednesday,0,0,2014-08-01
2014-08-07,20140807,2014,Q3,8,August,32,Thursday,0,0,2014-08-01
2014-08-08,20140808,2014,Q3,8,August,32,Friday,0,0,2014-08-01
2014-08-09,20140809,2014,Q3,8,August,32,Saturday,1,0,2014-08-01
2014-08-10,20140810,2014,Q3,8,August,32,Sunday,1,0,2014-08-01
2014-08-11,20140811,2014,Q3,8,August,33,Monday,0,0,2014-08-01
2014-08-12,20140812,2014,Q3,8,August,33,Tuesday,0,0,2014-08-01
2014-08-13,20140813,2014,Q3,8,August,33,Wednesday,0,0,2014-08-01
2014-08-14,20140814,2014,Q3,8,August,33,Thursday,0,0,2014-08-01
2014-08-15,20140815,2014,Q3,8,August,33,Friday,0,1,2014-08-01
2014-08-16,20140816,2014,Q3,8,August,33,Saturday,1,0,2014-08-01
2014-08-17,20140817,2014,Q3,8,August,33,Sunday,1,0,2014-08-01
2014-08-18,20140818,2014,Q3,8,August,34,Monday,0,0,2014-08-01
2014-08-19,20140819,2014,Q3,8,August,34,Tuesday,0,0,2014-08-01
2014-08-20,20140820,2014,Q3,8,August,34,Wednesday,0,0,2014-08-01
2014-08-21,20140821,2014,Q3,8,August,34,Thursday,0,0,2014-08-01
2014-08-22,20140822,2014,Q3,8,August,34,Friday,0,0,2014-08-01
2014-08-23,20140823,2014,Q3,8,August,34,Saturday,1,0,2014-08-01
2014-08-24,20140824,2014,Q3,8,August,34,Sunday,1,0,2014-08-01
2014-08-25,20140825,2014,Q3,8,August,35,Monday,0,0,2014-08-01
2014-08-26,20140826,2014,Q3,8,August,35,Tuesday,0,0,2014-08-01
2014-08-27,20140827,2014,Q3,8,August,35,Wednesday,0,0,2014-08-01
2014-08-28,20140828,2014,Q3,8,August,35,Thursday,0,0,2014-08-01
2014-08-29,20140829,2014,Q3,8,August,35,Friday,0,0,2014-08-01
2014-08-30,20140830,2014,Q3,8,August,35,Saturday,1,0,2014-08-01
2014-08-31,20140831,2014,Q3,8,August,35,Sunday,1,1,2014-08-01
2014-09-01,20140901,2014,Q3,9,September,36,Monday,0,0,2014-09-01
2014-09-02,20140902,2014,Q3,9,September,36,Tuesday,0,0,2014-09-01
2014-09-03,20140903,2014,Q3,9,September,36,Wednesday,0,0,2014-09-01
2014-09-04,20140904,2014,Q3,9,September,36,Thursday,0,0,2014-09-01
2014-09-05,20140905,2014,Q3,9,September,36,Friday,0,0,2014-09-01
2014-09-06,20140906,2014,Q3,9,September,36,Saturday,1,0,2014-09-01
2014-09-07,20140907,2014,Q3,9,September,36,Sunday,1,0,2014-09-01
2014-09-08,20140908,2014,Q3,9,September,37,Monday,0,0,2014-09-01
2014-09-09,20140909,2014,Q3,9,September,37,Tuesday,0,0,2014-09-01
2014-09-10,20140910,2014,Q3,9,September,37,Wednesday,0,0,2014-09-01
2014-09-11,20140911,2014,Q3,9,September,37,Thursday,0,0,2014-09-01
2014-09-12,20140912,2014,Q3,9,September,37,Friday,0,0,2014-09-01
2014-09-13,20140913,2014,Q3,9,September,37,Saturday,1,0,2014-09-01
2014-09-14,20140914,2014,Q3,9,September,37,Sunday,1,0,2014-09-01
2014-09-15,20140915,2014,Q3,9,September,38,Monday,0,1,2014-09-01
2014-09-16,20140916,2014,Q3,9,September,38,Tuesday,0,0,2014-09-01
2014-09-17,20140917,2014,Q3,9,September,38,Wednesday,0,0,2014-09-01
2014-09-18,20140918,2014,Q3,9,September,38,Thursday,0,0,2014-09-01
2014-09-19,20140919,2014,Q3,9,September,38,Friday,0,0,2014-09-01
2014-09-20,20140920,2014,Q3,9,September,38,Saturday,1,0,2014-09-01
2014-09-21,20140921,2014,Q3,9,September,38,Sunday,1,0,2014-09-01
2014-09-22,20140922,2014,Q3,9,September,39,Monday,0,0,2014-09-01
2014-09-23,20140923,2014,Q3,9,September,39,Tuesday,0,0,2014-09-01
2014-09-24,20140924,2014,Q3,9,September,39,Wednesday,0,0,2014-09-01
2014-09-25,20140925,2014,Q3,9,September,39,Thursday,0,0,2014-09-01
2014-09-26,20140926,2014,Q3,9,September,39,Friday,0,0,2014-09-01
2014-09-27,20140927,2014,Q3,9,September,39,Saturday,1,0,2014-09-01
2014-09-28,20140928,2014,Q3,9,September,39,Sunday,1,0,2014-09-01
2014-09-29,20140929,2014,Q3,9,September,40,Monday,0,0,2014-09-01
2014-09-30,20140930,2014,Q3,9,September,40,Tuesday,0,1,2014-09-01
2014-10-01,20141001,2014,Q4,10,October,40,Wednesday,0,0,2014-10-01
2014-10-02,20141002,2014,Q4,10,October,40,Thursday,0,0,2014-10-01
2014-10-03,20141003,2014,Q4,10,October,40,Friday,0,0,2014-10-01
2014-10-04,20141004,2014,Q4,10,October,40,Saturday,1,0,2014-10-01
2014-10-05,20141005,2014,Q4,10,October,40,Sunday,1,0,2014-10-01
2014-10-06,20141006,2014,Q4,10,October,41,Monday,0,0,2014-10-01
2014-10-07,20141007,2014,Q4,10,October,41,Tuesday,0,0,2014-10-01
2014-10-08,20141008,2014,Q4,10,October,41,Wednesday,0,0,2014-10-01
2014-10-09,20141009,2014,Q4,10,October,41,Thursday,0,0,2014-10-01
2014-10-10,20141010,2014,Q4,10,October,41,Friday,0,0,2014-10-01
2014-10-11,20141011,2014,Q4,10,October,41,Saturday,1,0,2014-10-01
2014-10-12,20141012,2014,Q4,10,October,41,Sunday,1,0,2014-10-01
2014-10-13,20141013,2014,Q4,10,October,42,Monday,0,0,2014-10-01
2014-10-14,20141014,2014,Q4,10,October,42,Tuesday,0,0,2014-10-01
2014-10-15,20141015,2014,Q4,10,October,42,Wednesday,0,1,2014-10-01
2014-10-16,20141016,2014,Q4,10,October,42,Thursday,0,0,2014-10-01
2014-10-17,20141017,2014,Q4,10,October,42,Friday,0,0,2014-10-01
2014-10-18,20141018,2014,Q4,10,October,42,Saturday,1,0,2014-10-01
2014-10-19,20141019,2014,Q4,10,October,42,Sunday,1,0,2014-10-01
2014-10-20,20141020,2014,Q4,10,October,43,Monday,0,0,2014-10-01
2014-10-21,20141021,2014,Q4,10,October,43,Tuesday,0,0,2014-10-01
2014-10-22,20141022,2014,Q4,10,October,43,Wednesday,0,0,2014-10-01
2014-10-23,20141023,2014,Q4,10,October,43,Thursday,0,0,2014-10-01
2014-10-24,20141024,2014,Q4,10,October,43,Friday,0,0,2014-10-01
2014-10-25,20141025,2014,Q4,10,October,43,Saturday,1,0,2014-10-01
2014-10-26,20141026,2014,Q4,10,October,43,Sunday,1,0,2014-10-01
2014-10-27,20141027,2014,Q4,10,October,44,Monday,0,0,2014-10-01
2014-10-28,20141028,2014,Q4,10,October,44,Tuesday,0,0,2014-10-01
2014-10-29,20141029,2014,Q4,10,October,44,Wednesday,0,0,2014-10-01
2014-10-30,20141030,2014,Q4,10,October,44,Thursday,0,0,2014-10-01
2014-10-31,20141031,2014,Q4,10,October,44,Friday,0,1,2014-10-01
2014-11-01,20141101,2014,Q4,11,November,44,Saturday,1,0,2014-11-01
2014-11-02,20141102,2014,Q4,11,November,44,Sunday,1,0,2014-11-01
2014-11-03,20141103,2014,Q4,11,November,45,Monday,0,0,2014-11-01
2014-11-04,20141104,2014,Q4,11,November,45,Tuesday,0,0,2014-11-01
2014-11-05,20141105,2014,Q4,11,November,45,Wednesday,0,0,2014-11-01
2014-11-06,20141106,2014,Q4,11,November,45,Thursday,0,0,2014-11-01
2014-11-07,20141107,2014,Q4,11,November,45,Friday,0,0,2014-11-01
2014-11-08,20141108,2014,Q4,11,November,45,Saturday,1,0,2014-11-01
2014-11-09,20141109,2014,Q4,11,November,45,Sunday,1,0,2014-11-01
2014-11-10,20141110,2014,Q4,11,November,46,Monday,0,0,2014-11-01
2014-11-11,20141111,2014,Q4,11,November,46,Tuesday,0,0,2014-11-01
2014-11-12,20141112,2014,Q4,11,November,46,Wednesday,0,0,2014-11-01
2014-11-13,20141113,2014,Q4,11,November,46,Thursday,0,0,2014-11-01
2014-11-14,20141114,2014,Q4,11,November,46,Friday,0,0,2014-11-01
2014-11-15,20141115,2014,Q4,11,November,46,Saturday,1,1,2014-11-01
2014-11-16,20141116,2014,Q4,11,November,46,Sunday,1,0,2014-11-01
2014-11-17,20141117,2014,Q4,11,November,47,Monday,0,0,2014-11-01
2014-11-18,20141118,2014,Q4,11,November,47,Tuesday,0,0,2014-11-01
2014-11-19,20141119,2014,Q4,11,November,47,Wednesday,0,0,2014-11-01
2014-11-20,20141120,2014,Q4,11,November,47,Thursday,0,0,2014-11-01
2014-11-21,20141121,2014,Q4,11,November,47,Friday,0,0,2014-11-01
2014-11-22,20141122,2014,Q4,11,November,47,Saturday,1,0,2014-11-01
2014-11-23,20141123,2014,Q4,11,November,47,Sunday,1,0,2014-11-01
2014-11-24,20141124,2014,Q4,11,November,48,Monday,0,0,2014-11-01
2014-11-25,20141125,2014,Q4,11,November,48,Tuesday,0,0,2014-11-01
2014-11-26,20141126,2014,Q4,11,November,48,Wednesday,0,0,2014-11-01
2014-11-27,20141127,2014,Q4,11,November,48,Thursday,0,0,2014-11-01
2014-11-28,20141128,2014,Q4,11,November,48,Friday,0,0,2014-11-01
2014-11-29,20141129,2014,Q4,11,November,48,Saturday,1,0,2014-11-01
2014-11-30,20141130,2014,Q4,11,November,48,Sunday,1,1,2014-11-01
2014-12-01,20141201,2014,Q4,12,December,49,Monday,0,0,2014-12-01
2014-12-02,20141202,2014,Q4,12,December,49,Tuesday,0,0,2014-12-01
2014-12-03,20141203,2014,Q4,12,December,49,Wednesday,0,0,2014-12-01
2014-12-04,20141204,2014,Q4,12,December,49,Thursday,0,0,2014-12-01
2014-12-05,20141205,2014,Q4,12,December,49,Friday,0,0,2014-12-01
2014-12-06,20141206,2014,Q4,12,December,49,Saturday,1,0,2014-12-01
2014-12-07,20141207,2014,Q4,12,December,49,Sunday,1,0,2014-12-01
2014-12-08,20141208,2014,Q4,12,December,50,Monday,0,0,2014-12-01
2014-12-09,20141209,2014,Q4,12,December,50,Tuesday,0,0,2014-12-01
2014-12-10,20141210,2014,Q4,12,December,50,Wednesday,0,0,2014-12-01
2014-12-11,20141211,2014,Q4,12,December,50,Thursday,0,0,2014-12-01
2014-12-12,20141212,2014,Q4,12,December,50,Friday,0,0,2014-12-01
2014-12-13,20141213,2014,Q4,12,December,50,Saturday,1,0,2014-12-01
2014-12-14,20141214,2014,Q4,12,December,50,Sunday,1,0,2014-12-01
2014-12-15,20141215,2014,Q4,12,December,51,Monday,0,1,2014-12-01
2014-12-16,20141216,2014,Q4,12,December,51,Tuesday,0,0,2014-12-01
2014-12-17,20141217,2014,Q4,12,December,51,Wednesday,0,0,2014-12-01
2014-12-18,20141218,2014,Q4,12,December,51,Thursday,0,0,2014-12-01
2014-12-19,20141219,2014,Q4,12,December,51,Friday,0,0,2014-12-01
2014-12-20,20141220,2014,Q4,12,December,51,Saturday,1,0,2014-12-01
2014-12-21,20141221,2014,Q4,12,December,51,Sunday,1,0,2014-12-01
2014-12-22,20141222,2014,Q4,12,December,52,Monday,0,0,2014-12-01
2014-12-23,20141223,2014,Q4,12,December,52,Tuesday,0,0,2014-12-01
2014-12-24,20141224,2014,Q4,12,December,52,Wednesday,0,0,2014-12-01
2014-12-25,20141225,2014,Q4,12,December,52,Thursday,0,0,2014-12-01
2014-12-26,20141226,2014,Q4,12,December,52,Friday,0,0,2014-12-01
2014-12-27,20141227,2014,Q4,12,December,52,Saturday,1,0,2014-12-01
2014-12-28,20141228,2014,Q4,12,December,52,Sunday,1,0,2014-12-01
2014-12-29,20141229,2014,Q4,12,December,1,Monday,0,0,2014-12-01
2014-12-30,20141230,2014,Q4,12,December,1,Tuesday,0,0,2014-12-01
2014-12-31,20141231,2014,Q4,12,December,1,Wednesday,0,1,2014-12-01
2015-01-01,20150101,2015,Q1,1,January,1,Thursday,0,0,2015-01-01
2015-01-02,20150102,2015,Q1,1,January,1,Friday,0,0,2015-01-01
2015-01-03,20150103,2015,Q1,1,January,1,Saturday,1,0,2015-01-01
2015-01-04,20150104,2015,Q1,1,January,1,Sunday,1,0,2015-01-01
2015-01-05,20150105,2015,Q1,1,January,2,Monday,0,0,2015-01-01
2015-01-06,20150106,2015,Q1,1,January,2,Tuesday,0,0,2015-01-01
2015-01-07,20150107,2015,Q1,1,January,2,Wednesday,0,0,2015-01-01
2015-01-08,20150108,2015,Q1,1,January,2,Thursday,0,0,2015-01-01
2015-01-09,20150109,2015,Q1,1,January,2,Friday,0,0,2015-01-01
2015-01-10,20150110,2015,Q1,1,January,2,Saturday,1,0,2015-01-01
2015-01-11,20150111,2015,Q1,1,January,2,Sunday,1,0,2015-01-01
2015-01-12,20150112,2015,Q1,1,January,3,Monday,0,0,2015-01-01
2015-01-13,20150113,2015,Q1,1,January,3,Tuesday,0,0,2015-01-01
2015-01-14,20150114,2015,Q1,1,January,3,Wednesday,0,0,2015-01-01
2015-01-15,20150115,2015,Q1,1,January,3,Thursday,0,1,2015-01-01
2015-01-16,20150116,2015,Q1,1,January,3,Friday,0,0,2015-01-01
2015-01-17,20150117,2015,Q1,1,January,3,Saturday,1,0,2015-01-01
2015-01-18,20150118,2015,Q1,1,January,3,Sunday,1,0,2015-01-01
2015-01-19,20150119,2015,Q1,1,January,4,Monday,0,0,2015-01-01
2015-01-20,20150120,2015,Q1,1,January,4,Tuesday,0,0,2015-01-01
2015-01-21,20150121,2015,Q1,1,January,4,Wednesday,0,0,2015-01-01
2015-01-22,20150122,2015,Q1,1,January,4,Thursday,0,0,2015-01-01
2015-01-23,20150123,2015,Q1,1,January,4,Friday,0,0,2015-01-01
2015-01-24,20150124,2015,Q1,1,January,4,Saturday,1,0,2015-01-01
2015-01-25,20150125,2015,Q1,1,January,4,Sunday,1,0,2015-01-01
2015-01-26,20150126,2015,Q1,1,January,5,Monday,0,0,2015-01-01
2015-01-27,20150127,2015,Q1,1,January,5,Tuesday,0,0,2015-01-01
2015-01-28,20150128,2015,Q1,1,January,5,Wednesday,0,0,2015-01-01
2015-01-29,20150129,2015,Q1,1,January,5,Thursday,0,0,2015-01-01
2015-01-30,20150130,2015,Q1,1,January,5,Friday,0,0,2015-01-01
2015-01-31,20150131,2015,Q1,1,January,5,Saturday,1,1,2015-01-01
2015-02-01,20150201,2015,Q1,2,February,5,Sunday,1,0,2015-02-01
2015-02-02,20150202,2015,Q1,2,February,6,Monday,0,0,2015-02-01
2015-02-03,20150203,2015,Q1,2,February,6,Tuesday,0,0,2015-02-01
2015-02-04,20150204,2015,Q1,2,February,6,Wednesday,0,0,2015-02-01
2015-02-05,20150205,2015,Q1,2,February,6,Thursday,0,0,2015-02-01
2015-02-06,20150206,2015,Q1,2,February,6,Friday,0,0,2015-02-01
2015-02-07,20150207,2015,Q1,2,February,6,Saturday,1,0,2015-02-01
2015-02-08,20150208,2015,Q1,2,February,6,Sunday,1,0,2015-02-01
2015-02-09,20150209,2015,Q1,2,February,7,Monday,0,0,2015-02-01
2015-02-10,20150210,2015,Q1,2,February,7,Tuesday,0,0,2015-02-01
2015-02-11,20150211,2015,Q1,2,February,7,Wednesday,0,0,2015-02-01
2015-02-12,20150212,2015,Q1,2,February,7,Thursday,0,0,2015-02-01
2015-02-13,20150213,2015,Q1,2,February,7,Friday,0,0,2015-02-01
2015-02-14,20150214,2015,Q1,2,February,7,Saturday,1,0,2015-02-01
2015-02-15,20150215,2015,Q1,2,February,7,Sunday,1,1,2015-02-01
2015-02-16,20150216,2015,Q1,2,February,8,Monday,0,0,2015-02-01
2015-02-17,20150217,2015,Q1,2,February,8,Tuesday,0,0,2015-02-01
2015-02-18,20150218,2015,Q1,2,February,8,Wednesday,0,0,2015-02-01
2015-02-19,20150219,2015,Q1,2,February,8,Thursday,0,0,2015-02-01
2015-02-20,20150220,2015,Q1,2,February,8,Friday,0,0,2015-02-01
2015-02-21,20150221,2015,Q1,2,February,8,Saturday,1,0,2015-02-01
2015-02-22,20150222,2015,Q1,2,February,8,Sunday,1,0,2015-02-01
2015-02-23,20150223,2015,Q1,2,February,9,Monday,0,0,2015-02-01
2015-02-24,20150224,2015,Q1,2,February,9,Tuesday,0,0,2015-02-01
2015-02-25,20150225,2015,Q1,2,February,9,Wednesday,0,0,2015-02-01
2015-02-26,20150226,2015,Q1,2,February,9,Thursday,0,0,2015-02-01
2015-02-27,20150227,2015,Q1,2,February,9,Friday,0,0,2015-02-01
2015-02-28,20150228,2015,Q1,2,February,9,Saturday,1,1,2015-02-01
2015-03-01,20150301,2015,Q1,3,March,9,Sunday,1,0,2015-03-01
2015-03-02,20150302,2015,Q1,3,March,10,Monday,0,0,2015-03-01
2015-03-03,20150303,2015,Q1,3,March,10,Tuesday,0,0,2015-03-01
2015-03-04,20150304,2015,Q1,3,March,10,Wednesday,0,0,2015-03-01
2015-03-05,20150305,2015,Q1,3,March,10,Thursday,0,0,2015-03-01
2015-03-06,20150306,2015,Q1,3,March,10,Friday,0,0,2015-03-01
2015-03-07,20150307,2015,Q1,3,March,10,Saturday,1,0,2015-03-01
2015-03-08,20150308,2015,Q1,3,March,10,Sunday,1,0,2015-03-01
2015-03-09,20150309,2015,Q1,3,March,11,Monday,0,0,2015-03-01
2015-03-10,20150310,2015,Q1,3,March,11,Tuesday,0,0,2015-03-01
2015-03-11,20150311,2015,Q1,3,March,11,Wednesday,0,0,2015-03-01
2015-03-12,20150312,2015,Q1,3,March,11,Thursday,0,0,2015-03-01
2015-03-13,20150313,2015,Q1,3,March,11,Friday,0,0,2015-03-01
2015-03-14,20150314,2015,Q1,3,March,11,Saturday,1,0,2015-03-01
2015-03-15,20150315,2015,Q1,3,March,11,Sunday,1,1,2015-03-01
2015-03-16,20150316,2015,Q1,3,March,12,Monday,0,0,2015-03-01
2015-03-17,20150317,2015,Q1,3,March,12,Tuesday,0,0,2015-03-01
2015-03-18,20150318,2015,Q1,3,March,12,Wednesday,0,0,2015-03-01
2015-03-19,20150319,2015,Q1,3,March,12,Thursday,0,0,2015-03-01
2015-03-20,20150320,2015,Q1,3,March,12,Friday,0,0,2015-03-01
2015-03-21,20150321,2015,Q1,3,March,12,Saturday,1,0,2015-03-01
2015-03-22,20150322,2015,Q1,3,March,12,Sunday,1,0,2015-03-01
2015-03-23,20150323,2015,Q1,3,March,13,Monday,0,0,2015-03-01
2015-03-24,20150324,2015,Q1,3,March,13,Tuesday,0,0,2015-03-01
2015-03-25,20150325,2015,Q1,3,March,13,Wednesday,0,0,2015-03-01
2015-03-26,20150326,2015,Q1,3,March,13,Thursday,0,0,2015-03-01
2015-03-27,20150327,2015,Q1,3,March,13,Friday,0,0,2015-03-01
2015-03-28,20150328,2015,Q1,3,March,13,Saturday,1,0,2015-03-01
2015-03-29,20150329,2015,Q1,3,March,13,Sunday,1,0,2015-03-01
2015-03-30,20150330,2015,Q1,3,March,14,Monday,0,0,2015-03-01
2015-03-31,20150331,2015,Q1,3,March,14,Tuesday,0,1,2015-03-01
2015-04-01,20150401,2015,Q2,4,April,14,Wednesday,0,0,2015-04-01
2015-04-02,20150402,2015,Q2,4,April,14,Thursday,0,0,2015-04-01
2015-04-03,20150403,2015,Q2,4,April,14,Friday,0,0,2015-04-01
2015-04-04,20150404,2015,Q2,4,April,14,Saturday,1,0,2015-04-01
2015-04-05,20150405,2015,Q2,4,April,14,Sunday,1,0,2015-04-01
2015-04-06,20150406,2015,Q2,4,April,15,Monday,0,0,2015-04-01
2015-04-07,20150407,2015,Q2,4,April,15,Tuesday,0,0,2015-04-01
2015-04-08,20150408,2015,Q2,4,April,15,Wednesday,0,0,2015-04-01
2015-04-09,20150409,2015,Q2,4,April,15,Thursday,0,0,2015-04-01
2015-04-10,20150410,2015,Q2,4,April,15,Friday,0,0,2015-04-01
2015-04-11,20150411,2015,Q2,4,April,15,Saturday,1,0,2015-04-01
2015-04-12,20150412,2015,Q2,4,April,15,Sunday,1,0,2015-04-01
2015-04-13,20150413,2015,Q2,4,April,16,Monday,0,0,2015-04-01
2015-04-14,20150414,2015,Q2,4,April,16,Tuesday,0,0,2015-04-01
2015-04-15,20150415,2015,Q2,4,April,16,Wednesday,0,1,2015-04-01
2015-04-16,20150416,2015,Q2,4,April,16,Thursday,0,0,2015-04-01
2015-04-17,20150417,2015,Q2,4,April,16,Friday,0,0,2015-04-01
2015-04-18,20150418,2015,Q2,4,April,16,Saturday,1,0,2015-04-01
2015-04-19,20150419,2015,Q2,4,April,16,Sunday,1,0,2015-04-01
2015-04-20,20150420,2015,Q2,4,April,17,Monday,0,0,2015-04-01
2015-04-21,20150421,2015,Q2,4,April,17,Tuesday,0,0,2015-04-01
2015-04-22,20150422,2015,Q2,4,April,17,Wednesday,0,0,2015-04-01
2015-04-23,20150423,2015,Q2,4,April,17,Thursday,0,0,2015-04-01
2015-04-24,20150424,2015,Q2,4,April,17,Friday,0,0,2015-04-01
2015-04-25,20150425,2015,Q2,4,April,17,Saturday,1,0,2015-04-01
2015-04-26,20150426,2015,Q2,4,April,17,Sunday,1,0,2015-04-01
2015-04-27,20150427,2015,Q2,4,April,18,Monday,0,0,2015-04-01
2015-04-28,20150428,2015,Q2,4,April,18,Tuesday,0,0,2015-04-01
2015-04-29,20150429,2015,Q2,4,April,18,Wednesday,0,0,2015-04-01
2015-04-30,20150430,2015,Q2,4,April,18,Thursday,0,1,2015-04-01
2015-05-01,20150501,2015,Q2,5,May,18,Friday,0,0,2015-05-01
2015-05-02,20150502,2015,Q2,5,May,18,Saturday,1,0,2015-05-01
2015-05-03,20150503,2015,Q2,5,May,18,Sunday,1,0,2015-05-01
2015-05-04,20150504,2015,Q2,5,May,19,Monday,0,0,2015-05-01
2015-05-05,20150505,2015,Q2,5,May,19,Tuesday,0,0,2015-05-01
2015-05-06,20150506,2015,Q2,5,May,19,Wednesday,0,0,2015-05-01
2015-05-07,20150507,2015,Q2,5,May,19,Thursday,0,0,2015-05-01
2015-05-08,20150508,2015,Q2,5,May,19,Friday,0,0,2015-05-01
2015-05-09,20150509,2015,Q2,5,May,19,Saturday,1,0,2015-05-01
2015-05-10,20150510,2015,Q2,5,May,19,Sunday,1,0,2015-05-01
2015-05-11,20150511,2015,Q2,5,May,20,Monday,0,0,2015-05-01
2015-05-12,20150512,2015,Q2,5,May,20,Tuesday,0,0,2015-05-01
2015-05-13,20150513,2015,Q2,5,May,20,Wednesday,0,0,2015-05-01
2015-05-14,20150514,2015,Q2,5,May,20,Thursday,0,0,2015-05-01
2015-05-15,20150515,2015,Q2,5,May,20,Friday,0,1,2015-05-01
2015-05-16,20150516,2015,Q2,5,May,20,Saturday,1,0,2015-05-01
2015-05-17,20150517,2015,Q2,5,May,20,Sunday,1,0,2015-05-01
2015-05-18,20150518,2015,Q2,5,May,21,Monday,0,0,2015-05-01
2015-05-19,20150519,2015,Q2,5,May,21,Tuesday,0,0,2015-05-01
2015-05-20,20150520,2015,Q2,5,May,21,Wednesday,0,0,2015-05-01
2015-05-21,20150521,2015,Q2,5,May,21,Thursday,0,0,2015-05-01
2015-05-22,20150522,2015,Q2,5,May,21,Friday,0,0,2015-05-01
2015-05-23,20150523,2015,Q2,5,May,21,Saturday,1,0,2015-05-01
2015-05-24,20150524,2015,Q2,5,May,21,Sunday,1,0,2015-05-01
2015-05-25,20150525,2015,Q2,5,May,22,Monday,0,0,2015-05-01
2015-05-26,20150526,2015,Q2,5,May,22,Tuesday,0,0,2015-05-01
2015-05-27,20150527,2015,Q2,5,May,22,Wednesday,0,0,2015-05-01
2015-05-28,20150528,2015,Q2,5,May,22,Thursday,0,0,2015-05-01
2015-05-29,20150529,2015,Q2,5,May,22,Friday,0,0,2015-05-01
2015-05-30,20150530,2015,Q2,5,May,22,Saturday,1,0,2015-05-01
2015-05-31,20150531,2015,Q2,5,May,22,Sunday,1,1,2015-05-01
2015-06-01,20150601,2015,Q2,6,June,23,Monday,0,0,2015-06-01
2015-06-02,20150602,2015,Q2,6,June,23,Tuesday,0,0,2015-06-01
2015-06-03,20150603,2015,Q2,6,June,23,Wednesday,0,0,2015-06-01
2015-06-04,20150604,2015,Q2,6,June,23,Thursday,0,0,2015-06-01
2015-06-05,20150605,2015,Q2,6,June,23,Friday,0,0,2015-06-01
2015-06-06,20150606,2015,Q2,6,June,23,Saturday,1,0,2015-06-01
2015-06-07,20150607,2015,Q2,6,June,23,Sunday,1,0,2015-06-01
2015-06-08,20150608,2015,Q2,6,June,24,Monday,0,0,2015-06-01
2015-06-09,20150609,2015,Q2,6,June,24,Tuesday,0,0,2015-06-01
2015-06-10,20150610,2015,Q2,6,June,24,Wednesday,0,0,2015-06-01
2015-06-11,20150611,2015,Q2,6,June,24,Thursday,0,0,2015-06-01
2015-06-12,20150612,2015,Q2,6,June,24,Friday,0,0,2015-06-01
2015-06-13,20150613,2015,Q2,6,June,24,Saturday,1,0,2015-06-01
2015-06-14,20150614,2015,Q2,6,June,24,Sunday,1,0,2015-06-01
2015-06-15,20150615,2015,Q2,6,June,25,Monday,0,1,2015-06-01
2015-06-16,20150616,2015,Q2,6,June,25,Tuesday,0,0,2015-06-01
2015-06-17,20150617,2015,Q2,6,June,25,Wednesday,0,0,2015-06-01
2015-06-18,20150618,2015,Q2,6,June,25,Thursday,0,0,2015-06-01
2015-06-19,20150619,2015,Q2,6,June,25,Friday,0,0,2015-06-01
2015-06-20,20150620,2015,Q2,6,June,25,Saturday,1,0,2015-06-01
2015-06-21,20150621,2015,Q2,6,June,25,Sunday,1,0,2015-06-01
2015-06-22,20150622,2015,Q2,6,June,26,Monday,0,0,2015-06-01
2015-06-23,20150623,2015,Q2,6,June,26,Tuesday,0,0,2015-06-01
2015-06-24,20150624,2015,Q2,6,June,26,Wednesday,0,0,2015-06-01
2015-06-25,20150625,2015,Q2,6,June,26,Thursday,0,0,2015-06-01
2015-06-26,20150626,2015,Q2,6,June,26,Friday,0,0,2015-06-01
2015-06-27,20150627,2015,Q2,6,June,26,Saturday,1,0,2015-06-01
2015-06-28,20150628,2015,Q2,6,June,26,Sunday,1,0,2015-06-01
2015-06-29,20150629,2015,Q2,6,June,27,Monday,0,0,2015-06-01
2015-06-30,20150630,2015,Q2,6,June,27,Tuesday,0,1,2015-06-01
2015-07-01,20150701,2015,Q3,7,July,27,Wednesday,0,0,2015-07-01
2015-07-02,20150702,2015,Q3,7,July,27,Thursday,0,0,2015-07-01
2015-07-03,20150703,2015,Q3,7,July,27,Friday,0,0,2015-07-01
2015-07-04,20150704,2015,Q3,7,July,27,Saturday,1,0,2015-07-01
2015-07-05,20150705,2015,Q3,7,July,27,Sunday,1,0,2015-07-01
2015-07-06,20150706,2015,Q3,7,July,28,Monday,0,0,2015-07-01
2015-07-07,20150707,2015,Q3,7,July,28,Tuesday,0,0,2015-07-01
2015-07-08,20150708,2015,Q3,7,July,28,Wednesday,0,0,2015-07-01
2015-07-09,20150709,2015,Q3,7,July,28,Thursday,0,0,2015-07-01
2015-07-10,20150710,2015,Q3,7,July,28,Friday,0,0,2015-07-01
2015-07-11,20150711,2015,Q3,7,July,28,Saturday,1,0,2015-07-01
2015-07-12,20150712,2015,Q3,7,July,28,Sunday,1,0,2015-07-01
2015-07-13,20150713,2015,Q3,7,July,29,Monday,0,0,2015-07-01
2015-07-14,20150714,2015,Q3,7,July,29,Tuesday,0,0,2015-07-01
2015-07-15,20150715,2015,Q3,7,July,29,Wednesday,0,1,2015-07-01
2015-07-16,20150716,2015,Q3,7,July,29,Thursday,0,0,2015-07-01
2015-07-17,20150717,2015,Q3,7,July,29,Friday,0,0,2015-07-01
2015-07-18,20150718,2015,Q3,7,July,29,Saturday,1,0,2015-07-01
2015-07-19,20150719,2015,Q3,7,July,29,Sunday,1,0,2015-07-01
2015-07-20,20150720,2015,Q3,7,July,30,Monday,0,0,2015-07-01
2015-07-21,20150721,2015,Q3,7,July,30,Tuesday,0,0,2015-07-01
2015-07-22,20150722,2015,Q3,7,July,30,Wednesday,0,0,2015-07-01
2015-07-23,20150723,2015,Q3,7,July,30,Thursday,0,0,2015-07-01
2015-07-24,20150724,2015,Q3,7,July,30,Friday,0,0,2015-07-01
2015-07-25,20150725,2015,Q3,7,July,30,Saturday,1,0,2015-07-01
2015-07-26,20150726,2015,Q3,7,July,30,Sunday,1,0,2015-07-01
2015-07-27,20150727,2015,Q3,7,July,31,Monday,0,0,2015-07-01
2015-07-28,20150728,2015,Q3,7,July,31,Tuesday,0,0,2015-07-01
2015-07-29,20150729,2015,Q3,7,July,31,Wednesday,0,0,2015-07-01
2015-07-30,20150730,2015,Q3,7,July,31,Thursday,0,0,2015-07-01
2015-07-31,20150731,2015,Q3,7,July,31,Friday,0,1,2015-07-01
2015-08-01,20150801,2015,Q3,8,August,31,Saturday,1,0,2015-08-01
2015-08-02,20150802,2015,Q3,8,August,31,Sunday,1,0,2015-08-01
2015-08-03,20150803,2015,Q3,8,August,32,Monday,0,0,2015-08-01
2015-08-04,20150804,2015,Q3,8,August,32,Tuesday,0,0,2015-08-01
2015-08-05,20150805,2015,Q3,8,August,32,Wednesday,0,0,2015-08-01
2015-08-06,20150806,2015,Q3,8,August,32,Thursday,0,0,2015-08-01
2015-08-07,20150807,2015,Q3,8,August,32,Friday,0,0,2015-08-01
2015-08-08,20150808,2015,Q3,8,August,32,Saturday,1,0,2015-08-01
2015-08-09,20150809,2015,Q3,8,August,32,Sunday,1,0,2015-08-01
2015-08-10,20150810,2015,Q3,8,August,33,Monday,0,0,2015-08-01
2015-08-11,20150811,2015,Q3,8,August,33,Tuesday,0,0,2015-08-01
2015-08-12,20150812,2015,Q3,8,August,33,Wednesday,0,0,2015-08-01
2015-08-13,20150813,2015,Q3,8,August,33,Thursday,0,0,2015-08-01
2015-08-14,20150814,2015,Q3,8,August,33,Friday,0,0,2015-08-01
2015-08-15,20150815,2015,Q3,8,August,33,Saturday,1,1,2015-08-01
2015-08-16,20150816,2015,Q3,8,August,33,Sunday,1,0,2015-08-01
2015-08-17,20150817,2015,Q3,8,August,34,Monday,0,0,2015-08-01
2015-08-18,20150818,2015,Q3,8,August,34,Tuesday,0,0,2015-08-01
2015-08-19,20150819,2015,Q3,8,August,34,Wednesday,0,0,2015-08-01
2015-08-20,20150820,2015,Q3,8,August,34,Thursday,0,0,2015-08-01
2015-08-21,20150821,2015,Q3,8,August,34,Friday,0,0,2015-08-01
2015-08-22,20150822,2015,Q3,8,August,34,Saturday,1,0,2015-08-01
2015-08-23,20150823,2015,Q3,8,August,34,Sunday,1,0,2015-08-01
2015-08-24,20150824,2015,Q3,8,August,35,Monday,0,0,2015-08-01
2015-08-25,20150825,2015,Q3,8,August,35,Tuesday,0,0,2015-08-01
2015-08-26,20150826,2015,Q3,8,August,35,Wednesday,0,0,2015-08-01
2015-08-27,20150827,2015,Q3,8,August,35,Thursday,0,0,2015-08-01
2015-08-28,20150828,2015,Q3,8,August,35,Friday,0,0,2015-08-01
2015-08-29,20150829,2015,Q3,8,August,35,Saturday,1,0,2015-08-01
2015-08-30,20150830,2015,Q3,8,August,35,Sunday,1,0,2015-08-01
2015-08-31,20150831,2015,Q3,8,August,36,Monday,0,1,2015-08-01
2015-09-01,20150901,2015,Q3,9,September,36,Tuesday,0,0,2015-09-01
2015-09-02,20150902,2015,Q3,9,September,36,Wednesday,0,0,2015-09-01
2015-09-03,20150903,2015,Q3,9,September,36,Thursday,0,0,2015-09-01
2015-09-04,20150904,2015,Q3,9,September,36,Friday,0,0,2015-09-01
2015-09-05,20150905,2015,Q3,9,September,36,Saturday,1,0,2015-09-01
2015-09-06,20150906,2015,Q3,9,September,36,Sunday,1,0,2015-09-01
2015-09-07,20150907,2015,Q3,9,September,37,Monday,0,0,2015-09-01
2015-09-08,20150908,2015,Q3,9,September,37,Tuesday,0,0,2015-09-01
2015-09-09,20150909,2015,Q3,9,September,37,Wednesday,0,0,2015-09-01
2015-09-10,20150910,2015,Q3,9,September,37,Thursday,0,0,2015-09-01
2015-09-11,20150911,2015,Q3,9,September,37,Friday,0,0,2015-09-01
2015-09-12,20150912,2015,Q3,9,September,37,Saturday,1,0,2015-09-01
2015-09-13,20150913,2015,Q3,9,September,37,Sunday,1,0,2015-09-01
2015-09-14,20150914,2015,Q3,9,September,38,Monday,0,0,2015-09-01
2015-09-15,20150915,2015,Q3,9,September,38,Tuesday,0,1,2015-09-01
2015-09-16,20150916,2015,Q3,9,September,38,Wednesday,0,0,2015-09-01
2015-09-17,20150917,2015,Q3,9,September,38,Thursday,0,0,2015-09-01
2015-09-18,20150918,2015,Q3,9,September,38,Friday,0,0,2015-09-01
2015-09-19,20150919,2015,Q3,9,September,38,Saturday,1,0,2015-09-01
2015-09-20,20150920,2015,Q3,9,September,38,Sunday,1,0,2015-09-01
2015-09-21,20150921,2015,Q3,9,September,39,Monday,0,0,2015-09-01
2015-09-22,20150922,2015,Q3,9,September,39,Tuesday,0,0,2015-09-01
2015-09-23,20150923,2015,Q3,9,September,39,Wednesday,0,0,2015-09-01
2015-09-24,20150924,2015,Q3,9,September,39,Thursday,0,0,2015-09-01
2015-09-25,20150925,2015,Q3,9,September,39,Friday,0,0,2015-09-01
2015-09-26,20150926,2015,Q3,9,September,39,Saturday,1,0,2015-09-01
2015-09-27,20150927,2015,Q3,9,September,39,Sunday,1,0,2015-09-01
2015-09-28,20150928,2015,Q3,9,September,40,Monday,0,0,2015-09-01
2015-09-29,20150929,2015,Q3,9,September,40,Tuesday,0,0,2015-09-01
2015-09-30,20150930,2015,Q3,9,September,40,Wednesday,0,1,2015-09-01
2015-10-01,20151001,2015,Q4,10,October,40,Thursday,0,0,2015-10-01
2015-10-02,20151002,2015,Q4,10,October,40,Friday,0,0,2015-10-01
2015-10-03,20151003,2015,Q4,10,October,40,Saturday,1,0,2015-10-01
2015-10-04,20151004,2015,Q4,10,October,40,Sunday,1,0,2015-10-01
2015-10-05,20151005,2015,Q4,10,October,41,Monday,0,0,2015-10-01
2015-10-06,20151006,2015,Q4,10,October,41,Tuesday,0,0,2015-10-01
2015-10-07,20151007,2015,Q4,10,October,41,Wednesday,0,0,2015-10-01
2015-10-08,20151008,2015,Q4,10,October,41,Thursday,0,0,2015-10-01
2015-10-09,20151009,2015,Q4,10,October,41,Friday,0,0,2015-10-01
2015-10-10,20151010,2015,Q4,10,October,41,Saturday,1,0,2015-10-01
2015-10-11,20151011,2015,Q4,10,October,41,Sunday,1,0,2015-10-01
2015-10-12,20151012,2015,Q4,10,October,42,Monday,0,0,2015-10-01
2015-10-13,20151013,2015,Q4,10,October,42,Tuesday,0,0,2015-10-01
2015-10-14,20151014,2015,Q4,10,October,42,Wednesday,0,0,2015-10-01
2015-10-15,20151015,2015,Q4,10,October,42,Thursday,0,1,2015-10-01
2015-10-16,20151016,2015,Q4,10,October,42,Friday,0,0,2015-10-01
2015-10-17,20151017,2015,Q4,10,October,42,Saturday,1,0,2015-10-01
2015-10-18,20151018,2015,Q4,10,October,42,Sunday,1,0,2015-10-01
2015-10-19,20151019,2015,Q4,10,October,43,Monday,0,0,2015-10-01
2015-10-20,20151020,2015,Q4,10,October,43,Tuesday,0,0,2015-10-01
2015-10-21,20151021,2015,Q4,10,October,43,Wednesday,0,0,2015-10-01
2015-10-22,20151022,2015,Q4,10,October,43,Thursday,0,0,2015-10-01
2015-10-23,20151023,2015,Q4,10,October,43,Friday,0,0,2015-10-01
2015-10-24,20151024,2015,Q4,10,October,43,Saturday,1,0,2015-10-01
2015-10-25,20151025,2015,Q4,10,October,43,Sunday,1,0,2015-10-01
2015-10-26,20151026,2015,Q4,10,October,44,Monday,0,0,2015-10-01
2015-10-27,20151027,2015,Q4,10,October,44,Tuesday,0,0,2015-10-01
2015-10-28,20151028,2015,Q4,10,October,44,Wednesday,0,0,2015-10-01
2015-10-29,20151029,2015,Q4,10,October,44,Thursday,0,0,2015-10-01
2015-10-30,20151030,2015,Q4,10,October,44,Friday,0,0,2015-10-01
2015-10-31,20151031,2015,Q4,10,October,44,Saturday,1,1,2015-10-01
2015-11-01,20151101,2015,Q4,11,November,44,Sunday,1,0,2015-11-01
2015-11-02,20151102,2015,Q4,11,November,45,Monday,0,0,2015-11-01
2015-11-03,20151103,2015,Q4,11,November,45,Tuesday,0,0,2015-11-01
2015-11-04,20151104,2015,Q4,11,November,45,Wednesday,0,0,2015-11-01
2015-11-05,20151105,2015,Q4,11,November,45,Thursday,0,0,2015-11-01
2015-11-06,20151106,2015,Q4,11,November,45,Friday,0,0,2015-11-01
2015-11-07,20151107,2015,Q4,11,November,45,Saturday,1,0,2015-11-01
2015-11-08,20151108,2015,Q4,11,November,45,Sunday,1,0,2015-11-01
2015-11-09,20151109,2015,Q4,11,November,46,Monday,0,0,2015-11-01
2015-11-10,20151110,2015,Q4,11,November,46,Tuesday,0,0,2015-11-01
2015-11-11,20151111,2015,Q4,11,November,46,Wednesday,0,0,2015-11-01
2015-11-12,20151112,2015,Q4,11,November,46,Thursday,0,0,2015-11-01
2015-11-13,20151113,2015,Q4,11,November,46,Friday,0,0,2015-11-01
2015-11-14,20151114,2015,Q4,11,November,46,Saturday,1,0,2015-11-01
2015-11-15,20151115,2015,Q4,11,November,46,Sunday,1,1,2015-11-01
2015-11-16,20151116,2015,Q4,11,November,47,Monday,0,0,2015-11-01
2015-11-17,20151117,2015,Q4,11,November,47,Tuesday,0,0,2015-11-01
2015-11-18,20151118,2015,Q4,11,November,47,Wednesday,0,0,2015-11-01
2015-11-19,20151119,2015,Q4,11,November,47,Thursday,0,0,2015-11-01
2015-11-20,20151120,2015,Q4,11,November,47,Friday,0,0,2015-11-01
2015-11-21,20151121,2015,Q4,11,November,47,Saturday,1,0,2015-11-01
2015-11-22,20151122,2015,Q4,11,November,47,Sunday,1,0,2015-11-01
2015-11-23,20151123,2015,Q4,11,November,48,Monday,0,0,2015-11-01
2015-11-24,20151124,2015,Q4,11,November,48,Tuesday,0,0,2015-11-01
2015-11-25,20151125,2015,Q4,11,November,48,Wednesday,0,0,2015-11-01
2015-11-26,20151126,2015,Q4,11,November,48,Thursday,0,0,2015-11-01
2015-11-27,20151127,2015,Q4,11,November,48,Friday,0,0,2015-11-01
2015-11-28,20151128,2015,Q4,11,November,48,Saturday,1,0,2015-11-01
2015-11-29,20151129,2015,Q4,11,November,48,Sunday,1,0,2015-11-01
2015-11-30,20151130,2015,Q4,11,November,49,Monday,0,1,2015-11-01
2015-12-01,20151201,2015,Q4,12,December,49,Tuesday,0,0,2015-12-01
2015-12-02,20151202,2015,Q4,12,December,49,Wednesday,0,0,2015-12-01
2015-12-03,20151203,2015,Q4,12,December,49,Thursday,0,0,2015-12-01
2015-12-04,20151204,2015,Q4,12,December,49,Friday,0,0,2015-12-01
2015-12-05,20151205,2015,Q4,12,December,49,Saturday,1,0,2015-12-01
2015-12-06,20151206,2015,Q4,12,December,49,Sunday,1,0,2015-12-01
2015-12-07,20151207,2015,Q4,12,December,50,Monday,0,0,2015-12-01
2015-12-08,20151208,2015,Q4,12,December,50,Tuesday,0,0,2015-12-01
2015-12-09,20151209,2015,Q4,12,December,50,Wednesday,0,0,2015-12-01
2015-12-10,20151210,2015,Q4,12,December,50,Thursday,0,0,2015-12-01
2015-12-11,20151211,2015,Q4,12,December,50,Friday,0,0,2015-12-01
2015-12-12,20151212,2015,Q4,12,December,50,Saturday,1,0,2015-12-01
2015-12-13,20151213,2015,Q4,12,December,50,Sunday,1,0,2015-12-01
2015-12-14,20151214,2015,Q4,12,December,51,Monday,0,0,2015-12-01
2015-12-15,20151215,2015,Q4,12,December,51,Tuesday,0,1,2015-12-01
2015-12-16,20151216,2015,Q4,12,December,51,Wednesday,0,0,2015-12-01
2015-12-17,20151217,2015,Q4,12,December,51,Thursday,0,0,2015-12-01
2015-12-18,20151218,2015,Q4,12,December,51,Friday,0,0,2015-12-01
2015-12-19,20151219,2015,Q4,12,December,51,Saturday,1,0,2015-12-01
2015-12-20,20151220,2015,Q4,12,December,51,Sunday,1,0,2015-12-01
2015-12-21,20151221,2015,Q4,12,December,52,Monday,0,0,2015-12-01
2015-12-22,20151222,2015,Q4,12,December,52,Tuesday,0,0,2015-12-01
2015-12-23,20151223,2015,Q4,12,December,52,Wednesday,0,0,2015-12-01
2015-12-24,20151224,2015,Q4,12,December,52,Thursday,0,0,2015-12-01
2015-12-25,20151225,2015,Q4,12,December,52,Friday,0,0,2015-12-01
2015-12-26,20151226,2015,Q4,12,December,52,Saturday,1,0,2015-12-01
2015-12-27,20151227,2015,Q4,12,December,52,Sunday,1,0,2015-12-01
2015-12-28,20151228,2015,Q4,12,December,53,Monday,0,0,2015-12-01
2015-12-29,20151229,2015,Q4,12,December,53,Tuesday,0,0,2015-12-01
2015-12-30,20151230,2015,Q4,12,December,53,Wednesday,0,0,2015-12-01
2015-12-31,20151231,2015,Q4,12,December,53,Thursday,0,1,2015-12-01
2016-01-01,20160101,2016,Q1,1,January,53,Friday,0,0,2016-01-01
2016-01-02,20160102,2016,Q1,1,January,53,Saturday,1,0,2016-01-01
2016-01-03,20160103,2016,Q1,1,January,53,Sunday,1,0,2016-01-01
2016-01-04,20160104,2016,Q1,1,January,1,Monday,0,0,2016-01-01
2016-01-05,20160105,2016,Q1,1,January,1,Tuesday,0,0,2016-01-01
2016-01-06,20160106,2016,Q1,1,January,1,Wednesday,0,0,2016-01-01
2016-01-07,20160107,2016,Q1,1,January,1,Thursday,0,0,2016-01-01
2016-01-08,20160108,2016,Q1,1,January,1,Friday,0,0,2016-01-01
2016-01-09,20160109,2016,Q1,1,January,1,Saturday,1,0,2016-01-01
2016-01-10,20160110,2016,Q1,1,January,1,Sunday,1,0,2016-01-01
2016-01-11,20160111,2016,Q1,1,January,2,Monday,0,0,2016-01-01
2016-01-12,20160112,2016,Q1,1,January,2,Tuesday,0,0,2016-01-01
2016-01-13,20160113,2016,Q1,1,January,2,Wednesday,0,0,2016-01-01
2016-01-14,20160114,2016,Q1,1,January,2,Thursday,0,0,2016-01-01
2016-01-15,20160115,2016,Q1,1,January,2,Friday,0,1,2016-01-01
2016-01-16,20160116,2016,Q1,1,January,2,Saturday,1,0,2016-01-01
2016-01-17,20160117,2016,Q1,1,January,2,Sunday,1,0,2016-01-01
2016-01-18,20160118,2016,Q1,1,January,3,Monday,0,0,2016-01-01
2016-01-19,20160119,2016,Q1,1,January,3,Tuesday,0,0,2016-01-01
2016-01-20,20160120,2016,Q1,1,January,3,Wednesday,0,0,2016-01-01
2016-01-21,20160121,2016,Q1,1,January,3,Thursday,0,0,2016-01-01
2016-01-22,20160122,2016,Q1,1,January,3,Friday,0,0,2016-01-01
2016-01-23,20160123,2016,Q1,1,January,3,Saturday,1,0,2016-01-01
2016-01-24,20160124,2016,Q1,1,January,3,Sunday,1,0,2016-01-01
2016-01-25,20160125,2016,Q1,1,January,4,Monday,0,0,2016-01-01
2016-01-26,20160126,2016,Q1,1,January,4,Tuesday,0,0,2016-01-01
2016-01-27,20160127,2016,Q1,1,January,4,Wednesday,0,0,2016-01-01
2016-01-28,20160128,2016,Q1,1,January,4,Thursday,0,0,2016-01-01
2016-01-29,20160129,2016,Q1,1,January,4,Friday,0,0,2016-01-01
2016-01-30,20160130,2016,Q1,1,January,4,Saturday,1,0,2016-01-01
2016-01-31,20160131,2016,Q1,1,January,4,Sunday,1,1,2016-01-01
2016-02-01,20160201,2016,Q1,2,February,5,Monday,0,0,2016-02-01
2016-02-02,20160202,2016,Q1,2,February,5,Tuesday,0,0,2016-02-01
2016-02-03,20160203,2016,Q1,2,February,5,Wednesday,0,0,2016-02-01
2016-02-04,20160204,2016,Q1,2,February,5,Thursday,0,0,2016-02-01
2016-02-05,20160205,2016,Q1,2,February,5,Friday,0,0,2016-02-01
2016-02-06,20160206,2016,Q1,2,February,5,Saturday,1,0,2016-02-01
2016-02-07,20160207,2016,Q1,2,February,5,Sunday,1,0,2016-02-01
2016-02-08,20160208,2016,Q1,2,February,6,Monday,0,0,2016-02-01
2016-02-09,20160209,2016,Q1,2,February,6,Tuesday,0,0,2016-02-01
2016-02-10,20160210,2016,Q1,2,February,6,Wednesday,0,0,2016-02-01
2016-02-11,20160211,2016,Q1,2,February,6,Thursday,0,0,2016-02-01
2016-02-12,20160212,2016,Q1,2,February,6,Friday,0,0,2016-02-01
2016-02-13,20160213,2016,Q1,2,February,6,Saturday,1,0,2016-02-01
2016-02-14,20160214,2016,Q1,2,February,6,Sunday,1,0,2016-02-01
2016-02-15,20160215,2016,Q1,2,February,7,Monday,0,1,2016-02-01
2016-02-16,20160216,2016,Q1,2,February,7,Tuesday,0,0,2016-02-01
2016-02-17,20160217,2016,Q1,2,February,7,Wednesday,0,0,2016-02-01
2016-02-18,20160218,2016,Q1,2,February,7,Thursday,0,0,2016-02-01
2016-02-19,20160219,2016,Q1,2,February,7,Friday,0,0,2016-02-01
2016-02-20,20160220,2016,Q1,2,February,7,Saturday,1,0,2016-02-01
2016-02-21,20160221,2016,Q1,2,February,7,Sunday,1,0,2016-02-01
2016-02-22,20160222,2016,Q1,2,February,8,Monday,0,0,2016-02-01
2016-02-23,20160223,2016,Q1,2,February,8,Tuesday,0,0,2016-02-01
2016-02-24,20160224,2016,Q1,2,February,8,Wednesday,0,0,2016-02-01
2016-02-25,20160225,2016,Q1,2,February,8,Thursday,0,0,2016-02-01
2016-02-26,20160226,2016,Q1,2,February,8,Friday,0,0,2016-02-01
2016-02-27,20160227,2016,Q1,2,February,8,Saturday,1,0,2016-02-01
2016-02-28,20160228,2016,Q1,2,February,8,Sunday,1,0,2016-02-01
2016-02-29,20160229,2016,Q1,2,February,9,Monday,0,1,2016-02-01
2016-03-01,20160301,2016,Q1,3,March,9,Tuesday,0,0,2016-03-01
2016-03-02,20160302,2016,Q1,3,March,9,Wednesday,0,0,2016-03-01
2016-03-03,20160303,2016,Q1,3,March,9,Thursday,0,0,2016-03-01
2016-03-04,20160304,2016,Q1,3,March,9,Friday,0,0,2016-03-01
2016-03-05,20160305,2016,Q1,3,March,9,Saturday,1,0,2016-03-01
2016-03-06,20160306,2016,Q1,3,March,9,Sunday,1,0,2016-03-01
2016-03-07,20160307,2016,Q1,3,March,10,Monday,0,0,2016-03-01
2016-03-08,20160308,2016,Q1,3,March,10,Tuesday,0,0,2016-03-01
2016-03-09,20160309,2016,Q1,3,March,10,Wednesday,0,0,2016-03-01
2016-03-10,20160310,2016,Q1,3,March,10,Thursday,0,0,2016-03-01
2016-03-11,20160311,2016,Q1,3,March,10,Friday,0,0,2016-03-01
2016-03-12,20160312,2016,Q1,3,March,10,Saturday,1,0,2016-03-01
2016-03-13,20160313,2016,Q1,3,March,10,Sunday,1,0,2016-03-01
2016-03-14,20160314,2016,Q1,3,March,11,Monday,0,0,2016-03-01
2016-03-15,20160315,2016,Q1,3,March,11,Tuesday,0,1,2016-03-01
2016-03-16,20160316,2016,Q1,3,March,11,Wednesday,0,0,2016-03-01
2016-03-17,20160317,2016,Q1,3,March,11,Thursday,0,0,2016-03-01
2016-03-18,20160318,2016,Q1,3,March,11,Friday,0,0,2016-03-01
2016-03-19,20160319,2016,Q1,3,March,11,Saturday,1,0,2016-03-01
2016-03-20,20160320,2016,Q1,3,March,11,Sunday,1,0,2016-03-01
2016-03-21,20160321,2016,Q1,3,March,12,Monday,0,0,2016-03-01
2016-03-22,20160322,2016,Q1,3,March,12,Tuesday,0,0,2016-03-01
2016-03-23,20160323,2016,Q1,3,March,12,Wednesday,0,0,2016-03-01
2016-03-24,20160324,2016,Q1,3,March,12,Thursday,0,0,2016-03-01
2016-03-25,20160325,2016,Q1,3,March,12,Friday,0,0,2016-03-01
2016-03-26,20160326,2016,Q1,3,March,12,Saturday,1,0,2016-03-01
2016-03-27,20160327,2016,Q1,3,March,12,Sunday,1,0,2016-03-01
2016-03-28,20160328,2016,Q1,3,March,13,Monday,0,0,2016-03-01
2016-03-29,20160329,2016,Q1,3,March,13,Tuesday,0,0,2016-03-01
2016-03-30,20160330,2016,Q1,3,March,13,Wednesday,0,0,2016-03-01
2016-03-31,20160331,2016,Q1,3,March,13,Thursday,0,1,2016-03-01
2016-04-01,20160401,2016,Q2,4,April,13,Friday,0,0,2016-04-01
2016-04-02,20160402,2016,Q2,4,April,13,Saturday,1,0,2016-04-01
2016-04-03,20160403,2016,Q2,4,April,13,Sunday,1,0,2016-04-01
2016-04-04,20160404,2016,Q2,4,April,14,Monday,0,0,2016-04-01
2016-04-05,20160405,2016,Q2,4,April,14,Tuesday,0,0,2016-04-01
2016-04-06,20160406,2016,Q2,4,April,14,Wednesday,0,0,2016-04-01
2016-04-07,20160407,2016,Q2,4,April,14,Thursday,0,0,2016-04-01
2016-04-08,20160408,2016,Q2,4,April,14,Friday,0,0,2016-04-01
2016-04-09,20160409,2016,Q2,4,April,14,Saturday,1,0,2016-04-01
2016-04-10,20160410,2016,Q2,4,April,14,Sunday,1,0,2016-04-01
2016-04-11,20160411,2016,Q2,4,April,15,Monday,0,0,2016-04-01
2016-04-12,20160412,2016,Q2,4,April,15,Tuesday,0,0,2016-04-01
2016-04-13,20160413,2016,Q2,4,April,15,Wednesday,0,0,2016-04-01
2016-04-14,20160414,2016,Q2,4,April,15,Thursday,0,0,2016-04-01
2016-04-15,20160415,2016,Q2,4,April,15,Friday,0,1,2016-04-01
2016-04-16,20160416,2016,Q2,4,April,15,Saturday,1,0,2016-04-01
2016-04-17,20160417,2016,Q2,4,April,15,Sunday,1,0,2016-04-01
2016-04-18,20160418,2016,Q2,4,April,16,Monday,0,0,2016-04-01
2016-04-19,20160419,2016,Q2,4,April,16,Tuesday,0,0,2016-04-01
2016-04-20,20160420,2016,Q2,4,April,16,Wednesday,0,0,2016-04-01
2016-04-21,20160421,2016,Q2,4,April,16,Thursday,0,0,2016-04-01
2016-04-22,20160422,2016,Q2,4,April,16,Friday,0,0,2016-04-01
2016-04-23,20160423,2016,Q2,4,April,16,Saturday,1,0,2016-04-01
2016-04-24,20160424,2016,Q2,4,April,16,Sunday,1,0,2016-04-01
2016-04-25,20160425,2016,Q2,4,April,17,Monday,0,0,2016-04-01
2016-04-26,20160426,2016,Q2,4,April,17,Tuesday,0,0,2016-04-01
2016-04-27,20160427,2016,Q2,4,April,17,Wednesday,0,0,2016-04-01
2016-04-28,20160428,2016,Q2,4,April,17,Thursday,0,0,2016-04-01
2016-04-29,20160429,2016,Q2,4,April,17,Friday,0,0,2016-04-01
2016-04-30,20160430,2016,Q2,4,April,17,Saturday,1,1,2016-04-01
2016-05-01,20160501,2016,Q2,5,May,17,Sunday,1,0,2016-05-01
2016-05-02,20160502,2016,Q2,5,May,18,Monday,0,0,2016-05-01
2016-05-03,20160503,2016,Q2,5,May,18,Tuesday,0,0,2016-05-01
2016-05-04,20160504,2016,Q2,5,May,18,Wednesday,0,0,2016-05-01
2016-05-05,20160505,2016,Q2,5,May,18,Thursday,0,0,2016-05-01
2016-05-06,20160506,2016,Q2,5,May,18,Friday,0,0,2016-05-01
2016-05-07,20160507,2016,Q2,5,May,18,Saturday,1,0,2016-05-01
2016-05-08,20160508,2016,Q2,5,May,18,Sunday,1,0,2016-05-01
2016-05-09,20160509,2016,Q2,5,May,19,Monday,0,0,2016-05-01
2016-05-10,20160510,2016,Q2,5,May,19,Tuesday,0,0,2016-05-01
2016-05-11,20160511,2016,Q2,5,May,19,Wednesday,0,0,2016-05-01
2016-05-12,20160512,2016,Q2,5,May,19,Thursday,0,0,2016-05-01
2016-05-13,20160513,2016,Q2,5,May,19,Friday,0,0,2016-05-01
2016-05-14,20160514,2016,Q2,5,May,19,Saturday,1,0,2016-05-01
2016-05-15,20160515,2016,Q2,5,May,19,Sunday,1,1,2016-05-01
2016-05-16,20160516,2016,Q2,5,May,20,Monday,0,0,2016-05-01
2016-05-17,20160517,2016,Q2,5,May,20,Tuesday,0,0,2016-05-01
2016-05-18,20160518,2016,Q2,5,May,20,Wednesday,0,0,2016-05-01
2016-05-19,20160519,2016,Q2,5,May,20,Thursday,0,0,2016-05-01
2016-05-20,20160520,2016,Q2,5,May,20,Friday,0,0,2016-05-01
2016-05-21,20160521,2016,Q2,5,May,20,Saturday,1,0,2016-05-01
2016-05-22,20160522,2016,Q2,5,May,20,Sunday,1,0,2016-05-01
2016-05-23,20160523,2016,Q2,5,May,21,Monday,0,0,2016-05-01
2016-05-24,20160524,2016,Q2,5,May,21,Tuesday,0,0,2016-05-01
2016-05-25,20160525,2016,Q2,5,May,21,Wednesday,0,0,2016-05-01
2016-05-26,20160526,2016,Q2,5,May,21,Thursday,0,0,2016-05-01
2016-05-27,20160527,2016,Q2,5,May,21,Friday,0,0,2016-05-01
2016-05-28,20160528,2016,Q2,5,May,21,Saturday,1,0,2016-05-01
2016-05-29,20160529,2016,Q2,5,May,21,Sunday,1,0,2016-05-01
2016-05-30,20160530,2016,Q2,5,May,22,Monday,0,0,2016-05-01
2016-05-31,20160531,2016,Q2,5,May,22,Tuesday,0,1,2016-05-01
2016-06-01,20160601,2016,Q2,6,June,22,Wednesday,0,0,2016-06-01
2016-06-02,20160602,2016,Q2,6,June,22,Thursday,0,0,2016-06-01
2016-06-03,20160603,2016,Q2,6,June,22,Friday,0,0,2016-06-01
2016-06-04,20160604,2016,Q2,6,June,22,Saturday,1,0,2016-06-01
2016-06-05,20160605,2016,Q2,6,June,22,Sunday,1,0,2016-06-01
2016-06-06,20160606,2016,Q2,6,June,23,Monday,0,0,2016-06-01
2016-06-07,20160607,2016,Q2,6,June,23,Tuesday,0,0,2016-06-01
2016-06-08,20160608,2016,Q2,6,June,23,Wednesday,0,0,2016-06-01
2016-06-09,20160609,2016,Q2,6,June,23,Thursday,0,0,2016-06-01
2016-06-10,20160610,2016,Q2,6,June,23,Friday,0,0,2016-06-01
2016-06-11,20160611,2016,Q2,6,June,23,Saturday,1,0,2016-06-01
2016-06-12,20160612,2016,Q2,6,June,23,Sunday,1,0,2016-06-01
2016-06-13,20160613,2016,Q2,6,June,24,Monday,0,0,2016-06-01
2016-06-14,20160614,2016,Q2,6,June,24,Tuesday,0,0,2016-06-01
2016-06-15,20160615,2016,Q2,6,June,24,Wednesday,0,1,2016-06-01
2016-06-16,20160616,2016,Q2,6,June,24,Thursday,0,0,2016-06-01
2016-06-17,20160617,2016,Q2,6,June,24,Friday,0,0,2016-06-01
2016-06-18,20160618,2016,Q2,6,June,24,Saturday,1,0,2016-06-01
2016-06-19,20160619,2016,Q2,6,June,24,Sunday,1,0,2016-06-01
2016-06-20,20160620,2016,Q2,6,June,25,Monday,0,0,2016-06-01
2016-06-21,20160621,2016,Q2,6,June,25,Tuesday,0,0,2016-06-01
2016-06-22,20160622,2016,Q2,6,June,25,Wednesday,0,0,2016-06-01
2016-06-23,20160623,2016,Q2,6,June,25,Thursday,0,0,2016-06-01
2016-06-24,20160624,2016,Q2,6,June,25,Friday,0,0,2016-06-01
2016-06-25,20160625,2016,Q2,6,June,25,Saturday,1,0,2016-06-01
2016-06-26,20160626,2016,Q2,6,June,25,Sunday,1,0,2016-06-01
2016-06-27,20160627,2016,Q2,6,June,26,Monday,0,0,2016-06-01
2016-06-28,20160628,2016,Q2,6,June,26,Tuesday,0,0,2016-06-01
2016-06-29,20160629,2016,Q2,6,June,26,Wednesday,0,0,2016-06-01
2016-06-30,20160630,2016,Q2,6,June,26,Thursday,0,1,2016-06-01
2016-07-01,20160701,2016,Q3,7,July,26,Friday,0,0,2016-07-01
2016-07-02,20160702,2016,Q3,7,July,26,Saturday,1,0,2016-07-01
2016-07-03,20160703,2016,Q3,7,July,26,Sunday,1,0,2016-07-01
2016-07-04,20160704,2016,Q3,7,July,27,Monday,0,0,2016-07-01
2016-07-05,20160705,2016,Q3,7,July,27,Tuesday,0,0,2016-07-01
2016-07-06,20160706,2016,Q3,7,July,27,Wednesday,0,0,2016-07-01
2016-07-07,20160707,2016,Q3,7,July,27,Thursday,0,0,2016-07-01
2016-07-08,20160708,2016,Q3,7,July,27,Friday,0,0,2016-07-01
2016-07-09,20160709,2016,Q3,7,July,27,Saturday,1,0,2016-07-01
2016-07-10,20160710,2016,Q3,7,July,27,Sunday,1,0,2016-07-01
2016-07-11,20160711,2016,Q3,7,July,28,Monday,0,0,2016-07-01
2016-07-12,20160712,2016,Q3,7,July,28,Tuesday,0,0,2016-07-01
2016-07-13,20160713,2016,Q3,7,July,28,Wednesday,0,0,2016-07-01
2016-07-14,20160714,2016,Q3,7,July,28,Thursday,0,0,2016-07-01
2016-07-15,20160715,2016,Q3,7,July,28,Friday,0,1,2016-07-01
2016-07-16,20160716,2016,Q3,7,July,28,Saturday,1,0,2016-07-01
2016-07-17,20160717,2016,Q3,7,July,28,Sunday,1,0,2016-07-01
2016-07-18,20160718,2016,Q3,7,July,29,Monday,0,0,2016-07-01
2016-07-19,20160719,2016,Q3,7,July,29,Tuesday,0,0,2016-07-01
2016-07-20,20160720,2016,Q3,7,July,29,Wednesday,0,0,2016-07-01
2016-07-21,20160721,2016,Q3,7,July,29,Thursday,0,0,2016-07-01
2016-07-22,20160722,2016,Q3,7,July,29,Friday,0,0,2016-07-01
2016-07-23,20160723,2016,Q3,7,July,29,Saturday,1,0,2016-07-01
2016-07-24,20160724,2016,Q3,7,July,29,Sunday,1,0,2016-07-01
2016-07-25,20160725,2016,Q3,7,July,30,Monday,0,0,2016-07-01
2016-07-26,20160726,2016,Q3,7,July,30,Tuesday,0,0,2016-07-01
2016-07-27,20160727,2016,Q3,7,July,30,Wednesday,0,0,2016-07-01
2016-07-28,20160728,2016,Q3,7,July,30,Thursday,0,0,2016-07-01
2016-07-29,20160729,2016,Q3,7,July,30,Friday,0,0,2016-07-01
2016-07-30,20160730,2016,Q3,7,July,30,Saturday,1,0,2016-07-01
2016-07-31,20160731,2016,Q3,7,July,30,Sunday,1,1,2016-07-01
2016-08-01,20160801,2016,Q3,8,August,31,Monday,0,0,2016-08-01
2016-08-02,20160802,2016,Q3,8,August,31,Tuesday,0,0,2016-08-01
2016-08-03,20160803,2016,Q3,8,August,31,Wednesday,0,0,2016-08-01
2016-08-04,20160804,2016,Q3,8,August,31,Thursday,0,0,2016-08-01
2016-08-05,20160805,2016,Q3,8,August,31,Friday,0,0,2016-08-01
2016-08-06,20160806,2016,Q3,8,August,31,Saturday,1,0,2016-08-01
2016-08-07,20160807,2016,Q3,8,August,31,Sunday,1,0,2016-08-01
2016-08-08,20160808,2016,Q3,8,August,32,Monday,0,0,2016-08-01
2016-08-09,20160809,2016,Q3,8,August,32,Tuesday,0,0,2016-08-01
2016-08-10,20160810,2016,Q3,8,August,32,Wednesday,0,0,2016-08-01
2016-08-11,20160811,2016,Q3,8,August,32,Thursday,0,0,2016-08-01
2016-08-12,20160812,2016,Q3,8,August,32,Friday,0,0,2016-08-01
2016-08-13,20160813,2016,Q3,8,August,32,Saturday,1,0,2016-08-01
2016-08-14,20160814,2016,Q3,8,August,32,Sunday,1,0,2016-08-01
2016-08-15,20160815,2016,Q3,8,August,33,Monday,0,1,2016-08-01
2016-08-16,20160816,2016,Q3,8,August,33,Tuesday,0,0,2016-08-01
2016-08-17,20160817,2016,Q3,8,August,33,Wednesday,0,0,2016-08-01
2016-08-18,20160818,2016,Q3,8,August,33,Thursday,0,0,2016-08-01
2016-08-19,20160819,2016,Q3,8,August,33,Friday,0,0,2016-08-01
2016-08-20,20160820,2016,Q3,8,August,33,Saturday,1,0,2016-08-01
2016-08-21,20160821,2016,Q3,8,August,33,Sunday,1,0,2016-08-01
2016-08-22,20160822,2016,Q3,8,August,34,Monday,0,0,2016-08-01
2016-08-23,20160823,2016,Q3,8,August,34,Tuesday,0,0,2016-08-01
2016-08-24,20160824,2016,Q3,8,August,34,Wednesday,0,0,2016-08-01
2016-08-25,20160825,2016,Q3,8,August,34,Thursday,0,0,2016-08-01
2016-08-26,20160826,2016,Q3,8,August,34,Friday,0,0,2016-08-01
2016-08-27,20160827,2016,Q3,8,August,34,Saturday,1,0,2016-08-01
2016-08-28,20160828,2016,Q3,8,August,34,Sunday,1,0,2016-08-01
2016-08-29,20160829,2016,Q3,8,August,35,Monday,0,0,2016-08-01
2016-08-30,20160830,2016,Q3,8,August,35,Tuesday,0,0,2016-08-01
2016-08-31,20160831,2016,Q3,8,August,35,Wednesday,0,1,2016-08-01
2016-09-01,20160901,2016,Q3,9,September,35,Thursday,0,0,2016-09-01
2016-09-02,20160902,2016,Q3,9,September,35,Friday,0,0,2016-09-01
2016-09-03,20160903,2016,Q3,9,September,35,Saturday,1,0,2016-09-01
2016-09-04,20160904,2016,Q3,9,September,35,Sunday,1,0,2016-09-01
2016-09-05,20160905,2016,Q3,9,September,36,Monday,0,0,2016-09-01
2016-09-06,20160906,2016,Q3,9,September,36,Tuesday,0,0,2016-09-01
2016-09-07,20160907,2016,Q3,9,September,36,Wednesday,0,0,2016-09-01
2016-09-08,20160908,2016,Q3,9,September,36,Thursday,0,0,2016-09-01
2016-09-09,20160909,2016,Q3,9,September,36,Friday,0,0,2016-09-01
2016-09-10,20160910,2016,Q3,9,September,36,Saturday,1,0,2016-09-01
2016-09-11,20160911,2016,Q3,9,September,36,Sunday,1,0,2016-09-01
2016-09-12,20160912,2016,Q3,9,September,37,Monday,0,0,2016-09-01
2016-09-13,20160913,2016,Q3,9,September,37,Tuesday,0,0,2016-09-01
2016-09-14,20160914,2016,Q3,9,September,37,Wednesday,0,0,2016-09-01
2016-09-15,20160915,2016,Q3,9,September,37,Thursday,0,1,2016-09-01
2016-09-16,20160916,2016,Q3,9,September,37,Friday,0,0,2016-09-01
2016-09-17,20160917,2016,Q3,9,September,37,Saturday,1,0,2016-09-01
2016-09-18,20160918,2016,Q3,9,September,37,Sunday,1,0,2016-09-01
2016-09-19,20160919,2016,Q3,9,September,38,Monday,0,0,2016-09-01
2016-09-20,20160920,2016,Q3,9,September,38,Tuesday,0,0,2016-09-01
2016-09-21,20160921,2016,Q3,9,September,38,Wednesday,0,0,2016-09-01
2016-09-22,20160922,2016,Q3,9,September,38,Thursday,0,0,2016-09-01
2016-09-23,20160923,2016,Q3,9,September,38,Friday,0,0,2016-09-01
2016-09-24,20160924,2016,Q3,9,September,38,Saturday,1,0,2016-09-01
2016-09-25,20160925,2016,Q3,9,September,38,Sunday,1,0,2016-09-01
2016-09-26,20160926,2016,Q3,9,September,39,Monday,0,0,2016-09-01
2016-09-27,20160927,2016,Q3,9,September,39,Tuesday,0,0,2016-09-01
2016-09-28,20160928,2016,Q3,9,September,39,Wednesday,0,0,2016-09-01
2016-09-29,20160929,2016,Q3,9,September,39,Thursday,0,0,2016-09-01
2016-09-30,20160930,2016,Q3,9,September,39,Friday,0,1,2016-09-01
2016-10-01,20161001,2016,Q4,10,October,39,Saturday,1,0,2016-10-01
2016-10-02,20161002,2016,Q4,10,October,39,Sunday,1,0,2016-10-01
2016-10-03,20161003,2016,Q4,10,October,40,Monday,0,0,2016-10-01
2016-10-04,20161004,2016,Q4,10,October,40,Tuesday,0,0,2016-10-01
2016-10-05,20161005,2016,Q4,10,October,40,Wednesday,0,0,2016-10-01
2016-10-06,20161006,2016,Q4,10,October,40,Thursday,0,0,2016-10-01
2016-10-07,20161007,2016,Q4,10,October,40,Friday,0,0,2016-10-01
2016-10-08,20161008,2016,Q4,10,October,40,Saturday,1,0,2016-10-01
2016-10-09,20161009,2016,Q4,10,October,40,Sunday,1,0,2016-10-01
2016-10-10,20161010,2016,Q4,10,October,41,Monday,0,0,2016-10-01
2016-10-11,20161011,2016,Q4,10,October,41,Tuesday,0,0,2016-10-01
2016-10-12,20161012,2016,Q4,10,October,41,Wednesday,0,0,2016-10-01
2016-10-13,20161013,2016,Q4,10,October,41,Thursday,0,0,2016-10-01
2016-10-14,20161014,2016,Q4,10,October,41,Friday,0,0,2016-10-01
2016-10-15,20161015,2016,Q4,10,October,41,Saturday,1,1,2016-10-01
2016-10-16,20161016,2016,Q4,10,October,41,Sunday,1,0,2016-10-01
2016-10-17,20161017,2016,Q4,10,October,42,Monday,0,0,2016-10-01
2016-10-18,20161018,2016,Q4,10,October,42,Tuesday,0,0,2016-10-01
2016-10-19,20161019,2016,Q4,10,October,42,Wednesday,0,0,2016-10-01
2016-10-20,20161020,2016,Q4,10,October,42,Thursday,0,0,2016-10-01
2016-10-21,20161021,2016,Q4,10,October,42,Friday,0,0,2016-10-01
2016-10-22,20161022,2016,Q4,10,October,42,Saturday,1,0,2016-10-01
2016-10-23,20161023,2016,Q4,10,October,42,Sunday,1,0,2016-10-01
2016-10-24,20161024,2016,Q4,10,October,43,Monday,0,0,2016-10-01
2016-10-25,20161025,2016,Q4,10,October,43,Tuesday,0,0,2016-10-01
2016-10-26,20161026,2016,Q4,10,October,43,Wednesday,0,0,2016-10-01
2016-10-27,20161027,2016,Q4,10,October,43,Thursday,0,0,2016-10-01
2016-10-28,20161028,2016,Q4,10,October,43,Friday,0,0,2016-10-01
2016-10-29,20161029,2016,Q4,10,October,43,Saturday,1,0,2016-10-01
2016-10-30,20161030,2016,Q4,10,October,43,Sunday,1,0,2016-10-01
2016-10-31,20161031,2016,Q4,10,October,44,Monday,0,1,2016-10-01
2016-11-01,20161101,2016,Q4,11,November,44,Tuesday,0,0,2016-11-01
2016-11-02,20161102,2016,Q4,11,November,44,Wednesday,0,0,2016-11-01
2016-11-03,20161103,2016,Q4,11,November,44,Thursday,0,0,2016-11-01
2016-11-04,20161104,2016,Q4,11,November,44,Friday,0,0,2016-11-01
2016-11-05,20161105,2016,Q4,11,November,44,Saturday,1,0,2016-11-01
2016-11-06,20161106,2016,Q4,11,November,44,Sunday,1,0,2016-11-01
2016-11-07,20161107,2016,Q4,11,November,45,Monday,0,0,2016-11-01
2016-11-08,20161108,2016,Q4,11,November,45,Tuesday,0,0,2016-11-01
2016-11-09,20161109,2016,Q4,11,November,45,Wednesday,0,0,2016-11-01
2016-11-10,20161110,2016,Q4,11,November,45,Thursday,0,0,2016-11-01
2016-11-11,20161111,2016,Q4,11,November,45,Friday,0,0,2016-11-01
2016-11-12,20161112,2016,Q4,11,November,45,Saturday,1,0,2016-11-01
2016-11-13,20161113,2016,Q4,11,November,45,Sunday,1,0,2016-11-01
2016-11-14,20161114,2016,Q4,11,November,46,Monday,0,0,2016-11-01
2016-11-15,20161115,2016,Q4,11,November,46,Tuesday,0,1,2016-11-01
2016-11-16,20161116,2016,Q4,11,November,46,Wednesday,0,0,2016-11-01
2016-11-17,20161117,2016,Q4,11,November,46,Thursday,0,0,2016-11-01
2016-11-18,20161118,2016,Q4,11,November,46,Friday,0,0,2016-11-01
2016-11-19,20161119,2016,Q4,11,November,46,Saturday,1,0,2016-11-01
2016-11-20,20161120,2016,Q4,11,November,46,Sunday,1,0,2016-11-01
2016-11-21,20161121,2016,Q4,11,November,47,Monday,0,0,2016-11-01
2016-11-22,20161122,2016,Q4,11,November,47,Tuesday,0,0,2016-11-01
2016-11-23,20161123,2016,Q4,11,November,47,Wednesday,0,0,2016-11-01
2016-11-24,20161124,2016,Q4,11,November,47,Thursday,0,0,2016-11-01
2016-11-25,20161125,2016,Q4,11,November,47,Friday,0,0,2016-11-01
2016-11-26,20161126,2016,Q4,11,November,47,Saturday,1,0,2016-11-01
2016-11-27,20161127,2016,Q4,11,November,47,Sunday,1,0,2016-11-01
2016-11-28,20161128,2016,Q4,11,November,48,Monday,0,0,2016-11-01
2016-11-29,20161129,2016,Q4,11,November,48,Tuesday,0,0,2016-11-01
2016-11-30,20161130,2016,Q4,11,November,48,Wednesday,0,1,2016-11-01
2016-12-01,20161201,2016,Q4,12,December,48,Thursday,0,0,2016-12-01
2016-12-02,20161202,2016,Q4,12,December,48,Friday,0,0,2016-12-01
2016-12-03,20161203,2016,Q4,12,December,48,Saturday,1,0,2016-12-01
2016-12-04,20161204,2016,Q4,12,December,48,Sunday,1,0,2016-12-01
2016-12-05,20161205,2016,Q4,12,December,49,Monday,0,0,2016-12-01
2016-12-06,20161206,2016,Q4,12,December,49,Tuesday,0,0,2016-12-01
2016-12-07,20161207,2016,Q4,12,December,49,Wednesday,0,0,2016-12-01
2016-12-08,20161208,2016,Q4,12,December,49,Thursday,0,0,2016-12-01
2016-12-09,20161209,2016,Q4,12,December,49,Friday,0,0,2016-12-01
2016-12-10,20161210,2016,Q4,12,December,49,Saturday,1,0,2016-12-01
2016-12-11,20161211,2016,Q4,12,December,49,Sunday,1,0,2016-12-01
2016-12-12,20161212,2016,Q4,12,December,50,Monday,0,0,2016-12-01
2016-12-13,20161213,2016,Q4,12,December,50,Tuesday,0,0,2016-12-01
2016-12-14,20161214,2016,Q4,12,December,50,Wednesday,0,0,2016-12-01
2016-12-15,20161215,2016,Q4,12,December,50,Thursday,0,1,2016-12-01
2016-12-16,20161216,2016,Q4,12,December,50,Friday,0,0,2016-12-01
2016-12-17,20161217,2016,Q4,12,December,50,Saturday,1,0,2016-12-01
2016-12-18,20161218,2016,Q4,12,December,50,Sunday,1,0,2016-12-01
2016-12-19,20161219,2016,Q4,12,December,51,Monday,0,0,2016-12-01
2016-12-20,20161220,2016,Q4,12,December,51,Tuesday,0,0,2016-12-01
2016-12-21,20161221,2016,Q4,12,December,51,Wednesday,0,0,2016-12-01
2016-12-22,20161222,2016,Q4,12,December,51,Thursday,0,0,2016-12-01
2016-12-23,20161223,2016,Q4,12,December,51,Friday,0,0,2016-12-01
2016-12-24,20161224,2016,Q4,12,December,51,Saturday,1,0,2016-12-01
2016-12-25,20161225,2016,Q4,12,December,51,Sunday,1,0,2016-12-01
2016-12-26,20161226,2016,Q4,12,December,52,Monday,0,0,2016-12-01
2016-12-27,20161227,2016,Q4,12,December,52,Tuesday,0,0,2016-12-01
2016-12-28,20161228,2016,Q4,12,December,52,Wednesday,0,0,2016-12-01
2016-12-29,20161229,2016,Q4,12,December,52,Thursday,0,0,2016-12-01
2016-12-30,20161230,2016,Q4,12,December,52,Friday,0,0,2016-12-01
2016-12-31,20161231,2016,Q4,12,December,52,Saturday,1,1,2016-12-01
2017-01-01,20170101,2017,Q1,1,January,52,Sunday,1,0,2017-01-01
2017-01-02,20170102,2017,Q1,1,January,1,Monday,0,0,2017-01-01
2017-01-03,20170103,2017,Q1,1,January,1,Tuesday,0,0,2017-01-01
2017-01-04,20170104,2017,Q1,1,January,1,Wednesday,0,0,2017-01-01
2017-01-05,20170105,2017,Q1,1,January,1,Thursday,0,0,2017-01-01
2017-01-06,20170106,2017,Q1,1,January,1,Friday,0,0,2017-01-01
2017-01-07,20170107,2017,Q1,1,January,1,Saturday,1,0,2017-01-01
2017-01-08,20170108,2017,Q1,1,January,1,Sunday,1,0,2017-01-01
2017-01-09,20170109,2017,Q1,1,January,2,Monday,0,0,2017-01-01
2017-01-10,20170110,2017,Q1,1,January,2,Tuesday,0,0,2017-01-01
2017-01-11,20170111,2017,Q1,1,January,2,Wednesday,0,0,2017-01-01
2017-01-12,20170112,2017,Q1,1,January,2,Thursday,0,0,2017-01-01
2017-01-13,20170113,2017,Q1,1,January,2,Friday,0,0,2017-01-01
2017-01-14,20170114,2017,Q1,1,January,2,Saturday,1,0,2017-01-01
2017-01-15,20170115,2017,Q1,1,January,2,Sunday,1,1,2017-01-01
2017-01-16,20170116,2017,Q1,1,January,3,Monday,0,0,2017-01-01
2017-01-17,20170117,2017,Q1,1,January,3,Tuesday,0,0,2017-01-01
2017-01-18,20170118,2017,Q1,1,January,3,Wednesday,0,0,2017-01-01
2017-01-19,20170119,2017,Q1,1,January,3,Thursday,0,0,2017-01-01
2017-01-20,20170120,2017,Q1,1,January,3,Friday,0,0,2017-01-01
2017-01-21,20170121,2017,Q1,1,January,3,Saturday,1,0,2017-01-01
2017-01-22,20170122,2017,Q1,1,January,3,Sunday,1,0,2017-01-01
2017-01-23,20170123,2017,Q1,1,January,4,Monday,0,0,2017-01-01
2017-01-24,20170124,2017,Q1,1,January,4,Tuesday,0,0,2017-01-01
2017-01-25,20170125,2017,Q1,1,January,4,Wednesday,0,0,2017-01-01
2017-01-26,20170126,2017,Q1,1,January,4,Thursday,0,0,2017-01-01
2017-01-27,20170127,2017,Q1,1,January,4,Friday,0,0,2017-01-01
2017-01-28,20170128,2017,Q1,1,January,4,Saturday,1,0,2017-01-01
2017-01-29,20170129,2017,Q1,1,January,4,Sunday,1,0,2017-01-01
2017-01-30,20170130,2017,Q1,1,January,5,Monday,0,0,2017-01-01
2017-01-31,20170131,2017,Q1,1,January,5,Tuesday,0,1,2017-01-01
2017-02-01,20170201,2017,Q1,2,February,5,Wednesday,0,0,2017-02-01
2017-02-02,20170202,2017,Q1,2,February,5,Thursday,0,0,2017-02-01
2017-02-03,20170203,2017,Q1,2,February,5,Friday,0,0,2017-02-01
2017-02-04,20170204,2017,Q1,2,February,5,Saturday,1,0,2017-02-01
2017-02-05,20170205,2017,Q1,2,February,5,Sunday,1,0,2017-02-01
2017-02-06,20170206,2017,Q1,2,February,6,Monday,0,0,2017-02-01
2017-02-07,20170207,2017,Q1,2,February,6,Tuesday,0,0,2017-02-01
2017-02-08,20170208,2017,Q1,2,February,6,Wednesday,0,0,2017-02-01
2017-02-09,20170209,2017,Q1,2,February,6,Thursday,0,0,2017-02-01
2017-02-10,20170210,2017,Q1,2,February,6,Friday,0,0,2017-02-01
2017-02-11,20170211,2017,Q1,2,February,6,Saturday,1,0,2017-02-01
2017-02-12,20170212,2017,Q1,2,February,6,Sunday,1,0,2017-02-01
2017-02-13,20170213,2017,Q1,2,February,7,Monday,0,0,2017-02-01
2017-02-14,20170214,2017,Q1,2,February,7,Tuesday,0,0,2017-02-01
2017-02-15,20170215,2017,Q1,2,February,7,Wednesday,0,1,2017-02-01
2017-02-16,20170216,2017,Q1,2,February,7,Thursday,0,0,2017-02-01
2017-02-17,20170217,2017,Q1,2,February,7,Friday,0,0,2017-02-01
2017-02-18,20170218,2017,Q1,2,February,7,Saturday,1,0,2017-02-01
2017-02-19,20170219,2017,Q1,2,February,7,Sunday,1,0,2017-02-01
2017-02-20,20170220,2017,Q1,2,February,8,Monday,0,0,2017-02-01
2017-02-21,20170221,2017,Q1,2,February,8,Tuesday,0,0,2017-02-01
2017-02-22,20170222,2017,Q1,2,February,8,Wednesday,0,0,2017-02-01
2017-02-23,20170223,2017,Q1,2,February,8,Thursday,0,0,2017-02-01
2017-02-24,20170224,2017,Q1,2,February,8,Friday,0,0,2017-02-01
2017-02-25,20170225,2017,Q1,2,February,8,Saturday,1,0,2017-02-01
2017-02-26,20170226,2017,Q1,2,February,8,Sunday,1,0,2017-02-01
2017-02-27,20170227,2017,Q1,2,February,9,Monday,0,0,2017-02-01
2017-02-28,20170228,2017,Q1,2,February,9,Tuesday,0,1,2017-02-01
2017-03-01,20170301,2017,Q1,3,March,9,Wednesday,0,0,2017-03-01
2017-03-02,20170302,2017,Q1,3,March,9,Thursday,0,0,2017-03-01
2017-03-03,20170303,2017,Q1,3,March,9,Friday,0,0,2017-03-01
2017-03-04,20170304,2017,Q1,3,March,9,Saturday,1,0,2017-03-01
2017-03-05,20170305,2017,Q1,3,March,9,Sunday,1,0,2017-03-01
2017-03-06,20170306,2017,Q1,3,March,10,Monday,0,0,2017-03-01
2017-03-07,20170307,2017,Q1,3,March,10,Tuesday,0,0,2017-03-01
2017-03-08,20170308,2017,Q1,3,March,10,Wednesday,0,0,2017-03-01
2017-03-09,20170309,2017,Q1,3,March,10,Thursday,0,0,2017-03-01
2017-03-10,20170310,2017,Q1,3,March,10,Friday,0,0,2017-03-01
2017-03-11,20170311,2017,Q1,3,March,10,Saturday,1,0,2017-03-01
2017-03-12,20170312,2017,Q1,3,March,10,Sunday,1,0,2017-03-01
2017-03-13,20170313,2017,Q1,3,March,11,Monday,0,0,2017-03-01
2017-03-14,20170314,2017,Q1,3,March,11,Tuesday,0,0,2017-03-01
2017-03-15,20170315,2017,Q1,3,March,11,Wednesday,0,1,2017-03-01
2017-03-16,20170316,2017,Q1,3,March,11,Thursday,0,0,2017-03-01
2017-03-17,20170317,2017,Q1,3,March,11,Friday,0,0,2017-03-01
2017-03-18,20170318,2017,Q1,3,March,11,Saturday,1,0,2017-03-01
2017-03-19,20170319,2017,Q1,3,March,11,Sunday,1,0,2017-03-01
2017-03-20,20170320,2017,Q1,3,March,12,Monday,0,0,2017-03-01
2017-03-21,20170321,2017,Q1,3,March,12,Tuesday,0,0,2017-03-01
2017-03-22,20170322,2017,Q1,3,March,12,Wednesday,0,0,2017-03-01
2017-03-23,20170323,2017,Q1,3,March,12,Thursday,0,0,2017-03-01
2017-03-24,20170324,2017,Q1,3,March,12,Friday,0,0,2017-03-01
2017-03-25,20170325,2017,Q1,3,March,12,Saturday,1,0,2017-03-01
2017-03-26,20170326,2017,Q1,3,March,12,Sunday,1,0,2017-03-01
2017-03-27,20170327,2017,Q1,3,March,13,Monday,0,0,2017-03-01
2017-03-28,20170328,2017,Q1,3,March,13,Tuesday,0,0,2017-03-01
2017-03-29,20170329,2017,Q1,3,March,13,Wednesday,0,0,2017-03-01
2017-03-30,20170330,2017,Q1,3,March,13,Thursday,0,0,2017-03-01
2017-03-31,20170331,2017,Q1,3,March,13,Friday,0,1,2017-03-01
2017-04-01,20170401,2017,Q2,4,April,13,Saturday,1,0,2017-04-01
2017-04-02,20170402,2017,Q2,4,April,13,Sunday,1,0,2017-04-01
2017-04-03,20170403,2017,Q2,4,April,14,Monday,0,0,2017-04-01
2017-04-04,20170404,2017,Q2,4,April,14,Tuesday,0,0,2017-04-01
2017-04-05,20170405,2017,Q2,4,April,14,Wednesday,0,0,2017-04-01
2017-04-06,20170406,2017,Q2,4,April,14,Thursday,0,0,2017-04-01
2017-04-07,20170407,2017,Q2,4,April,14,Friday,0,0,2017-04-01
2017-04-08,20170408,2017,Q2,4,April,14,Saturday,1,0,2017-04-01
2017-04-09,20170409,2017,Q2,4,April,14,Sunday,1,0,2017-04-01
2017-04-10,20170410,2017,Q2,4,April,15,Monday,0,0,2017-04-01
2017-04-11,20170411,2017,Q2,4,April,15,Tuesday,0,0,2017-04-01
2017-04-12,20170412,2017,Q2,4,April,15,Wednesday,0,0,2017-04-01
2017-04-13,20170413,2017,Q2,4,April,15,Thursday,0,0,2017-04-01
2017-04-14,20170414,2017,Q2,4,April,15,Friday,0,0,2017-04-01
2017-04-15,20170415,2017,Q2,4,April,15,Saturday,1,1,2017-04-01
2017-04-16,20170416,2017,Q2,4,April,15,Sunday,1,0,2017-04-01
2017-04-17,20170417,2017,Q2,4,April,16,Monday,0,0,2017-04-01
2017-04-18,20170418,2017,Q2,4,April,16,Tuesday,0,0,2017-04-01
2017-04-19,20170419,2017,Q2,4,April,16,Wednesday,0,0,2017-04-01
2017-04-20,20170420,2017,Q2,4,April,16,Thursday,0,0,2017-04-01
2017-04-21,20170421,2017,Q2,4,April,16,Friday,0,0,2017-04-01
2017-04-22,20170422,2017,Q2,4,April,16,Saturday,1,0,2017-04-01
2017-04-23,20170423,2017,Q2,4,April,16,Sunday,1,0,2017-04-01
2017-04-24,20170424,2017,Q2,4,April,17,Monday,0,0,2017-04-01
2017-04-25,20170425,2017,Q2,4,April,17,Tuesday,0,0,2017-04-01
2017-04-26,20170426,2017,Q2,4,April,17,Wednesday,0,0,2017-04-01
2017-04-27,20170427,2017,Q2,4,April,17,Thursday,0,0,2017-04-01
2017-04-28,20170428,2017,Q2,4,April,17,Friday,0,0,2017-04-01
2017-04-29,20170429,2017,Q2,4,April,17,Saturday,1,0,2017-04-01
2017-04-30,20170430,2017,Q2,4,April,17,Sunday,1,1,2017-04-01
2017-05-01,20170501,2017,Q2,5,May,18,Monday,0,0,2017-05-01
2017-05-02,20170502,2017,Q2,5,May,18,Tuesday,0,0,2017-05-01
2017-05-03,20170503,2017,Q2,5,May,18,Wednesday,0,0,2017-05-01
2017-05-04,20170504,2017,Q2,5,May,18,Thursday,0,0,2017-05-01
2017-05-05,20170505,2017,Q2,5,May,18,Friday,0,0,2017-05-01
2017-05-06,20170506,2017,Q2,5,May,18,Saturday,1,0,2017-05-01
2017-05-07,20170507,2017,Q2,5,May,18,Sunday,1,0,2017-05-01
2017-05-08,20170508,2017,Q2,5,May,19,Monday,0,0,2017-05-01
2017-05-09,20170509,2017,Q2,5,May,19,Tuesday,0,0,2017-05-01
2017-05-10,20170510,2017,Q2,5,May,19,Wednesday,0,0,2017-05-01
2017-05-11,20170511,2017,Q2,5,May,19,Thursday,0,0,2017-05-01
2017-05-12,20170512,2017,Q2,5,May,19,Friday,0,0,2017-05-01
2017-05-13,20170513,2017,Q2,5,May,19,Saturday,1,0,2017-05-01
2017-05-14,20170514,2017,Q2,5,May,19,Sunday,1,0,2017-05-01
2017-05-15,20170515,2017,Q2,5,May,20,Monday,0,1,2017-05-01
2017-05-16,20170516,2017,Q2,5,May,20,Tuesday,0,0,2017-05-01
2017-05-17,20170517,2017,Q2,5,May,20,Wednesday,0,0,2017-05-01
2017-05-18,20170518,2017,Q2,5,May,20,Thursday,0,0,2017-05-01
2017-05-19,20170519,2017,Q2,5,May,20,Friday,0,0,2017-05-01
2017-05-20,20170520,2017,Q2,5,May,20,Saturday,1,0,2017-05-01
2017-05-21,20170521,2017,Q2,5,May,20,Sunday,1,0,2017-05-01
2017-05-22,20170522,2017,Q2,5,May,21,Monday,0,0,2017-05-01
2017-05-23,20170523,2017,Q2,5,May,21,Tuesday,0,0,2017-05-01
2017-05-24,20170524,2017,Q2,5,May,21,Wednesday,0,0,2017-05-01
2017-05-25,20170525,2017,Q2,5,May,21,Thursday,0,0,2017-05-01
2017-05-26,20170526,2017,Q2,5,May,21,Friday,0,0,2017-05-01
2017-05-27,20170527,2017,Q2,5,May,21,Saturday,1,0,2017-05-01
2017-05-28,20170528,2017,Q2,5,May,21,Sunday,1,0,2017-05-01
2017-05-29,20170529,2017,Q2,5,May,22,Monday,0,0,2017-05-01
2017-05-30,20170530,2017,Q2,5,May,22,Tuesday,0,0,2017-05-01
2017-05-31,20170531,2017,Q2,5,May,22,Wednesday,0,1,2017-05-01
2017-06-01,20170601,2017,Q2,6,June,22,Thursday,0,0,2017-06-01
2017-06-02,20170602,2017,Q2,6,June,22,Friday,0,0,2017-06-01
2017-06-03,20170603,2017,Q2,6,June,22,Saturday,1,0,2017-06-01
2017-06-04,20170604,2017,Q2,6,June,22,Sunday,1,0,2017-06-01
2017-06-05,20170605,2017,Q2,6,June,23,Monday,0,0,2017-06-01
2017-06-06,20170606,2017,Q2,6,June,23,Tuesday,0,0,2017-06-01
2017-06-07,20170607,2017,Q2,6,June,23,Wednesday,0,0,2017-06-01
2017-06-08,20170608,2017,Q2,6,June,23,Thursday,0,0,2017-06-01
2017-06-09,20170609,2017,Q2,6,June,23,Friday,0,0,2017-06-01
2017-06-10,20170610,2017,Q2,6,June,23,Saturday,1,0,2017-06-01
2017-06-11,20170611,2017,Q2,6,June,23,Sunday,1,0,2017-06-01
2017-06-12,20170612,2017,Q2,6,June,24,Monday,0,0,2017-06-01
2017-06-13,20170613,2017,Q2,6,June,24,Tuesday,0,0,2017-06-01
2017-06-14,20170614,2017,Q2,6,June,24,Wednesday,0,0,2017-06-01
2017-06-15,20170615,2017,Q2,6,June,24,Thursday,0,1,2017-06-01
2017-06-16,20170616,2017,Q2,6,June,24,Friday,0,0,2017-06-01
2017-06-17,20170617,2017,Q2,6,June,24,Saturday,1,0,2017-06-01
2017-06-18,20170618,2017,Q2,6,June,24,Sunday,1,0,2017-06-01
2017-06-19,20170619,2017,Q2,6,June,25,Monday,0,0,2017-06-01
2017-06-20,20170620,2017,Q2,6,June,25,Tuesday,0,0,2017-06-01
2017-06-21,20170621,2017,Q2,6,June,25,Wednesday,0,0,2017-06-01
2017-06-22,20170622,2017,Q2,6,June,25,Thursday,0,0,2017-06-01
2017-06-23,20170623,2017,Q2,6,June,25,Friday,0,0,2017-06-01
2017-06-24,20170624,2017,Q2,6,June,25,Saturday,1,0,2017-06-01
2017-06-25,20170625,2017,Q2,6,June,25,Sunday,1,0,2017-06-01
2017-06-26,20170626,2017,Q2,6,June,26,Monday,0,0,2017-06-01
2017-06-27,20170627,2017,Q2,6,June,26,Tuesday,0,0,2017-06-01
2017-06-28,20170628,2017,Q2,6,June,26,Wednesday,0,0,2017-06-01
2017-06-29,20170629,2017,Q2,6,June,26,Thursday,0,0,2017-06-01
2017-06-30,20170630,2017,Q2,6,June,26,Friday,0,1,2017-06-01
2017-07-01,20170701,2017,Q3,7,July,26,Saturday,1,0,2017-07-01
2017-07-02,20170702,2017,Q3,7,July,26,Sunday,1,0,2017-07-01
2017-07-03,20170703,2017,Q3,7,July,27,Monday,0,0,2017-07-01
2017-07-04,20170704,2017,Q3,7,July,27,Tuesday,0,0,2017-07-01
2017-07-05,20170705,2017,Q3,7,July,27,Wednesday,0,0,2017-07-01
2017-07-06,20170706,2017,Q3,7,July,27,Thursday,0,0,2017-07-01
2017-07-07,20170707,2017,Q3,7,July,27,Friday,0,0,2017-07-01
2017-07-08,20170708,2017,Q3,7,July,27,Saturday,1,0,2017-07-01
2017-07-09,20170709,2017,Q3,7,July,27,Sunday,1,0,2017-07-01
2017-07-10,20170710,2017,Q3,7,July,28,Monday,0,0,2017-07-01
2017-07-11,20170711,2017,Q3,7,July,28,Tuesday,0,0,2017-07-01
2017-07-12,20170712,2017,Q3,7,July,28,Wednesday,0,0,2017-07-01
2017-07-13,20170713,2017,Q3,7,July,28,Thursday,0,0,2017-07-01
2017-07-14,20170714,2017,Q3,7,July,28,Friday,0,0,2017-07-01
2017-07-15,20170715,2017,Q3,7,July,28,Saturday,1,1,2017-07-01
2017-07-16,20170716,2017,Q3,7,July,28,Sunday,1,0,2017-07-01
2017-07-17,20170717,2017,Q3,7,July,29,Monday,0,0,2017-07-01
2017-07-18,20170718,2017,Q3,7,July,29,Tuesday,0,0,2017-07-01
2017-07-19,20170719,2017,Q3,7,July,29,Wednesday,0,0,2017-07-01
2017-07-20,20170720,2017,Q3,7,July,29,Thursday,0,0,2017-07-01
2017-07-21,20170721,2017,Q3,7,July,29,Friday,0,0,2017-07-01
2017-07-22,20170722,2017,Q3,7,July,29,Saturday,1,0,2017-07-01
2017-07-23,20170723,2017,Q3,7,July,29,Sunday,1,0,2017-07-01
2017-07-24,20170724,2017,Q3,7,July,30,Monday,0,0,2017-07-01
2017-07-25,20170725,2017,Q3,7,July,30,Tuesday,0,0,2017-07-01
2017-07-26,20170726,2017,Q3,7,July,30,Wednesday,0,0,2017-07-01
2017-07-27,20170727,2017,Q3,7,July,30,Thursday,0,0,2017-07-01
2017-07-28,20170728,2017,Q3,7,July,30,Friday,0,0,2017-07-01
2017-07-29,20170729,2017,Q3,7,July,30,Saturday,1,0,2017-07-01
2017-07-30,20170730,2017,Q3,7,July,30,Sunday,1,0,2017-07-01
2017-07-31,20170731,2017,Q3,7,July,31,Monday,0,1,2017-07-01
2017-08-01,20170801,2017,Q3,8,August,31,Tuesday,0,0,2017-08-01
2017-08-02,20170802,2017,Q3,8,August,31,Wednesday,0,0,2017-08-01
2017-08-03,20170803,2017,Q3,8,August,31,Thursday,0,0,2017-08-01
2017-08-04,20170804,2017,Q3,8,August,31,Friday,0,0,2017-08-01
2017-08-05,20170805,2017,Q3,8,August,31,Saturday,1,0,2017-08-01
2017-08-06,20170806,2017,Q3,8,August,31,Sunday,1,0,2017-08-01
2017-08-07,20170807,2017,Q3,8,August,32,Monday,0,0,2017-08-01
2017-08-08,20170808,2017,Q3,8,August,32,Tuesday,0,0,2017-08-01
2017-08-09,20170809,2017,Q3,8,August,32,Wednesday,0,0,2017-08-01
2017-08-10,20170810,2017,Q3,8,August,32,Thursday,0,0,2017-08-01
2017-08-11,20170811,2017,Q3,8,August,32,Friday,0,0,2017-08-01
2017-08-12,20170812,2017,Q3,8,August,32,Saturday,1,0,2017-08-01
2017-08-13,20170813,2017,Q3,8,August,32,Sunday,1,0,2017-08-01
2017-08-14,20170814,2017,Q3,8,August,33,Monday,0,0,2017-08-01
2017-08-15,20170815,2017,Q3,8,August,33,Tuesday,0,1,2017-08-01
2017-08-16,20170816,2017,Q3,8,August,33,Wednesday,0,0,2017-08-01
2017-08-17,20170817,2017,Q3,8,August,33,Thursday,0,0,2017-08-01
2017-08-18,20170818,2017,Q3,8,August,33,Friday,0,0,2017-08-01
2017-08-19,20170819,2017,Q3,8,August,33,Saturday,1,0,2017-08-01
2017-08-20,20170820,2017,Q3,8,August,33,Sunday,1,0,2017-08-01
2017-08-21,20170821,2017,Q3,8,August,34,Monday,0,0,2017-08-01
2017-08-22,20170822,2017,Q3,8,August,34,Tuesday,0,0,2017-08-01
2017-08-23,20170823,2017,Q3,8,August,34,Wednesday,0,0,2017-08-01
2017-08-24,20170824,2017,Q3,8,August,34,Thursday,0,0,2017-08-01
2017-08-25,20170825,2017,Q3,8,August,34,Friday,0,0,2017-08-01
2017-08-26,20170826,2017,Q3,8,August,34,Saturday,1,0,2017-08-01
2017-08-27,20170827,2017,Q3,8,August,34,Sunday,1,0,2017-08-01
2017-08-28,20170828,2017,Q3,8,August,35,Monday,0,0,2017-08-01
2017-08-29,20170829,2017,Q3,8,August,35,Tuesday,0,0,2017-08-01
2017-08-30,20170830,2017,Q3,8,August,35,Wednesday,0,0,2017-08-01
2017-08-31,20170831,2017,Q3,8,August,35,Thursday,0,1,2017-08-01
